Date;Maturity;Instrument;Currency;Quote;UnderlyingIndex;UnderlyingTenor;UnderlyingPaymentFrequency;BasisIndex;BasisTenor;BasisPaymentFrequency;PaymentFrequencyFixed;DayCountFixed;DayCountFloat;DayCountBasis;RollConventionFixed;RollConventionFloat;RollConventionBasis;SpotLag
26.09.2025;7Y;OIS;USD;0,03449;SOFR;1D;1Y;;;;1Y;Act360;Act360;;ModifiedFollowing;ModifiedFollowing;;2D
26.09.2025;14D;OIS;EUR;0,02013;EONIA;1D;14D;;;;14D;Act360;Act360;;ModifiedFollowing;ModifiedFollowing;;2D
26.09.2025;1M;OIS;EUR;0,02013;EONIA;1D;1M;;;;1M;Act360;Act360;;ModifiedFollowing;ModifiedFollowing;;2D
26.09.2025;2M;OIS;EUR;0,02012;EONIA;1D;2M;;;;2M;Act360;Act360;;ModifiedFollowing;ModifiedFollowing;;2D
26.09.2025;3M;OIS;EUR;0,02016;EONIA;1D;3M;;;;3M;Act360;Act360;;ModifiedFollowing;ModifiedFollowing;;2D
26.09.2025;4M;OIS;EUR;0,020105;EONIA;1D;4M;;;;4M;Act360;Act360;;ModifiedFollowing;ModifiedFollowing;;2D
26.09.2025;5M;OIS;EUR;0,020067;EONIA;1D;5M;;;;5M;Act360;Act360;;ModifiedFollowing;ModifiedFollowing;;2D
26.09.2025;6M;OIS;EUR;0,02004;EONIA;1D;6M;;;;6M;Act360;Act360;;ModifiedFollowing;ModifiedFollowing;;2D
26.09.2025;7M;OIS;EUR;0,01997;EONIA;1D;7M;;;;7M;Act360;Act360;;ModifiedFollowing;ModifiedFollowing;;2D
26.09.2025;8M;OIS;EUR;0,019935;EONIA;1D;8M;;;;8M;Act360;Act360;;ModifiedFollowing;ModifiedFollowing;;2D
26.09.2025;9M;OIS;EUR;0,019895;EONIA;1D;9M;;;;9M;Act360;Act360;;ModifiedFollowing;ModifiedFollowing;;2D
26.09.2025;10M;OIS;EUR;0,019855;EONIA;1D;1Y;;;;1Y;Act360;Act360;;ModifiedFollowing;ModifiedFollowing;;2D
26.09.2025;11M;OIS;EUR;0,01983;EONIA;1D;1Y;;;;1Y;Act360;Act360;;ModifiedFollowing;ModifiedFollowing;;2D
26.09.2025;1Y;OIS;EUR;0,01981;EONIA;1D;1Y;;;;1Y;Act360;Act360;;ModifiedFollowing;ModifiedFollowing;;2D
26.09.2025;18M;OIS;EUR;0,019835;EONIA;1D;1Y;;;;1Y;Act360;Act360;;ModifiedFollowing;ModifiedFollowing;;2D
26.09.2025;2Y;OIS;EUR;0,020193;EONIA;1D;1Y;;;;1Y;Act360;Act360;;ModifiedFollowing;ModifiedFollowing;;2D
26.09.2025;3Y;OIS;EUR;0,02114;EONIA;1D;1Y;;;;1Y;Act360;Act360;;ModifiedFollowing;ModifiedFollowing;;2D
26.09.2025;4Y;OIS;EUR;0,022055;EONIA;1D;1Y;;;;1Y;Act360;Act360;;ModifiedFollowing;ModifiedFollowing;;2D
26.09.2025;5Y;OIS;EUR;0,022937;EONIA;1D;1Y;;;;1Y;Act360;Act360;;ModifiedFollowing;ModifiedFollowing;;2D
26.09.2025;6Y;OIS;EUR;0,023726;EONIA;1D;1Y;;;;1Y;Act360;Act360;;ModifiedFollowing;ModifiedFollowing;;2D
26.09.2025;7Y;OIS;EUR;0,024446;EONIA;1D;1Y;;;;1Y;Act360;Act360;;ModifiedFollowing;ModifiedFollowing;;2D
26.09.2025;8Y;OIS;EUR;0,025137;EONIA;1D;1Y;;;;1Y;Act360;Act360;;ModifiedFollowing;ModifiedFollowing;;2D
26.09.2025;9Y;OIS;EUR;0,025791;EONIA;1D;1Y;;;;1Y;Act360;Act360;;ModifiedFollowing;ModifiedFollowing;;2D
26.09.2025;10Y;OIS;EUR;0,026389;EONIA;1D;1Y;;;;1Y;Act360;Act360;;ModifiedFollowing;ModifiedFollowing;;2D
26.09.2025;15Y;OIS;EUR;0,0285;EONIA;1D;1Y;;;;1Y;Act360;Act360;;ModifiedFollowing;ModifiedFollowing;;2D
26.09.2025;20Y;OIS;EUR;0,029255;EONIA;1D;1Y;;;;1Y;Act360;Act360;;ModifiedFollowing;ModifiedFollowing;;2D
26.09.2025;30Y;OIS;EUR;0,02918;EONIA;1D;1Y;;;;1Y;Act360;Act360;;ModifiedFollowing;ModifiedFollowing;;2D
26.09.2025;1Y;IRS;EUR;0,02034;EURIBOR;3M;3M;;;;1Y;Act360;Act360;;ModifiedFollowing;ModifiedFollowing;;2D
26.09.2025;2Y;IRS;EUR;0,020817;EURIBOR;3M;3M;;;;1Y;Act360;Act360;;ModifiedFollowing;ModifiedFollowing;;2D
26.09.2025;3Y;IRS;EUR;0,021765;EURIBOR;3M;3M;;;;1Y;Act360;Act360;;ModifiedFollowing;ModifiedFollowing;;2D
26.09.2025;4Y;IRS;EUR;0,022695;EURIBOR;3M;3M;;;;1Y;Act360;Act360;;ModifiedFollowing;ModifiedFollowing;;2D
26.09.2025;5Y;IRS;EUR;0,023525;EURIBOR;3M;3M;;;;1Y;Act360;Act360;;ModifiedFollowing;ModifiedFollowing;;2D
26.09.2025;6Y;IRS;EUR;0,024294;EURIBOR;3M;3M;;;;1Y;Act360;Act360;;ModifiedFollowing;ModifiedFollowing;;2D
26.09.2025;7Y;IRS;EUR;0,024998;EURIBOR;3M;3M;;;;1Y;Act360;Act360;;ModifiedFollowing;ModifiedFollowing;;2D
26.09.2025;8Y;IRS;EUR;0,025665;EURIBOR;3M;3M;;;;1Y;Act360;Act360;;ModifiedFollowing;ModifiedFollowing;;2D
26.09.2025;9Y;IRS;EUR;0,0263;EURIBOR;3M;3M;;;;1Y;Act360;Act360;;ModifiedFollowing;ModifiedFollowing;;2D
26.09.2025;10Y;IRS;EUR;0,026875;EURIBOR;3M;3M;;;;1Y;Act360;Act360;;ModifiedFollowing;ModifiedFollowing;;2D
26.09.2025;11Y;IRS;EUR;0,02742;EURIBOR;3M;3M;;;;1Y;Act360;Act360;;ModifiedFollowing;ModifiedFollowing;;2D
26.09.2025;12Y;IRS;EUR;0,027885;EURIBOR;3M;3M;;;;1Y;Act360;Act360;;ModifiedFollowing;ModifiedFollowing;;2D
26.09.2025;15Y;IRS;EUR;0,028955;EURIBOR;3M;3M;;;;1Y;Act360;Act360;;ModifiedFollowing;ModifiedFollowing;;2D
26.09.2025;20Y;IRS;EUR;0,029665;EURIBOR;3M;3M;;;;1Y;Act360;Act360;;ModifiedFollowing;ModifiedFollowing;;2D
26.09.2025;25Y;IRS;EUR;0,029668;EURIBOR;3M;3M;;;;1Y;Act360;Act360;;ModifiedFollowing;ModifiedFollowing;;2D
26.09.2025;30Y;IRS;EUR;0,02953;EURIBOR;3M;3M;;;;1Y;Act360;Act360;;ModifiedFollowing;ModifiedFollowing;;2D
26.09.2025;40Y;IRS;EUR;0,02915;EURIBOR;3M;3M;;;;1Y;Act360;Act360;;ModifiedFollowing;ModifiedFollowing;;2D
26.09.2025;50Y;IRS;EUR;0,028526;EURIBOR;3M;3M;;;;1Y;Act360;Act360;;ModifiedFollowing;ModifiedFollowing;;2D
26.09.2025;60Y;IRS;EUR;0,02809;EURIBOR;3M;3M;;;;1Y;Act360;Act360;;ModifiedFollowing;ModifiedFollowing;;2D
26.09.2025;2M;IRS;EUR;0,01903;EURIBOR;1M;1M;;;;1Y;Act360;Act360;;ModifiedFollowing;ModifiedFollowing;;2D
26.09.2025;3M;IRS;EUR;0,01907;EURIBOR;1M;1M;;;;1Y;Act360;Act360;;ModifiedFollowing;ModifiedFollowing;;2D
26.09.2025;4M;IRS;EUR;0,01908;EURIBOR;1M;1M;;;;1Y;Act360;Act360;;ModifiedFollowing;ModifiedFollowing;;2D
26.09.2025;5M;IRS;EUR;0,0191;EURIBOR;1M;1M;;;;1Y;Act360;Act360;;ModifiedFollowing;ModifiedFollowing;;2D
26.09.2025;6M;IRS;EUR;0,01909;EURIBOR;1M;1M;;;;1Y;Act360;Act360;;ModifiedFollowing;ModifiedFollowing;;2D
26.09.2025;7M;IRS;EUR;0,01905;EURIBOR;1M;1M;;;;1Y;Act360;Act360;;ModifiedFollowing;ModifiedFollowing;;2D
26.09.2025;8M;IRS;EUR;0,01903;EURIBOR;1M;1M;;;;1Y;Act360;Act360;;ModifiedFollowing;ModifiedFollowing;;2D
26.09.2025;9M;IRS;EUR;0,01901;EURIBOR;1M;1M;;;;1Y;Act360;Act360;;ModifiedFollowing;ModifiedFollowing;;2D
26.09.2025;10M;IRS;EUR;0,01899;EURIBOR;1M;1M;;;;1Y;Act360;Act360;;ModifiedFollowing;ModifiedFollowing;;2D
26.09.2025;11M;IRS;EUR;0,01898;EURIBOR;1M;1M;;;;1Y;Act360;Act360;;ModifiedFollowing;ModifiedFollowing;;2D
26.09.2025;7D;OIS;USD;0,04095;SOFR;1D;7D;;;;7D;Act360;Act360;;ModifiedFollowing;ModifiedFollowing;;2D
26.09.2025;14D;OIS;USD;0,04097;SOFR;1D;14D;;;;14D;Act360;Act360;;ModifiedFollowing;ModifiedFollowing;;2D
26.09.2025;1M;OIS;USD;0,04101;SOFR;1D;1M;;;;1M;Act360;Act360;;ModifiedFollowing;ModifiedFollowing;;2D
26.09.2025;2M;OIS;USD;0,04001;SOFR;1D;2M;;;;2M;Act360;Act360;;ModifiedFollowing;ModifiedFollowing;;2D
26.09.2025;3M;OIS;USD;0,03932;SOFR;1D;3M;;;;3M;Act360;Act360;;ModifiedFollowing;ModifiedFollowing;;2D
26.09.2025;4M;OIS;USD;0,03883;SOFR;1D;4M;;;;4M;Act360;Act360;;ModifiedFollowing;ModifiedFollowing;;2D
26.09.2025;5M;OIS;USD;0,03843;SOFR;1D;5M;;;;5M;Act360;Act360;;ModifiedFollowing;ModifiedFollowing;;2D
26.09.2025;6M;OIS;USD;0,03809;SOFR;1D;6M;;;;6M;Act360;Act360;;ModifiedFollowing;ModifiedFollowing;;2D
26.09.2025;7M;OIS;USD;0,03779;SOFR;1D;7M;;;;7M;Act360;Act360;;ModifiedFollowing;ModifiedFollowing;;2D
26.09.2025;8M;OIS;USD;0,03749;SOFR;1D;8M;;;;8M;Act360;Act360;;ModifiedFollowing;ModifiedFollowing;;2D
26.09.2025;9M;OIS;USD;0,0372;SOFR;1D;9M;;;;9M;Act360;Act360;;ModifiedFollowing;ModifiedFollowing;;2D
26.09.2025;10M;OIS;USD;0,03691;SOFR;1D;1Y;;;;1Y;Act360;Act360;;ModifiedFollowing;ModifiedFollowing;;2D
26.09.2025;11M;OIS;USD;0,03659;SOFR;1D;1Y;;;;1Y;Act360;Act360;;ModifiedFollowing;ModifiedFollowing;;2D
26.09.2025;1Y;OIS;USD;0,03631;SOFR;1D;1Y;;;;1Y;Act360;Act360;;ModifiedFollowing;ModifiedFollowing;;2D
26.09.2025;18M;OIS;USD;0,03458;SOFR;1D;1Y;;;;1Y;Act360;Act360;;ModifiedFollowing;ModifiedFollowing;;2D
26.09.2025;2Y;OIS;USD;0,033778;SOFR;1D;1Y;;;;1Y;Act360;Act360;;ModifiedFollowing;ModifiedFollowing;;2D
26.09.2025;3Y;OIS;USD;0,0332;SOFR;1D;1Y;;;;1Y;Act360;Act360;;ModifiedFollowing;ModifiedFollowing;;2D
26.09.2025;4Y;OIS;USD;0,03322;SOFR;1D;1Y;;;;1Y;Act360;Act360;;ModifiedFollowing;ModifiedFollowing;;2D
26.09.2025;5Y;OIS;USD;0,03347;SOFR;1D;1Y;;;;1Y;Act360;Act360;;ModifiedFollowing;ModifiedFollowing;;2D
26.09.2025;6Y;OIS;USD;0,03394;SOFR;1D;1Y;;;;1Y;Act360;Act360;;ModifiedFollowing;ModifiedFollowing;;2D
26.09.2025;7D;OIS;EUR;0,02011;EONIA;1D;7D;;;;7D;Act360;Act360;;ModifiedFollowing;ModifiedFollowing;;2D
26.09.2025;8Y;OIS;USD;0,03506;SOFR;1D;1Y;;;;1Y;Act360;Act360;;ModifiedFollowing;ModifiedFollowing;;2D
26.09.2025;9Y;OIS;USD;0,0356;SOFR;1D;1Y;;;;1Y;Act360;Act360;;ModifiedFollowing;ModifiedFollowing;;2D
26.09.2025;10Y;OIS;USD;0,03611;SOFR;1D;1Y;;;;1Y;Act360;Act360;;ModifiedFollowing;ModifiedFollowing;;2D
26.09.2025;12Y;OIS;USD;0,03715;SOFR;1D;1Y;;;;1Y;Act360;Act360;;ModifiedFollowing;ModifiedFollowing;;2D
26.09.2025;15Y;OIS;USD;0,03826;SOFR;1D;1Y;;;;1Y;Act360;Act360;;ModifiedFollowing;ModifiedFollowing;;2D
26.09.2025;20Y;OIS;USD;0,03913;SOFR;1D;1Y;;;;1Y;Act360;Act360;;ModifiedFollowing;ModifiedFollowing;;2D
26.09.2025;25Y;OIS;USD;0,03915;SOFR;1D;1Y;;;;1Y;Act360;Act360;;ModifiedFollowing;ModifiedFollowing;;2D
26.09.2025;30Y;OIS;USD;0,03872;SOFR;1D;1Y;;;;1Y;Act360;Act360;;ModifiedFollowing;ModifiedFollowing;;2D
26.09.2025;35Y;OIS;USD;0,03816;SOFR;1D;1Y;;;;1Y;Act360;Act360;;ModifiedFollowing;ModifiedFollowing;;2D
26.09.2025;40Y;OIS;USD;0,0376;SOFR;1D;1Y;;;;1Y;Act360;Act360;;ModifiedFollowing;ModifiedFollowing;;2D
26.09.2025;50Y;OIS;USD;0,03635;SOFR;1D;1Y;;;;1Y;Act360;Act360;;ModifiedFollowing;ModifiedFollowing;;2D
26.09.2025;7D;OIS;GBP;0,03971;SONIA;1D;7D;;;;7D;Act360;Act360;;ModifiedFollowing;ModifiedFollowing;;2D
26.09.2025;14D;OIS;GBP;0,03972;SONIA;1D;14D;;;;14D;Act360;Act360;;ModifiedFollowing;ModifiedFollowing;;2D
26.09.2025;1M;OIS;GBP;0,03976;SONIA;1D;1M;;;;1M;Act360;Act360;;ModifiedFollowing;ModifiedFollowing;;2D
26.09.2025;2M;OIS;GBP;0,03976;SONIA;1D;2M;;;;2M;Act360;Act360;;ModifiedFollowing;ModifiedFollowing;;2D
26.09.2025;3M;OIS;GBP;0,03974;SONIA;1D;3M;;;;3M;Act360;Act360;;ModifiedFollowing;ModifiedFollowing;;2D
26.09.2025;4M;OIS;GBP;0,0397;SONIA;1D;4M;;;;4M;Act360;Act360;;ModifiedFollowing;ModifiedFollowing;;2D
26.09.2025;5M;OIS;GBP;0,03955;SONIA;1D;5M;;;;5M;Act360;Act360;;ModifiedFollowing;ModifiedFollowing;;2D
26.09.2025;6M;OIS;GBP;0,03941;SONIA;1D;6M;;;;6M;Act360;Act360;;ModifiedFollowing;ModifiedFollowing;;2D
26.09.2025;7M;OIS;GBP;0,03929;SONIA;1D;7M;;;;7M;Act360;Act360;;ModifiedFollowing;ModifiedFollowing;;2D
26.09.2025;8M;OIS;GBP;0,03913;SONIA;1D;8M;;;;8M;Act360;Act360;;ModifiedFollowing;ModifiedFollowing;;2D
26.09.2025;9M;OIS;GBP;0,039;SONIA;1D;9M;;;;9M;Act360;Act360;;ModifiedFollowing;ModifiedFollowing;;2D
26.09.2025;10M;OIS;GBP;0,03889;SONIA;1D;1Y;;;;1Y;Act360;Act360;;ModifiedFollowing;ModifiedFollowing;;2D
26.09.2025;11M;OIS;GBP;0,03878;SONIA;1D;1Y;;;;1Y;Act360;Act360;;ModifiedFollowing;ModifiedFollowing;;2D
26.09.2025;1Y;OIS;GBP;0,03868;SONIA;1D;1Y;;;;1Y;Act360;Act360;;ModifiedFollowing;ModifiedFollowing;;2D
26.09.2025;18M;OIS;GBP;0,03793;SONIA;1D;1Y;;;;1Y;Act360;Act360;;ModifiedFollowing;ModifiedFollowing;;2D
26.09.2025;2Y;OIS;GBP;0,03781;SONIA;1D;1Y;;;;1Y;Act360;Act360;;ModifiedFollowing;ModifiedFollowing;;2D
26.09.2025;3Y;OIS;GBP;0,03786;SONIA;1D;1Y;;;;1Y;Act360;Act360;;ModifiedFollowing;ModifiedFollowing;;2D
26.09.2025;4Y;OIS;GBP;0,03818;SONIA;1D;1Y;;;;1Y;Act360;Act360;;ModifiedFollowing;ModifiedFollowing;;2D
26.09.2025;5Y;OIS;GBP;0,03863;SONIA;1D;1Y;;;;1Y;Act360;Act360;;ModifiedFollowing;ModifiedFollowing;;2D
26.09.2025;6Y;OIS;GBP;0,03918;SONIA;1D;1Y;;;;1Y;Act360;Act360;;ModifiedFollowing;ModifiedFollowing;;2D
26.09.2025;7Y;OIS;GBP;0,03981;SONIA;1D;1Y;;;;1Y;Act360;Act360;;ModifiedFollowing;ModifiedFollowing;;2D
26.09.2025;8Y;OIS;GBP;0,04049;SONIA;1D;1Y;;;;1Y;Act360;Act360;;ModifiedFollowing;ModifiedFollowing;;2D
26.09.2025;9Y;OIS;GBP;0,04118;SONIA;1D;1Y;;;;1Y;Act360;Act360;;ModifiedFollowing;ModifiedFollowing;;2D
26.09.2025;10Y;OIS;GBP;0,04185;SONIA;1D;1Y;;;;1Y;Act360;Act360;;ModifiedFollowing;ModifiedFollowing;;2D
26.09.2025;12Y;OIS;GBP;0,0431;SONIA;1D;1Y;;;;1Y;Act360;Act360;;ModifiedFollowing;ModifiedFollowing;;2D
26.09.2025;15Y;OIS;GBP;0,04459;SONIA;1D;1Y;;;;1Y;Act360;Act360;;ModifiedFollowing;ModifiedFollowing;;2D
26.09.2025;20Y;OIS;GBP;0,04605;SONIA;1D;1Y;;;;1Y;Act360;Act360;;ModifiedFollowing;ModifiedFollowing;;2D
26.09.2025;25Y;OIS;GBP;0,04666;SONIA;1D;1Y;;;;1Y;Act360;Act360;;ModifiedFollowing;ModifiedFollowing;;2D
26.09.2025;30Y;OIS;GBP;0,04673;SONIA;1D;1Y;;;;1Y;Act360;Act360;;ModifiedFollowing;ModifiedFollowing;;2D
26.09.2025;40Y;OIS;GBP;0,0461;SONIA;1D;1Y;;;;1Y;Act360;Act360;;ModifiedFollowing;ModifiedFollowing;;2D
26.09.2025;50Y;OIS;GBP;0,04514;SONIA;1D;1Y;;;;1Y;Act360;Act360;;ModifiedFollowing;ModifiedFollowing;;2D
26.09.2025;1M;DEPOSIT;EUR;0,01975;EURIBOR;1M;1M;;;;1M;Act360;Act360;;ModifiedFollowing;ModifiedFollowing;;2D
26.09.2025;3M;DEPOSIT;EUR;0,022;EURIBOR;3M;3M;;;;3M;Act360;Act360;;ModifiedFollowing;ModifiedFollowing;;2D
26.09.2025;6M;DEPOSIT;EUR;0,0192;EURIBOR;6M;6M;;;;6M;Act360;Act360;;ModifiedFollowing;ModifiedFollowing;;2D
26.09.2025;12M;DEPOSIT;EUR;0,0217;EURIBOR;12M;1Y;;;;1Y;Act360;Act360;;ModifiedFollowing;ModifiedFollowing;;2D
26.09.2025;1M;DEPOSIT;USD;0,0418;LIBOR;1M;1M;;;;1M;Act360;Act360;;ModifiedFollowing;ModifiedFollowing;;2D
26.09.2025;3M;DEPOSIT;USD;0,04105;LIBOR;3M;3M;;;;3M;Act360;Act360;;ModifiedFollowing;ModifiedFollowing;;2D
26.09.2025;6M;DEPOSIT;USD;0,04085;LIBOR;6M;6M;;;;6M;Act360;Act360;;ModifiedFollowing;ModifiedFollowing;;2D
26.09.2025;12M;DEPOSIT;USD;0,04025;LIBOR;12M;1Y;;;;1Y;Act360;Act360;;ModifiedFollowing;ModifiedFollowing;;2D
26.09.2025;1M;DEPOSIT;GBP;0,04055;LIBOR;1M;1M;;;;1M;Act360;Act360;;ModifiedFollowing;ModifiedFollowing;;2D
26.09.2025;3M;DEPOSIT;GBP;0,0414;LIBOR;3M;3M;;;;3M;Act360;Act360;;ModifiedFollowing;ModifiedFollowing;;2D
26.09.2025;6M;DEPOSIT;GBP;0,0422;LIBOR;6M;6M;;;;6M;Act360;Act360;;ModifiedFollowing;ModifiedFollowing;;2D
26.09.2025;12M;DEPOSIT;GBP;0,0421;LIBOR;12M;1Y;;;;1Y;Act360;Act360;;ModifiedFollowing;ModifiedFollowing;;2D
26.09.2025;1Mx4M;FRA;EUR;0,02023;EURIBOR;3M;3M;;;;3M;Act360;Act360;;ModifiedFollowing;ModifiedFollowing;;2D
26.09.2025;2Mx5M;FRA;EUR;0,02022;EURIBOR;3M;3M;;;;3M;Act360;Act360;;ModifiedFollowing;ModifiedFollowing;;2D
26.09.2025;3Mx6M;FRA;EUR;0,02012;EURIBOR;3M;3M;;;;3M;Act360;Act360;;ModifiedFollowing;ModifiedFollowing;;2D
26.09.2025;4Mx7M;FRA;EUR;0,01999;EURIBOR;3M;3M;;;;3M;Act360;Act360;;ModifiedFollowing;ModifiedFollowing;;2D
26.09.2025;5Mx8M;FRA;EUR;0,01988;EURIBOR;3M;3M;;;;3M;Act360;Act360;;ModifiedFollowing;ModifiedFollowing;;2D
26.09.2025;6Mx9M;FRA;EUR;0,0198;EURIBOR;3M;3M;;;;3M;Act360;Act360;;ModifiedFollowing;ModifiedFollowing;;2D
26.09.2025;7Mx10M;FRA;EUR;0,01975;EURIBOR;3M;3M;;;;3M;Act360;Act360;;ModifiedFollowing;ModifiedFollowing;;2D
26.09.2025;8Mx11M;FRA;EUR;0,01971;EURIBOR;3M;3M;;;;3M;Act360;Act360;;ModifiedFollowing;ModifiedFollowing;;2D
26.09.2025;1Mx7M;FRA;EUR;0,02132;EURIBOR;3M;3M;;;;3M;Act360;Act360;;ModifiedFollowing;ModifiedFollowing;;2D
26.09.2025;2Mx8M;FRA;EUR;0,02106;EURIBOR;3M;3M;;;;3M;Act360;Act360;;ModifiedFollowing;ModifiedFollowing;;2D
26.09.2025;3Mx9M;FRA;EUR;0,02099;EURIBOR;3M;3M;;;;3M;Act360;Act360;;ModifiedFollowing;ModifiedFollowing;;2D
26.09.2025;4Mx10M;FRA;EUR;0,02089;EURIBOR;3M;3M;;;;3M;Act360;Act360;;ModifiedFollowing;ModifiedFollowing;;2D
26.09.2025;5Mx11M;FRA;EUR;0,02079;EURIBOR;3M;3M;;;;3M;Act360;Act360;;ModifiedFollowing;ModifiedFollowing;;2D
26.09.2025;1Mx13M;FRA;EUR;0,02188;EURIBOR;3M;3M;;;;3M;Act360;Act360;;ModifiedFollowing;ModifiedFollowing;;2D
26.09.2025;2Mx14M;FRA;EUR;0,02186;EURIBOR;3M;3M;;;;3M;Act360;Act360;;ModifiedFollowing;ModifiedFollowing;;2D
26.09.2025;3Mx15M;FRA;EUR;0,02192;EURIBOR;3M;3M;;;;3M;Act360;Act360;;ModifiedFollowing;ModifiedFollowing;;2D
26.09.2025;4Mx16M;FRA;EUR;0,02185;EURIBOR;3M;3M;;;;3M;Act360;Act360;;ModifiedFollowing;ModifiedFollowing;;2D
26.09.2025;5Mx17M;FRA;EUR;0,02187;EURIBOR;3M;3M;;;;3M;Act360;Act360;;ModifiedFollowing;ModifiedFollowing;;2D
26.09.2025;6Mx18M;FRA;EUR;0,022;EURIBOR;3M;3M;;;;3M;Act360;Act360;;ModifiedFollowing;ModifiedFollowing;;2D
26.09.2025;7Mx19M;FRA;EUR;0,02202;EURIBOR;3M;3M;;;;3M;Act360;Act360;;ModifiedFollowing;ModifiedFollowing;;2D
26.09.2025;8Mx20M;FRA;EUR;0,02212;EURIBOR;3M;3M;;;;3M;Act360;Act360;;ModifiedFollowing;ModifiedFollowing;;2D
26.09.2025;9Mx21M;FRA;EUR;0,02228;EURIBOR;3M;3M;;;;3M;Act360;Act360;;ModifiedFollowing;ModifiedFollowing;;2D
26.09.2025;10Mx22M;FRA;EUR;0,0224;EURIBOR;3M;3M;;;;3M;Act360;Act360;;ModifiedFollowing;ModifiedFollowing;;2D
26.09.2025;11Mx23M;FRA;EUR;0,02257;EURIBOR;3M;3M;;;;3M;Act360;Act360;;ModifiedFollowing;ModifiedFollowing;;2D
26.09.2025;1Mx4M;FRA;USD;0,04137;LIBOR;3M;3M;;;;3M;Act360;Act360;;ModifiedFollowing;ModifiedFollowing;;2D
26.09.2025;2Mx5M;FRA;USD;0,0405;LIBOR;3M;3M;;;;3M;Act360;Act360;;ModifiedFollowing;ModifiedFollowing;;2D
26.09.2025;3Mx6M;FRA;USD;0,03973;LIBOR;3M;3M;;;;3M;Act360;Act360;;ModifiedFollowing;ModifiedFollowing;;2D
26.09.2025;4Mx7M;FRA;USD;0,03911;LIBOR;3M;3M;;;;3M;Act360;Act360;;ModifiedFollowing;ModifiedFollowing;;2D
26.09.2025;5Mx8M;FRA;USD;0,03861;LIBOR;3M;3M;;;;3M;Act360;Act360;;ModifiedFollowing;ModifiedFollowing;;2D
26.09.2025;6Mx9M;FRA;USD;0,03804;LIBOR;3M;3M;;;;3M;Act360;Act360;;ModifiedFollowing;ModifiedFollowing;;2D
26.09.2025;7Mx10M;FRA;USD;0,03733;LIBOR;3M;3M;;;;3M;Act360;Act360;;ModifiedFollowing;ModifiedFollowing;;2D
26.09.2025;8Mx11M;FRA;USD;0,03669;LIBOR;3M;3M;;;;3M;Act360;Act360;;ModifiedFollowing;ModifiedFollowing;;2D
26.09.2025;1Mx7M;FRA;USD;0,04209;LIBOR;3M;3M;;;;3M;Act360;Act360;;ModifiedFollowing;ModifiedFollowing;;2D
26.09.2025;2Mx8M;FRA;USD;0,0414;LIBOR;3M;3M;;;;3M;Act360;Act360;;ModifiedFollowing;ModifiedFollowing;;2D
26.09.2025;3Mx9M;FRA;USD;0,0407;LIBOR;3M;3M;;;;3M;Act360;Act360;;ModifiedFollowing;ModifiedFollowing;;2D
26.09.2025;4Mx10M;FRA;USD;0,04004;LIBOR;3M;3M;;;;3M;Act360;Act360;;ModifiedFollowing;ModifiedFollowing;;2D
26.09.2025;5Mx11M;FRA;USD;0,03948;LIBOR;3M;3M;;;;3M;Act360;Act360;;ModifiedFollowing;ModifiedFollowing;;2D
26.09.2025;1Mx4M;FRA;GBP;0,04066;LIBOR;3M;3M;;;;3M;Act360;Act360;;ModifiedFollowing;ModifiedFollowing;;2D
26.09.2025;2Mx5M;FRA;GBP;0,04031;LIBOR;3M;3M;;;;3M;Act360;Act360;;ModifiedFollowing;ModifiedFollowing;;2D
26.09.2025;3Mx6M;FRA;GBP;0,03989;LIBOR;3M;3M;;;;3M;Act360;Act360;;ModifiedFollowing;ModifiedFollowing;;2D
26.09.2025;4Mx7M;FRA;GBP;0,03947;LIBOR;3M;3M;;;;3M;Act360;Act360;;ModifiedFollowing;ModifiedFollowing;;2D
26.09.2025;5Mx8M;FRA;GBP;0,03903;LIBOR;3M;3M;;;;3M;Act360;Act360;;ModifiedFollowing;ModifiedFollowing;;2D
26.09.2025;6Mx9M;FRA;GBP;0,03868;LIBOR;3M;3M;;;;3M;Act360;Act360;;ModifiedFollowing;ModifiedFollowing;;2D
26.09.2025;7Mx10M;FRA;GBP;0,03829;LIBOR;3M;3M;;;;3M;Act360;Act360;;ModifiedFollowing;ModifiedFollowing;;2D
26.09.2025;8Mx11M;FRA;GBP;0,03805;LIBOR;3M;3M;;;;3M;Act360;Act360;;ModifiedFollowing;ModifiedFollowing;;2D
26.09.2025;1Mx7M;FRA;GBP;0,04183;LIBOR;3M;3M;;;;3M;Act360;Act360;;ModifiedFollowing;ModifiedFollowing;;2D
26.09.2025;2Mx8M;FRA;GBP;0,04143;LIBOR;3M;3M;;;;3M;Act360;Act360;;ModifiedFollowing;ModifiedFollowing;;2D
26.09.2025;3Mx9M;FRA;GBP;0,04103;LIBOR;3M;3M;;;;3M;Act360;Act360;;ModifiedFollowing;ModifiedFollowing;;2D
26.09.2025;4Mx10M;FRA;GBP;0,04063;LIBOR;3M;3M;;;;3M;Act360;Act360;;ModifiedFollowing;ModifiedFollowing;;2D
26.09.2025;5Mx11M;FRA;GBP;0,04035;LIBOR;3M;3M;;;;3M;Act360;Act360;;ModifiedFollowing;ModifiedFollowing;;2D
25.09.2025;6Y;OIS;EUR;0,023475;EONIA;1D;1Y;;;;1Y;Act360;Act360;;ModifiedFollowing;ModifiedFollowing;;2D
25.09.2025;14D;OIS;EUR;0,02014;EONIA;1D;14D;;;;14D;Act360;Act360;;ModifiedFollowing;ModifiedFollowing;;2D
25.09.2025;7Mx10M;FRA;EUR;0,01966;EURIBOR;3M;3M;;;;3M;Act360;Act360;;ModifiedFollowing;ModifiedFollowing;;2D
25.09.2025;60Y;IRS;EUR;0,02805;EURIBOR;3M;3M;;;;1Y;Act360;Act360;;ModifiedFollowing;ModifiedFollowing;;2D
25.09.2025;1Y;OIS;USD;0,03573;SOFR;1D;1Y;;;;1Y;Act360;Act360;;ModifiedFollowing;ModifiedFollowing;;2D
25.09.2025;20Y;OIS;GBP;0,0456;SONIA;1D;1Y;;;;1Y;Act360;Act360;;ModifiedFollowing;ModifiedFollowing;;2D
25.09.2025;5M;IRS;EUR;0,01912;EURIBOR;1M;1M;;;;1Y;Act360;Act360;;ModifiedFollowing;ModifiedFollowing;;2D
25.09.2025;8Mx11M;FRA;EUR;0,0196;EURIBOR;3M;3M;;;;3M;Act360;Act360;;ModifiedFollowing;ModifiedFollowing;;2D
25.09.2025;14D;OIS;USD;0,04093;SOFR;1D;14D;;;;14D;Act360;Act360;;ModifiedFollowing;ModifiedFollowing;;2D
25.09.2025;1Y;OIS;EUR;0,01976;EONIA;1D;1Y;;;;1Y;Act360;Act360;;ModifiedFollowing;ModifiedFollowing;;2D
25.09.2025;10M;OIS;GBP;0,03871;SONIA;1D;1Y;;;;1Y;Act360;Act360;;ModifiedFollowing;ModifiedFollowing;;2D
25.09.2025;25Y;OIS;GBP;0,04622;SONIA;1D;1Y;;;;1Y;Act360;Act360;;ModifiedFollowing;ModifiedFollowing;;2D
25.09.2025;18M;OIS;USD;0,03396;SOFR;1D;1Y;;;;1Y;Act360;Act360;;ModifiedFollowing;ModifiedFollowing;;2D
25.09.2025;5Mx8M;FRA;USD;0,03794;LIBOR;3M;3M;;;;3M;Act360;Act360;;ModifiedFollowing;ModifiedFollowing;;2D
25.09.2025;4Mx7M;FRA;GBP;0,03926;LIBOR;3M;3M;;;;3M;Act360;Act360;;ModifiedFollowing;ModifiedFollowing;;2D
25.09.2025;5Y;IRS;EUR;0,023284;EURIBOR;3M;3M;;;;1Y;Act360;Act360;;ModifiedFollowing;ModifiedFollowing;;2D
25.09.2025;1Mx7M;FRA;EUR;0,02105;EURIBOR;3M;3M;;;;3M;Act360;Act360;;ModifiedFollowing;ModifiedFollowing;;2D
25.09.2025;1M;OIS;USD;0,04097;SOFR;1D;1M;;;;1M;Act360;Act360;;ModifiedFollowing;ModifiedFollowing;;2D
25.09.2025;3Mx6M;FRA;USD;0,03939;LIBOR;3M;3M;;;;3M;Act360;Act360;;ModifiedFollowing;ModifiedFollowing;;2D
25.09.2025;2Y;OIS;USD;0,033128;SOFR;1D;1Y;;;;1Y;Act360;Act360;;ModifiedFollowing;ModifiedFollowing;;2D
25.09.2025;3Y;OIS;USD;0,03253;SOFR;1D;1Y;;;;1Y;Act360;Act360;;ModifiedFollowing;ModifiedFollowing;;2D
25.09.2025;11M;OIS;GBP;0,03858;SONIA;1D;1Y;;;;1Y;Act360;Act360;;ModifiedFollowing;ModifiedFollowing;;2D
25.09.2025;2Mx8M;FRA;EUR;0,02101;EURIBOR;3M;3M;;;;3M;Act360;Act360;;ModifiedFollowing;ModifiedFollowing;;2D
25.09.2025;2M;OIS;USD;0,03994;SOFR;1D;2M;;;;2M;Act360;Act360;;ModifiedFollowing;ModifiedFollowing;;2D
25.09.2025;4Y;OIS;USD;0,03255;SOFR;1D;1Y;;;;1Y;Act360;Act360;;ModifiedFollowing;ModifiedFollowing;;2D
25.09.2025;5M;OIS;EUR;0,02007;EONIA;1D;5M;;;;5M;Act360;Act360;;ModifiedFollowing;ModifiedFollowing;;2D
25.09.2025;3M;IRS;EUR;0,01908;EURIBOR;1M;1M;;;;1Y;Act360;Act360;;ModifiedFollowing;ModifiedFollowing;;2D
25.09.2025;9M;OIS;EUR;0,01984;EONIA;1D;9M;;;;9M;Act360;Act360;;ModifiedFollowing;ModifiedFollowing;;2D
25.09.2025;7D;OIS;EUR;0,02017;EONIA;1D;7D;;;;7D;Act360;Act360;;ModifiedFollowing;ModifiedFollowing;;2D
25.09.2025;5Y;OIS;USD;0,0328;SOFR;1D;1Y;;;;1Y;Act360;Act360;;ModifiedFollowing;ModifiedFollowing;;2D
25.09.2025;8Mx11M;FRA;GBP;0,03766;LIBOR;3M;3M;;;;3M;Act360;Act360;;ModifiedFollowing;ModifiedFollowing;;2D
25.09.2025;3Mx9M;FRA;EUR;0,02092;EURIBOR;3M;3M;;;;3M;Act360;Act360;;ModifiedFollowing;ModifiedFollowing;;2D
25.09.2025;7M;OIS;GBP;0,03918;SONIA;1D;7M;;;;7M;Act360;Act360;;ModifiedFollowing;ModifiedFollowing;;2D
25.09.2025;9Y;OIS;GBP;0,04068;SONIA;1D;1Y;;;;1Y;Act360;Act360;;ModifiedFollowing;ModifiedFollowing;;2D
25.09.2025;8Mx11M;FRA;USD;0,03588;LIBOR;3M;3M;;;;3M;Act360;Act360;;ModifiedFollowing;ModifiedFollowing;;2D
25.09.2025;6M;IRS;EUR;0,01911;EURIBOR;1M;1M;;;;1Y;Act360;Act360;;ModifiedFollowing;ModifiedFollowing;;2D
25.09.2025;18M;OIS;EUR;0,01973;EONIA;1D;1Y;;;;1Y;Act360;Act360;;ModifiedFollowing;ModifiedFollowing;;2D
25.09.2025;4Mx7M;FRA;USD;0,03852;LIBOR;3M;3M;;;;3M;Act360;Act360;;ModifiedFollowing;ModifiedFollowing;;2D
25.09.2025;6Y;OIS;USD;0,03328;SOFR;1D;1Y;;;;1Y;Act360;Act360;;ModifiedFollowing;ModifiedFollowing;;2D
25.09.2025;11M;IRS;EUR;0,01896;EURIBOR;1M;1M;;;;1Y;Act360;Act360;;ModifiedFollowing;ModifiedFollowing;;2D
25.09.2025;8Y;IRS;EUR;0,025435;EURIBOR;3M;3M;;;;1Y;Act360;Act360;;ModifiedFollowing;ModifiedFollowing;;2D
25.09.2025;6Mx9M;FRA;GBP;0,03834;LIBOR;3M;3M;;;;3M;Act360;Act360;;ModifiedFollowing;ModifiedFollowing;;2D
25.09.2025;8M;OIS;GBP;0,039;SONIA;1D;8M;;;;8M;Act360;Act360;;ModifiedFollowing;ModifiedFollowing;;2D
25.09.2025;4Y;IRS;EUR;0,022471;EURIBOR;3M;3M;;;;1Y;Act360;Act360;;ModifiedFollowing;ModifiedFollowing;;2D
25.09.2025;3M;OIS;USD;0,0392;SOFR;1D;3M;;;;3M;Act360;Act360;;ModifiedFollowing;ModifiedFollowing;;2D
25.09.2025;4Mx10M;FRA;EUR;0,02078;EURIBOR;3M;3M;;;;3M;Act360;Act360;;ModifiedFollowing;ModifiedFollowing;;2D
25.09.2025;3Mx6M;FRA;GBP;0,03973;LIBOR;3M;3M;;;;3M;Act360;Act360;;ModifiedFollowing;ModifiedFollowing;;2D
25.09.2025;12Y;IRS;EUR;0,027725;EURIBOR;3M;3M;;;;1Y;Act360;Act360;;ModifiedFollowing;ModifiedFollowing;;2D
25.09.2025;4M;OIS;USD;0,03865;SOFR;1D;4M;;;;4M;Act360;Act360;;ModifiedFollowing;ModifiedFollowing;;2D
25.09.2025;8M;OIS;EUR;0,01989;EONIA;1D;8M;;;;8M;Act360;Act360;;ModifiedFollowing;ModifiedFollowing;;2D
25.09.2025;7Y;OIS;USD;0,03385;SOFR;1D;1Y;;;;1Y;Act360;Act360;;ModifiedFollowing;ModifiedFollowing;;2D
25.09.2025;1Y;OIS;GBP;0,03846;SONIA;1D;1Y;;;;1Y;Act360;Act360;;ModifiedFollowing;ModifiedFollowing;;2D
25.09.2025;8Y;OIS;EUR;0,024935;EONIA;1D;1Y;;;;1Y;Act360;Act360;;ModifiedFollowing;ModifiedFollowing;;2D
25.09.2025;5Mx11M;FRA;EUR;0,02067;EURIBOR;3M;3M;;;;3M;Act360;Act360;;ModifiedFollowing;ModifiedFollowing;;2D
25.09.2025;7Y;OIS;EUR;0,024225;EONIA;1D;1Y;;;;1Y;Act360;Act360;;ModifiedFollowing;ModifiedFollowing;;2D
25.09.2025;8Y;OIS;USD;0,03444;SOFR;1D;1Y;;;;1Y;Act360;Act360;;ModifiedFollowing;ModifiedFollowing;;2D
25.09.2025;50Y;IRS;EUR;0,028559;EURIBOR;3M;3M;;;;1Y;Act360;Act360;;ModifiedFollowing;ModifiedFollowing;;2D
25.09.2025;2M;OIS;EUR;0,02013;EONIA;1D;2M;;;;2M;Act360;Act360;;ModifiedFollowing;ModifiedFollowing;;2D
25.09.2025;1Mx13M;FRA;EUR;0,02181;EURIBOR;3M;3M;;;;3M;Act360;Act360;;ModifiedFollowing;ModifiedFollowing;;2D
25.09.2025;6M;OIS;GBP;0,03934;SONIA;1D;6M;;;;6M;Act360;Act360;;ModifiedFollowing;ModifiedFollowing;;2D
25.09.2025;2Y;OIS;EUR;0,020055;EONIA;1D;1Y;;;;1Y;Act360;Act360;;ModifiedFollowing;ModifiedFollowing;;2D
25.09.2025;9Y;IRS;EUR;0,026075;EURIBOR;3M;3M;;;;1Y;Act360;Act360;;ModifiedFollowing;ModifiedFollowing;;2D
25.09.2025;9Y;OIS;USD;0,03501;SOFR;1D;1Y;;;;1Y;Act360;Act360;;ModifiedFollowing;ModifiedFollowing;;2D
25.09.2025;3M;OIS;EUR;0,02013;EONIA;1D;3M;;;;3M;Act360;Act360;;ModifiedFollowing;ModifiedFollowing;;2D
25.09.2025;25Y;IRS;EUR;0,029574;EURIBOR;3M;3M;;;;1Y;Act360;Act360;;ModifiedFollowing;ModifiedFollowing;;2D
25.09.2025;2Mx14M;FRA;EUR;0,02177;EURIBOR;3M;3M;;;;3M;Act360;Act360;;ModifiedFollowing;ModifiedFollowing;;2D
25.09.2025;8Y;OIS;GBP;0,03999;SONIA;1D;1Y;;;;1Y;Act360;Act360;;ModifiedFollowing;ModifiedFollowing;;2D
25.09.2025;7M;IRS;EUR;0,01907;EURIBOR;1M;1M;;;;1Y;Act360;Act360;;ModifiedFollowing;ModifiedFollowing;;2D
25.09.2025;3Y;IRS;EUR;0,02158;EURIBOR;3M;3M;;;;1Y;Act360;Act360;;ModifiedFollowing;ModifiedFollowing;;2D
25.09.2025;5M;OIS;USD;0,03815;SOFR;1D;5M;;;;5M;Act360;Act360;;ModifiedFollowing;ModifiedFollowing;;2D
25.09.2025;1Mx7M;FRA;USD;0,04173;LIBOR;3M;3M;;;;3M;Act360;Act360;;ModifiedFollowing;ModifiedFollowing;;2D
25.09.2025;10Y;OIS;USD;0,03556;SOFR;1D;1Y;;;;1Y;Act360;Act360;;ModifiedFollowing;ModifiedFollowing;;2D
25.09.2025;7D;OIS;USD;0,04091;SOFR;1D;7D;;;;7D;Act360;Act360;;ModifiedFollowing;ModifiedFollowing;;2D
25.09.2025;12M;DEPOSIT;GBP;0,0422;LIBOR;12M;1Y;;;;1Y;Act360;Act360;;ModifiedFollowing;ModifiedFollowing;;2D
25.09.2025;3Mx15M;FRA;EUR;0,02175;EURIBOR;3M;3M;;;;3M;Act360;Act360;;ModifiedFollowing;ModifiedFollowing;;2D
25.09.2025;40Y;IRS;EUR;0,029076;EURIBOR;3M;3M;;;;1Y;Act360;Act360;;ModifiedFollowing;ModifiedFollowing;;2D
25.09.2025;1Mx4M;FRA;EUR;0,02025;EURIBOR;3M;3M;;;;3M;Act360;Act360;;ModifiedFollowing;ModifiedFollowing;;2D
25.09.2025;10Y;OIS;EUR;0,02618;EONIA;1D;1Y;;;;1Y;Act360;Act360;;ModifiedFollowing;ModifiedFollowing;;2D
25.09.2025;6M;DEPOSIT;GBP;0,042;LIBOR;6M;6M;;;;6M;Act360;Act360;;ModifiedFollowing;ModifiedFollowing;;2D
25.09.2025;12Y;OIS;USD;0,03661;SOFR;1D;1Y;;;;1Y;Act360;Act360;;ModifiedFollowing;ModifiedFollowing;;2D
25.09.2025;10M;OIS;EUR;0,01982;EONIA;1D;1Y;;;;1Y;Act360;Act360;;ModifiedFollowing;ModifiedFollowing;;2D
25.09.2025;2Mx5M;FRA;GBP;0,04021;LIBOR;3M;3M;;;;3M;Act360;Act360;;ModifiedFollowing;ModifiedFollowing;;2D
25.09.2025;4M;IRS;EUR;0,0191;EURIBOR;1M;1M;;;;1Y;Act360;Act360;;ModifiedFollowing;ModifiedFollowing;;2D
25.09.2025;3M;DEPOSIT;GBP;0,0414;LIBOR;3M;3M;;;;3M;Act360;Act360;;ModifiedFollowing;ModifiedFollowing;;2D
25.09.2025;4Mx16M;FRA;EUR;0,02173;EURIBOR;3M;3M;;;;3M;Act360;Act360;;ModifiedFollowing;ModifiedFollowing;;2D
25.09.2025;3Y;OIS;EUR;0,020935;EONIA;1D;1Y;;;;1Y;Act360;Act360;;ModifiedFollowing;ModifiedFollowing;;2D
25.09.2025;6M;OIS;USD;0,03775;SOFR;1D;6M;;;;6M;Act360;Act360;;ModifiedFollowing;ModifiedFollowing;;2D
25.09.2025;18M;OIS;GBP;0,03761;SONIA;1D;1Y;;;;1Y;Act360;Act360;;ModifiedFollowing;ModifiedFollowing;;2D
25.09.2025;15Y;OIS;USD;0,03779;SOFR;1D;1Y;;;;1Y;Act360;Act360;;ModifiedFollowing;ModifiedFollowing;;2D
25.09.2025;30Y;IRS;EUR;0,029445;EURIBOR;3M;3M;;;;1Y;Act360;Act360;;ModifiedFollowing;ModifiedFollowing;;2D
25.09.2025;4M;OIS;EUR;0,02008;EONIA;1D;4M;;;;4M;Act360;Act360;;ModifiedFollowing;ModifiedFollowing;;2D
25.09.2025;7Y;IRS;EUR;0,024745;EURIBOR;3M;3M;;;;1Y;Act360;Act360;;ModifiedFollowing;ModifiedFollowing;;2D
25.09.2025;15Y;OIS;GBP;0,04412;SONIA;1D;1Y;;;;1Y;Act360;Act360;;ModifiedFollowing;ModifiedFollowing;;2D
25.09.2025;20Y;OIS;USD;0,03876;SOFR;1D;1Y;;;;1Y;Act360;Act360;;ModifiedFollowing;ModifiedFollowing;;2D
25.09.2025;7Y;OIS;GBP;0,03931;SONIA;1D;1Y;;;;1Y;Act360;Act360;;ModifiedFollowing;ModifiedFollowing;;2D
25.09.2025;8M;IRS;EUR;0,01903;EURIBOR;1M;1M;;;;1Y;Act360;Act360;;ModifiedFollowing;ModifiedFollowing;;2D
25.09.2025;2Mx5M;FRA;EUR;0,02025;EURIBOR;3M;3M;;;;3M;Act360;Act360;;ModifiedFollowing;ModifiedFollowing;;2D
25.09.2025;1M;DEPOSIT;GBP;0,0407;LIBOR;1M;1M;;;;1M;Act360;Act360;;ModifiedFollowing;ModifiedFollowing;;2D
25.09.2025;5Mx17M;FRA;EUR;0,02174;EURIBOR;3M;3M;;;;3M;Act360;Act360;;ModifiedFollowing;ModifiedFollowing;;2D
25.09.2025;2Mx8M;FRA;USD;0,04087;LIBOR;3M;3M;;;;3M;Act360;Act360;;ModifiedFollowing;ModifiedFollowing;;2D
25.09.2025;6Mx9M;FRA;USD;0,03734;LIBOR;3M;3M;;;;3M;Act360;Act360;;ModifiedFollowing;ModifiedFollowing;;2D
25.09.2025;2Y;IRS;EUR;0,020671;EURIBOR;3M;3M;;;;1Y;Act360;Act360;;ModifiedFollowing;ModifiedFollowing;;2D
25.09.2025;7M;OIS;USD;0,0374;SOFR;1D;7M;;;;7M;Act360;Act360;;ModifiedFollowing;ModifiedFollowing;;2D
25.09.2025;12M;DEPOSIT;USD;0,03995;LIBOR;12M;1Y;;;;1Y;Act360;Act360;;ModifiedFollowing;ModifiedFollowing;;2D
25.09.2025;6Mx18M;FRA;EUR;0,02178;EURIBOR;3M;3M;;;;3M;Act360;Act360;;ModifiedFollowing;ModifiedFollowing;;2D
25.09.2025;11Y;IRS;EUR;0,027198;EURIBOR;3M;3M;;;;1Y;Act360;Act360;;ModifiedFollowing;ModifiedFollowing;;2D
25.09.2025;25Y;OIS;USD;0,0388;SOFR;1D;1Y;;;;1Y;Act360;Act360;;ModifiedFollowing;ModifiedFollowing;;2D
25.09.2025;3Mx6M;FRA;EUR;0,02015;EURIBOR;3M;3M;;;;3M;Act360;Act360;;ModifiedFollowing;ModifiedFollowing;;2D
25.09.2025;1Mx7M;FRA;GBP;0,04169;LIBOR;3M;3M;;;;3M;Act360;Act360;;ModifiedFollowing;ModifiedFollowing;;2D
25.09.2025;6M;DEPOSIT;USD;0,04055;LIBOR;6M;6M;;;;6M;Act360;Act360;;ModifiedFollowing;ModifiedFollowing;;2D
25.09.2025;7Mx19M;FRA;EUR;0,02185;EURIBOR;3M;3M;;;;3M;Act360;Act360;;ModifiedFollowing;ModifiedFollowing;;2D
25.09.2025;15Y;IRS;EUR;0,0288;EURIBOR;3M;3M;;;;1Y;Act360;Act360;;ModifiedFollowing;ModifiedFollowing;;2D
25.09.2025;5M;OIS;GBP;0,0395;SONIA;1D;5M;;;;5M;Act360;Act360;;ModifiedFollowing;ModifiedFollowing;;2D
25.09.2025;30Y;OIS;USD;0,03842;SOFR;1D;1Y;;;;1Y;Act360;Act360;;ModifiedFollowing;ModifiedFollowing;;2D
25.09.2025;10Y;IRS;EUR;0,026675;EURIBOR;3M;3M;;;;1Y;Act360;Act360;;ModifiedFollowing;ModifiedFollowing;;2D
25.09.2025;15Y;OIS;EUR;0,02832;EONIA;1D;1Y;;;;1Y;Act360;Act360;;ModifiedFollowing;ModifiedFollowing;;2D
25.09.2025;4Y;OIS;EUR;0,021845;EONIA;1D;1Y;;;;1Y;Act360;Act360;;ModifiedFollowing;ModifiedFollowing;;2D
25.09.2025;1M;OIS;EUR;0,020145;EONIA;1D;1M;;;;1M;Act360;Act360;;ModifiedFollowing;ModifiedFollowing;;2D
25.09.2025;6Y;OIS;GBP;0,03868;SONIA;1D;1Y;;;;1Y;Act360;Act360;;ModifiedFollowing;ModifiedFollowing;;2D
25.09.2025;35Y;OIS;USD;0,03788;SOFR;1D;1Y;;;;1Y;Act360;Act360;;ModifiedFollowing;ModifiedFollowing;;2D
25.09.2025;40Y;OIS;USD;0,03731;SOFR;1D;1Y;;;;1Y;Act360;Act360;;ModifiedFollowing;ModifiedFollowing;;2D
25.09.2025;8M;OIS;USD;0,03704;SOFR;1D;8M;;;;8M;Act360;Act360;;ModifiedFollowing;ModifiedFollowing;;2D
25.09.2025;3Mx9M;FRA;USD;0,04021;LIBOR;3M;3M;;;;3M;Act360;Act360;;ModifiedFollowing;ModifiedFollowing;;2D
25.09.2025;6M;OIS;EUR;0,02004;EONIA;1D;6M;;;;6M;Act360;Act360;;ModifiedFollowing;ModifiedFollowing;;2D
25.09.2025;3M;DEPOSIT;USD;0,04095;LIBOR;3M;3M;;;;3M;Act360;Act360;;ModifiedFollowing;ModifiedFollowing;;2D
25.09.2025;8Mx20M;FRA;EUR;0,02195;EURIBOR;3M;3M;;;;3M;Act360;Act360;;ModifiedFollowing;ModifiedFollowing;;2D
25.09.2025;4Mx7M;FRA;EUR;0,01997;EURIBOR;3M;3M;;;;3M;Act360;Act360;;ModifiedFollowing;ModifiedFollowing;;2D
25.09.2025;1Y;IRS;EUR;0,0197835;EURIBOR;3M;3M;;;;1Y;Act360;Act360;;ModifiedFollowing;ModifiedFollowing;;2D
25.09.2025;7M;OIS;EUR;0,02;EONIA;1D;7M;;;;7M;Act360;Act360;;ModifiedFollowing;ModifiedFollowing;;2D
25.09.2025;1M;DEPOSIT;USD;0,04185;LIBOR;1M;1M;;;;1M;Act360;Act360;;ModifiedFollowing;ModifiedFollowing;;2D
25.09.2025;1Mx4M;FRA;GBP;0,04056;LIBOR;3M;3M;;;;3M;Act360;Act360;;ModifiedFollowing;ModifiedFollowing;;2D
25.09.2025;50Y;OIS;USD;0,03608;SOFR;1D;1Y;;;;1Y;Act360;Act360;;ModifiedFollowing;ModifiedFollowing;;2D
25.09.2025;2Y;OIS;GBP;0,03743;SONIA;1D;1Y;;;;1Y;Act360;Act360;;ModifiedFollowing;ModifiedFollowing;;2D
25.09.2025;12M;DEPOSIT;EUR;0,02025;EURIBOR;12M;1Y;;;;1Y;Act360;Act360;;ModifiedFollowing;ModifiedFollowing;;2D
25.09.2025;9Mx21M;FRA;EUR;0,02206;EURIBOR;3M;3M;;;;3M;Act360;Act360;;ModifiedFollowing;ModifiedFollowing;;2D
25.09.2025;9M;IRS;EUR;0,01901;EURIBOR;1M;1M;;;;1Y;Act360;Act360;;ModifiedFollowing;ModifiedFollowing;;2D
25.09.2025;12Y;OIS;GBP;0,04262;SONIA;1D;1Y;;;;1Y;Act360;Act360;;ModifiedFollowing;ModifiedFollowing;;2D
25.09.2025;30Y;OIS;GBP;0,0463;SONIA;1D;1Y;;;;1Y;Act360;Act360;;ModifiedFollowing;ModifiedFollowing;;2D
25.09.2025;20Y;OIS;EUR;0,029095;EONIA;1D;1Y;;;;1Y;Act360;Act360;;ModifiedFollowing;ModifiedFollowing;;2D
25.09.2025;5Mx8M;FRA;EUR;0,01983;EURIBOR;3M;3M;;;;3M;Act360;Act360;;ModifiedFollowing;ModifiedFollowing;;2D
25.09.2025;6M;DEPOSIT;EUR;0,0192;EURIBOR;6M;6M;;;;6M;Act360;Act360;;ModifiedFollowing;ModifiedFollowing;;2D
25.09.2025;10Mx22M;FRA;EUR;0,0222;EURIBOR;3M;3M;;;;3M;Act360;Act360;;ModifiedFollowing;ModifiedFollowing;;2D
25.09.2025;11M;OIS;EUR;0,019787;EONIA;1D;1Y;;;;1Y;Act360;Act360;;ModifiedFollowing;ModifiedFollowing;;2D
25.09.2025;5Mx8M;FRA;GBP;0,03877;LIBOR;3M;3M;;;;3M;Act360;Act360;;ModifiedFollowing;ModifiedFollowing;;2D
25.09.2025;7D;OIS;GBP;0,03969;SONIA;1D;7D;;;;7D;Act360;Act360;;ModifiedFollowing;ModifiedFollowing;;2D
25.09.2025;9M;OIS;USD;0,03672;SOFR;1D;9M;;;;9M;Act360;Act360;;ModifiedFollowing;ModifiedFollowing;;2D
25.09.2025;5Mx11M;FRA;USD;0,03874;LIBOR;3M;3M;;;;3M;Act360;Act360;;ModifiedFollowing;ModifiedFollowing;;2D
25.09.2025;5Mx11M;FRA;GBP;0,04003;LIBOR;3M;3M;;;;3M;Act360;Act360;;ModifiedFollowing;ModifiedFollowing;;2D
25.09.2025;14D;OIS;GBP;0,03971;SONIA;1D;14D;;;;14D;Act360;Act360;;ModifiedFollowing;ModifiedFollowing;;2D
25.09.2025;5Y;OIS;EUR;0,022705;EONIA;1D;1Y;;;;1Y;Act360;Act360;;ModifiedFollowing;ModifiedFollowing;;2D
25.09.2025;10M;OIS;USD;0,03639;SOFR;1D;1Y;;;;1Y;Act360;Act360;;ModifiedFollowing;ModifiedFollowing;;2D
25.09.2025;3Y;OIS;GBP;0,03742;SONIA;1D;1Y;;;;1Y;Act360;Act360;;ModifiedFollowing;ModifiedFollowing;;2D
25.09.2025;30Y;OIS;EUR;0,02908;EONIA;1D;1Y;;;;1Y;Act360;Act360;;ModifiedFollowing;ModifiedFollowing;;2D
25.09.2025;2M;IRS;EUR;0,01903;EURIBOR;1M;1M;;;;1Y;Act360;Act360;;ModifiedFollowing;ModifiedFollowing;;2D
25.09.2025;3M;DEPOSIT;EUR;0,022;EURIBOR;3M;3M;;;;3M;Act360;Act360;;ModifiedFollowing;ModifiedFollowing;;2D
25.09.2025;11Mx23M;FRA;EUR;0,02238;EURIBOR;3M;3M;;;;3M;Act360;Act360;;ModifiedFollowing;ModifiedFollowing;;2D
25.09.2025;9M;OIS;GBP;0,03885;SONIA;1D;9M;;;;9M;Act360;Act360;;ModifiedFollowing;ModifiedFollowing;;2D
25.09.2025;4Mx10M;FRA;GBP;0,04036;LIBOR;3M;3M;;;;3M;Act360;Act360;;ModifiedFollowing;ModifiedFollowing;;2D
25.09.2025;1M;OIS;GBP;0,03975;SONIA;1D;1M;;;;1M;Act360;Act360;;ModifiedFollowing;ModifiedFollowing;;2D
25.09.2025;5Y;OIS;GBP;0,03814;SONIA;1D;1Y;;;;1Y;Act360;Act360;;ModifiedFollowing;ModifiedFollowing;;2D
25.09.2025;6Y;IRS;EUR;0,024025;EURIBOR;3M;3M;;;;1Y;Act360;Act360;;ModifiedFollowing;ModifiedFollowing;;2D
25.09.2025;1M;DEPOSIT;EUR;0,0214;EURIBOR;1M;1M;;;;1M;Act360;Act360;;ModifiedFollowing;ModifiedFollowing;;2D
25.09.2025;4Mx10M;FRA;USD;0,03937;LIBOR;3M;3M;;;;3M;Act360;Act360;;ModifiedFollowing;ModifiedFollowing;;2D
25.09.2025;1Mx4M;FRA;USD;0,04122;LIBOR;3M;3M;;;;3M;Act360;Act360;;ModifiedFollowing;ModifiedFollowing;;2D
25.09.2025;7Mx10M;FRA;GBP;0,03795;LIBOR;3M;3M;;;;3M;Act360;Act360;;ModifiedFollowing;ModifiedFollowing;;2D
25.09.2025;9Y;OIS;EUR;0,025595;EONIA;1D;1Y;;;;1Y;Act360;Act360;;ModifiedFollowing;ModifiedFollowing;;2D
25.09.2025;3Mx9M;FRA;GBP;0,04079;LIBOR;3M;3M;;;;3M;Act360;Act360;;ModifiedFollowing;ModifiedFollowing;;2D
25.09.2025;2M;OIS;GBP;0,03974;SONIA;1D;2M;;;;2M;Act360;Act360;;ModifiedFollowing;ModifiedFollowing;;2D
25.09.2025;6Mx9M;FRA;EUR;0,01972;EURIBOR;3M;3M;;;;3M;Act360;Act360;;ModifiedFollowing;ModifiedFollowing;;2D
25.09.2025;20Y;IRS;EUR;0,02953;EURIBOR;3M;3M;;;;1Y;Act360;Act360;;ModifiedFollowing;ModifiedFollowing;;2D
25.09.2025;50Y;OIS;GBP;0,04472;SONIA;1D;1Y;;;;1Y;Act360;Act360;;ModifiedFollowing;ModifiedFollowing;;2D
25.09.2025;10M;IRS;EUR;0,01898;EURIBOR;1M;1M;;;;1Y;Act360;Act360;;ModifiedFollowing;ModifiedFollowing;;2D
25.09.2025;2Mx5M;FRA;USD;0,04012;LIBOR;3M;3M;;;;3M;Act360;Act360;;ModifiedFollowing;ModifiedFollowing;;2D
25.09.2025;11M;OIS;USD;0,03603;SOFR;1D;1Y;;;;1Y;Act360;Act360;;ModifiedFollowing;ModifiedFollowing;;2D
25.09.2025;10Y;OIS;GBP;0,04136;SONIA;1D;1Y;;;;1Y;Act360;Act360;;ModifiedFollowing;ModifiedFollowing;;2D
25.09.2025;40Y;OIS;GBP;0,04568;SONIA;1D;1Y;;;;1Y;Act360;Act360;;ModifiedFollowing;ModifiedFollowing;;2D
25.09.2025;4Y;OIS;GBP;0,03771;SONIA;1D;1Y;;;;1Y;Act360;Act360;;ModifiedFollowing;ModifiedFollowing;;2D
25.09.2025;3M;OIS;GBP;0,0397;SONIA;1D;3M;;;;3M;Act360;Act360;;ModifiedFollowing;ModifiedFollowing;;2D
25.09.2025;7Mx10M;FRA;USD;0,03658;LIBOR;3M;3M;;;;3M;Act360;Act360;;ModifiedFollowing;ModifiedFollowing;;2D
25.09.2025;2Mx8M;FRA;GBP;0,04127;LIBOR;3M;3M;;;;3M;Act360;Act360;;ModifiedFollowing;ModifiedFollowing;;2D
25.09.2025;4M;OIS;GBP;0,03966;SONIA;1D;4M;;;;4M;Act360;Act360;;ModifiedFollowing;ModifiedFollowing;;2D
24.09.2025;1M;DEPOSIT;USD;0,04175;LIBOR;1M;1M;;;;1M;Act360;Act360;;ModifiedFollowing;ModifiedFollowing;;2D
24.09.2025;6Y;OIS;EUR;0,023385;EONIA;1D;1Y;;;;1Y;Act360;Act360;;ModifiedFollowing;ModifiedFollowing;;2D
24.09.2025;4M;OIS;GBP;0,03962;SONIA;1D;4M;;;;4M;Act360;Act360;;ModifiedFollowing;ModifiedFollowing;;2D
24.09.2025;20Y;OIS;EUR;0,02906;EONIA;1D;1Y;;;;1Y;Act360;Act360;;ModifiedFollowing;ModifiedFollowing;;2D
24.09.2025;30Y;OIS;GBP;0,04601;SONIA;1D;1Y;;;;1Y;Act360;Act360;;ModifiedFollowing;ModifiedFollowing;;2D
24.09.2025;1Mx7M;FRA;GBP;0,04167;LIBOR;3M;3M;;;;3M;Act360;Act360;;ModifiedFollowing;ModifiedFollowing;;2D
24.09.2025;3Mx6M;FRA;USD;0,03918;LIBOR;3M;3M;;;;3M;Act360;Act360;;ModifiedFollowing;ModifiedFollowing;;2D
24.09.2025;11M;IRS;EUR;0,01895;EURIBOR;1M;1M;;;;1Y;Act360;Act360;;ModifiedFollowing;ModifiedFollowing;;2D
24.09.2025;5M;OIS;GBP;0,03946;SONIA;1D;5M;;;;5M;Act360;Act360;;ModifiedFollowing;ModifiedFollowing;;2D
24.09.2025;8Mx11M;FRA;GBP;0,03754;LIBOR;3M;3M;;;;3M;Act360;Act360;;ModifiedFollowing;ModifiedFollowing;;2D
24.09.2025;25Y;OIS;GBP;0,04593;SONIA;1D;1Y;;;;1Y;Act360;Act360;;ModifiedFollowing;ModifiedFollowing;;2D
24.09.2025;4Mx7M;FRA;USD;0,03841;LIBOR;3M;3M;;;;3M;Act360;Act360;;ModifiedFollowing;ModifiedFollowing;;2D
24.09.2025;6M;OIS;GBP;0,0393;SONIA;1D;6M;;;;6M;Act360;Act360;;ModifiedFollowing;ModifiedFollowing;;2D
24.09.2025;7Mx10M;FRA;GBP;0,03785;LIBOR;3M;3M;;;;3M;Act360;Act360;;ModifiedFollowing;ModifiedFollowing;;2D
24.09.2025;20Y;OIS;GBP;0,04532;SONIA;1D;1Y;;;;1Y;Act360;Act360;;ModifiedFollowing;ModifiedFollowing;;2D
24.09.2025;5Mx8M;FRA;USD;0,03768;LIBOR;3M;3M;;;;3M;Act360;Act360;;ModifiedFollowing;ModifiedFollowing;;2D
24.09.2025;7M;OIS;GBP;0,03914;SONIA;1D;7M;;;;7M;Act360;Act360;;ModifiedFollowing;ModifiedFollowing;;2D
24.09.2025;6Mx9M;FRA;GBP;0,03823;LIBOR;3M;3M;;;;3M;Act360;Act360;;ModifiedFollowing;ModifiedFollowing;;2D
24.09.2025;7Y;OIS;EUR;0,024115;EONIA;1D;1Y;;;;1Y;Act360;Act360;;ModifiedFollowing;ModifiedFollowing;;2D
24.09.2025;8M;OIS;GBP;0,03894;SONIA;1D;8M;;;;8M;Act360;Act360;;ModifiedFollowing;ModifiedFollowing;;2D
24.09.2025;15Y;OIS;GBP;0,04386;SONIA;1D;1Y;;;;1Y;Act360;Act360;;ModifiedFollowing;ModifiedFollowing;;2D
24.09.2025;6Mx9M;FRA;USD;0,03708;LIBOR;3M;3M;;;;3M;Act360;Act360;;ModifiedFollowing;ModifiedFollowing;;2D
24.09.2025;7D;OIS;USD;0,04087;SOFR;1D;7D;;;;7D;Act360;Act360;;ModifiedFollowing;ModifiedFollowing;;2D
24.09.2025;15Y;OIS;EUR;0,02824;EONIA;1D;1Y;;;;1Y;Act360;Act360;;ModifiedFollowing;ModifiedFollowing;;2D
24.09.2025;12Y;OIS;GBP;0,04237;SONIA;1D;1Y;;;;1Y;Act360;Act360;;ModifiedFollowing;ModifiedFollowing;;2D
24.09.2025;5Mx8M;FRA;GBP;0,0387;LIBOR;3M;3M;;;;3M;Act360;Act360;;ModifiedFollowing;ModifiedFollowing;;2D
24.09.2025;10Y;OIS;GBP;0,04113;SONIA;1D;1Y;;;;1Y;Act360;Act360;;ModifiedFollowing;ModifiedFollowing;;2D
24.09.2025;7Mx10M;FRA;USD;0,03636;LIBOR;3M;3M;;;;3M;Act360;Act360;;ModifiedFollowing;ModifiedFollowing;;2D
24.09.2025;9M;OIS;GBP;0,03878;SONIA;1D;9M;;;;9M;Act360;Act360;;ModifiedFollowing;ModifiedFollowing;;2D
24.09.2025;10M;OIS;GBP;0,03865;SONIA;1D;1Y;;;;1Y;Act360;Act360;;ModifiedFollowing;ModifiedFollowing;;2D
24.09.2025;4Mx7M;FRA;GBP;0,03918;LIBOR;3M;3M;;;;3M;Act360;Act360;;ModifiedFollowing;ModifiedFollowing;;2D
24.09.2025;9Y;OIS;GBP;0,04046;SONIA;1D;1Y;;;;1Y;Act360;Act360;;ModifiedFollowing;ModifiedFollowing;;2D
24.09.2025;8Mx11M;FRA;USD;0,03568;LIBOR;3M;3M;;;;3M;Act360;Act360;;ModifiedFollowing;ModifiedFollowing;;2D
24.09.2025;30Y;IRS;EUR;0,029475;EURIBOR;3M;3M;;;;1Y;Act360;Act360;;ModifiedFollowing;ModifiedFollowing;;2D
24.09.2025;11M;OIS;GBP;0,0385;SONIA;1D;1Y;;;;1Y;Act360;Act360;;ModifiedFollowing;ModifiedFollowing;;2D
24.09.2025;3Mx6M;FRA;GBP;0,03975;LIBOR;3M;3M;;;;3M;Act360;Act360;;ModifiedFollowing;ModifiedFollowing;;2D
24.09.2025;8Y;OIS;EUR;0,024825;EONIA;1D;1Y;;;;1Y;Act360;Act360;;ModifiedFollowing;ModifiedFollowing;;2D
24.09.2025;1Y;OIS;GBP;0,03838;SONIA;1D;1Y;;;;1Y;Act360;Act360;;ModifiedFollowing;ModifiedFollowing;;2D
24.09.2025;9Y;IRS;EUR;0,02596;EURIBOR;3M;3M;;;;1Y;Act360;Act360;;ModifiedFollowing;ModifiedFollowing;;2D
24.09.2025;10Y;OIS;EUR;0,026073;EONIA;1D;1Y;;;;1Y;Act360;Act360;;ModifiedFollowing;ModifiedFollowing;;2D
24.09.2025;8Y;OIS;GBP;0,03977;SONIA;1D;1Y;;;;1Y;Act360;Act360;;ModifiedFollowing;ModifiedFollowing;;2D
24.09.2025;1Mx7M;FRA;USD;0,04169;LIBOR;3M;3M;;;;3M;Act360;Act360;;ModifiedFollowing;ModifiedFollowing;;2D
24.09.2025;2Mx5M;FRA;GBP;0,04018;LIBOR;3M;3M;;;;3M;Act360;Act360;;ModifiedFollowing;ModifiedFollowing;;2D
24.09.2025;7Y;OIS;GBP;0,0391;SONIA;1D;1Y;;;;1Y;Act360;Act360;;ModifiedFollowing;ModifiedFollowing;;2D
24.09.2025;2Mx8M;FRA;USD;0,04068;LIBOR;3M;3M;;;;3M;Act360;Act360;;ModifiedFollowing;ModifiedFollowing;;2D
24.09.2025;18M;OIS;GBP;0,03751;SONIA;1D;1Y;;;;1Y;Act360;Act360;;ModifiedFollowing;ModifiedFollowing;;2D
24.09.2025;6Y;OIS;GBP;0,03848;SONIA;1D;1Y;;;;1Y;Act360;Act360;;ModifiedFollowing;ModifiedFollowing;;2D
24.09.2025;3Mx9M;FRA;USD;0,03995;LIBOR;3M;3M;;;;3M;Act360;Act360;;ModifiedFollowing;ModifiedFollowing;;2D
24.09.2025;1Mx4M;FRA;GBP;0,04057;LIBOR;3M;3M;;;;3M;Act360;Act360;;ModifiedFollowing;ModifiedFollowing;;2D
24.09.2025;2Y;OIS;GBP;0,03729;SONIA;1D;1Y;;;;1Y;Act360;Act360;;ModifiedFollowing;ModifiedFollowing;;2D
24.09.2025;5Mx11M;FRA;USD;0,03845;LIBOR;3M;3M;;;;3M;Act360;Act360;;ModifiedFollowing;ModifiedFollowing;;2D
24.09.2025;5Y;OIS;GBP;0,03795;SONIA;1D;1Y;;;;1Y;Act360;Act360;;ModifiedFollowing;ModifiedFollowing;;2D
24.09.2025;3Y;OIS;GBP;0,03725;SONIA;1D;1Y;;;;1Y;Act360;Act360;;ModifiedFollowing;ModifiedFollowing;;2D
24.09.2025;9Y;OIS;EUR;0,025485;EONIA;1D;1Y;;;;1Y;Act360;Act360;;ModifiedFollowing;ModifiedFollowing;;2D
24.09.2025;4Mx10M;FRA;USD;0,03921;LIBOR;3M;3M;;;;3M;Act360;Act360;;ModifiedFollowing;ModifiedFollowing;;2D
24.09.2025;4Y;OIS;GBP;0,03753;SONIA;1D;1Y;;;;1Y;Act360;Act360;;ModifiedFollowing;ModifiedFollowing;;2D
24.09.2025;14D;OIS;USD;0,04089;SOFR;1D;14D;;;;14D;Act360;Act360;;ModifiedFollowing;ModifiedFollowing;;2D
24.09.2025;2M;IRS;EUR;0,01895;EURIBOR;1M;1M;;;;1Y;Act360;Act360;;ModifiedFollowing;ModifiedFollowing;;2D
24.09.2025;1M;OIS;USD;0,04093;SOFR;1D;1M;;;;1M;Act360;Act360;;ModifiedFollowing;ModifiedFollowing;;2D
24.09.2025;9M;OIS;EUR;0,01984;EONIA;1D;9M;;;;9M;Act360;Act360;;ModifiedFollowing;ModifiedFollowing;;2D
24.09.2025;2M;OIS;USD;0,03997;SOFR;1D;2M;;;;2M;Act360;Act360;;ModifiedFollowing;ModifiedFollowing;;2D
24.09.2025;8Y;IRS;EUR;0,025315;EURIBOR;3M;3M;;;;1Y;Act360;Act360;;ModifiedFollowing;ModifiedFollowing;;2D
24.09.2025;3M;OIS;USD;0,03926;SOFR;1D;3M;;;;3M;Act360;Act360;;ModifiedFollowing;ModifiedFollowing;;2D
24.09.2025;3M;IRS;EUR;0,01903;EURIBOR;1M;1M;;;;1Y;Act360;Act360;;ModifiedFollowing;ModifiedFollowing;;2D
24.09.2025;2M;OIS;EUR;0,02015;EONIA;1D;2M;;;;2M;Act360;Act360;;ModifiedFollowing;ModifiedFollowing;;2D
24.09.2025;4M;OIS;USD;0,03865;SOFR;1D;4M;;;;4M;Act360;Act360;;ModifiedFollowing;ModifiedFollowing;;2D
24.09.2025;25Y;IRS;EUR;0,02954;EURIBOR;3M;3M;;;;1Y;Act360;Act360;;ModifiedFollowing;ModifiedFollowing;;2D
24.09.2025;5M;OIS;USD;0,03811;SOFR;1D;5M;;;;5M;Act360;Act360;;ModifiedFollowing;ModifiedFollowing;;2D
24.09.2025;1Mx4M;FRA;EUR;0,02025;EURIBOR;3M;3M;;;;3M;Act360;Act360;;ModifiedFollowing;ModifiedFollowing;;2D
24.09.2025;10M;OIS;EUR;0,01982;EONIA;1D;1Y;;;;1Y;Act360;Act360;;ModifiedFollowing;ModifiedFollowing;;2D
24.09.2025;6M;OIS;USD;0,03774;SOFR;1D;6M;;;;6M;Act360;Act360;;ModifiedFollowing;ModifiedFollowing;;2D
24.09.2025;7Y;IRS;EUR;0,024635;EURIBOR;3M;3M;;;;1Y;Act360;Act360;;ModifiedFollowing;ModifiedFollowing;;2D
24.09.2025;11Y;IRS;EUR;0,027085;EURIBOR;3M;3M;;;;1Y;Act360;Act360;;ModifiedFollowing;ModifiedFollowing;;2D
24.09.2025;2Mx5M;FRA;EUR;0,02044;EURIBOR;3M;3M;;;;3M;Act360;Act360;;ModifiedFollowing;ModifiedFollowing;;2D
24.09.2025;7M;OIS;USD;0,03733;SOFR;1D;7M;;;;7M;Act360;Act360;;ModifiedFollowing;ModifiedFollowing;;2D
24.09.2025;3Mx6M;FRA;EUR;0,02015;EURIBOR;3M;3M;;;;3M;Act360;Act360;;ModifiedFollowing;ModifiedFollowing;;2D
24.09.2025;15Y;IRS;EUR;0,028685;EURIBOR;3M;3M;;;;1Y;Act360;Act360;;ModifiedFollowing;ModifiedFollowing;;2D
24.09.2025;1M;OIS;EUR;0,02017;EONIA;1D;1M;;;;1M;Act360;Act360;;ModifiedFollowing;ModifiedFollowing;;2D
24.09.2025;12Y;IRS;EUR;0,027575;EURIBOR;3M;3M;;;;1Y;Act360;Act360;;ModifiedFollowing;ModifiedFollowing;;2D
24.09.2025;4Mx7M;FRA;EUR;0,01997;EURIBOR;3M;3M;;;;3M;Act360;Act360;;ModifiedFollowing;ModifiedFollowing;;2D
24.09.2025;4M;IRS;EUR;0,01906;EURIBOR;1M;1M;;;;1Y;Act360;Act360;;ModifiedFollowing;ModifiedFollowing;;2D
24.09.2025;8M;OIS;USD;0,03697;SOFR;1D;8M;;;;8M;Act360;Act360;;ModifiedFollowing;ModifiedFollowing;;2D
24.09.2025;11M;OIS;EUR;0,01981;EONIA;1D;1Y;;;;1Y;Act360;Act360;;ModifiedFollowing;ModifiedFollowing;;2D
24.09.2025;9M;OIS;USD;0,03663;SOFR;1D;9M;;;;9M;Act360;Act360;;ModifiedFollowing;ModifiedFollowing;;2D
24.09.2025;10M;OIS;USD;0,03627;SOFR;1D;1Y;;;;1Y;Act360;Act360;;ModifiedFollowing;ModifiedFollowing;;2D
24.09.2025;5Mx8M;FRA;EUR;0,01982;EURIBOR;3M;3M;;;;3M;Act360;Act360;;ModifiedFollowing;ModifiedFollowing;;2D
24.09.2025;6Y;IRS;EUR;0,023925;EURIBOR;3M;3M;;;;1Y;Act360;Act360;;ModifiedFollowing;ModifiedFollowing;;2D
24.09.2025;20Y;IRS;EUR;0,029445;EURIBOR;3M;3M;;;;1Y;Act360;Act360;;ModifiedFollowing;ModifiedFollowing;;2D
24.09.2025;6Mx9M;FRA;EUR;0,01973;EURIBOR;3M;3M;;;;3M;Act360;Act360;;ModifiedFollowing;ModifiedFollowing;;2D
24.09.2025;11M;OIS;USD;0,03592;SOFR;1D;1Y;;;;1Y;Act360;Act360;;ModifiedFollowing;ModifiedFollowing;;2D
24.09.2025;14D;OIS;EUR;0,02012;EONIA;1D;14D;;;;14D;Act360;Act360;;ModifiedFollowing;ModifiedFollowing;;2D
24.09.2025;7Mx10M;FRA;EUR;0,01964;EURIBOR;3M;3M;;;;3M;Act360;Act360;;ModifiedFollowing;ModifiedFollowing;;2D
24.09.2025;1Y;OIS;USD;0,03556;SOFR;1D;1Y;;;;1Y;Act360;Act360;;ModifiedFollowing;ModifiedFollowing;;2D
24.09.2025;8Mx11M;FRA;EUR;0,01958;EURIBOR;3M;3M;;;;3M;Act360;Act360;;ModifiedFollowing;ModifiedFollowing;;2D
24.09.2025;1Y;OIS;EUR;0,01975;EONIA;1D;1Y;;;;1Y;Act360;Act360;;ModifiedFollowing;ModifiedFollowing;;2D
24.09.2025;5M;IRS;EUR;0,01908;EURIBOR;1M;1M;;;;1Y;Act360;Act360;;ModifiedFollowing;ModifiedFollowing;;2D
24.09.2025;18M;OIS;USD;0,03373;SOFR;1D;1Y;;;;1Y;Act360;Act360;;ModifiedFollowing;ModifiedFollowing;;2D
24.09.2025;6M;OIS;EUR;0,02006;EONIA;1D;6M;;;;6M;Act360;Act360;;ModifiedFollowing;ModifiedFollowing;;2D
24.09.2025;5Y;IRS;EUR;0,0232;EURIBOR;3M;3M;;;;1Y;Act360;Act360;;ModifiedFollowing;ModifiedFollowing;;2D
24.09.2025;1Mx7M;FRA;EUR;0,02108;EURIBOR;3M;3M;;;;3M;Act360;Act360;;ModifiedFollowing;ModifiedFollowing;;2D
24.09.2025;60Y;IRS;EUR;0,02818;EURIBOR;3M;3M;;;;1Y;Act360;Act360;;ModifiedFollowing;ModifiedFollowing;;2D
24.09.2025;2Y;OIS;USD;0,032822;SOFR;1D;1Y;;;;1Y;Act360;Act360;;ModifiedFollowing;ModifiedFollowing;;2D
24.09.2025;2Mx8M;FRA;EUR;0,02099;EURIBOR;3M;3M;;;;3M;Act360;Act360;;ModifiedFollowing;ModifiedFollowing;;2D
24.09.2025;3Y;OIS;USD;0,03216;SOFR;1D;1Y;;;;1Y;Act360;Act360;;ModifiedFollowing;ModifiedFollowing;;2D
24.09.2025;4Y;OIS;USD;0,03215;SOFR;1D;1Y;;;;1Y;Act360;Act360;;ModifiedFollowing;ModifiedFollowing;;2D
24.09.2025;7D;OIS;EUR;0,019275;EONIA;1D;7D;;;;7D;Act360;Act360;;ModifiedFollowing;ModifiedFollowing;;2D
24.09.2025;3Mx9M;FRA;EUR;0,02091;EURIBOR;3M;3M;;;;3M;Act360;Act360;;ModifiedFollowing;ModifiedFollowing;;2D
24.09.2025;5Y;OIS;USD;0,03239;SOFR;1D;1Y;;;;1Y;Act360;Act360;;ModifiedFollowing;ModifiedFollowing;;2D
24.09.2025;18M;OIS;EUR;0,019713;EONIA;1D;1Y;;;;1Y;Act360;Act360;;ModifiedFollowing;ModifiedFollowing;;2D
24.09.2025;6M;IRS;EUR;0,01909;EURIBOR;1M;1M;;;;1Y;Act360;Act360;;ModifiedFollowing;ModifiedFollowing;;2D
24.09.2025;6Y;OIS;USD;0,03288;SOFR;1D;1Y;;;;1Y;Act360;Act360;;ModifiedFollowing;ModifiedFollowing;;2D
24.09.2025;4Y;IRS;EUR;0,022395;EURIBOR;3M;3M;;;;1Y;Act360;Act360;;ModifiedFollowing;ModifiedFollowing;;2D
24.09.2025;8M;OIS;EUR;0,0199;EONIA;1D;8M;;;;8M;Act360;Act360;;ModifiedFollowing;ModifiedFollowing;;2D
24.09.2025;4Mx10M;FRA;EUR;0,0208;EURIBOR;3M;3M;;;;3M;Act360;Act360;;ModifiedFollowing;ModifiedFollowing;;2D
24.09.2025;5Mx11M;FRA;EUR;0,02067;EURIBOR;3M;3M;;;;3M;Act360;Act360;;ModifiedFollowing;ModifiedFollowing;;2D
24.09.2025;7Y;OIS;USD;0,03347;SOFR;1D;1Y;;;;1Y;Act360;Act360;;ModifiedFollowing;ModifiedFollowing;;2D
24.09.2025;5M;OIS;EUR;0,02004;EONIA;1D;5M;;;;5M;Act360;Act360;;ModifiedFollowing;ModifiedFollowing;;2D
24.09.2025;8Y;OIS;USD;0,03407;SOFR;1D;1Y;;;;1Y;Act360;Act360;;ModifiedFollowing;ModifiedFollowing;;2D
24.09.2025;1Mx13M;FRA;EUR;0,02178;EURIBOR;3M;3M;;;;3M;Act360;Act360;;ModifiedFollowing;ModifiedFollowing;;2D
24.09.2025;40Y;IRS;EUR;0,029195;EURIBOR;3M;3M;;;;1Y;Act360;Act360;;ModifiedFollowing;ModifiedFollowing;;2D
24.09.2025;2Y;OIS;EUR;0,02003;EONIA;1D;1Y;;;;1Y;Act360;Act360;;ModifiedFollowing;ModifiedFollowing;;2D
24.09.2025;9Y;OIS;USD;0,03464;SOFR;1D;1Y;;;;1Y;Act360;Act360;;ModifiedFollowing;ModifiedFollowing;;2D
24.09.2025;3Y;IRS;EUR;0,021505;EURIBOR;3M;3M;;;;1Y;Act360;Act360;;ModifiedFollowing;ModifiedFollowing;;2D
24.09.2025;2Mx14M;FRA;EUR;0,02175;EURIBOR;3M;3M;;;;3M;Act360;Act360;;ModifiedFollowing;ModifiedFollowing;;2D
24.09.2025;3M;OIS;EUR;0,02011;EONIA;1D;3M;;;;3M;Act360;Act360;;ModifiedFollowing;ModifiedFollowing;;2D
24.09.2025;7M;IRS;EUR;0,01905;EURIBOR;1M;1M;;;;1Y;Act360;Act360;;ModifiedFollowing;ModifiedFollowing;;2D
24.09.2025;12M;DEPOSIT;GBP;0,04295;LIBOR;12M;1Y;;;;1Y;Act360;Act360;;ModifiedFollowing;ModifiedFollowing;;2D
24.09.2025;3Mx15M;FRA;EUR;0,02173;EURIBOR;3M;3M;;;;3M;Act360;Act360;;ModifiedFollowing;ModifiedFollowing;;2D
24.09.2025;10Y;OIS;USD;0,03522;SOFR;1D;1Y;;;;1Y;Act360;Act360;;ModifiedFollowing;ModifiedFollowing;;2D
24.09.2025;6M;DEPOSIT;GBP;0,0426;LIBOR;6M;6M;;;;6M;Act360;Act360;;ModifiedFollowing;ModifiedFollowing;;2D
24.09.2025;12Y;OIS;USD;0,03629;SOFR;1D;1Y;;;;1Y;Act360;Act360;;ModifiedFollowing;ModifiedFollowing;;2D
24.09.2025;4M;OIS;EUR;0,0201;EONIA;1D;4M;;;;4M;Act360;Act360;;ModifiedFollowing;ModifiedFollowing;;2D
24.09.2025;3M;DEPOSIT;GBP;0,0414;LIBOR;3M;3M;;;;3M;Act360;Act360;;ModifiedFollowing;ModifiedFollowing;;2D
24.09.2025;3Y;OIS;EUR;0,020905;EONIA;1D;1Y;;;;1Y;Act360;Act360;;ModifiedFollowing;ModifiedFollowing;;2D
24.09.2025;15Y;OIS;USD;0,03751;SOFR;1D;1Y;;;;1Y;Act360;Act360;;ModifiedFollowing;ModifiedFollowing;;2D
24.09.2025;4Mx16M;FRA;EUR;0,0217;EURIBOR;3M;3M;;;;3M;Act360;Act360;;ModifiedFollowing;ModifiedFollowing;;2D
24.09.2025;20Y;OIS;USD;0,03851;SOFR;1D;1Y;;;;1Y;Act360;Act360;;ModifiedFollowing;ModifiedFollowing;;2D
24.09.2025;1M;DEPOSIT;GBP;0,0408;LIBOR;1M;1M;;;;1M;Act360;Act360;;ModifiedFollowing;ModifiedFollowing;;2D
24.09.2025;5Mx17M;FRA;EUR;0,0217;EURIBOR;3M;3M;;;;3M;Act360;Act360;;ModifiedFollowing;ModifiedFollowing;;2D
24.09.2025;2Y;IRS;EUR;0,020639;EURIBOR;3M;3M;;;;1Y;Act360;Act360;;ModifiedFollowing;ModifiedFollowing;;2D
24.09.2025;12M;DEPOSIT;USD;0,03975;LIBOR;12M;1Y;;;;1Y;Act360;Act360;;ModifiedFollowing;ModifiedFollowing;;2D
24.09.2025;6Mx18M;FRA;EUR;0,02174;EURIBOR;3M;3M;;;;3M;Act360;Act360;;ModifiedFollowing;ModifiedFollowing;;2D
24.09.2025;25Y;OIS;USD;0,03857;SOFR;1D;1Y;;;;1Y;Act360;Act360;;ModifiedFollowing;ModifiedFollowing;;2D
24.09.2025;8M;IRS;EUR;0,01902;EURIBOR;1M;1M;;;;1Y;Act360;Act360;;ModifiedFollowing;ModifiedFollowing;;2D
24.09.2025;6M;DEPOSIT;USD;0,04045;LIBOR;6M;6M;;;;6M;Act360;Act360;;ModifiedFollowing;ModifiedFollowing;;2D
24.09.2025;7Mx19M;FRA;EUR;0,02179;EURIBOR;3M;3M;;;;3M;Act360;Act360;;ModifiedFollowing;ModifiedFollowing;;2D
24.09.2025;10Y;IRS;EUR;0,02655;EURIBOR;3M;3M;;;;1Y;Act360;Act360;;ModifiedFollowing;ModifiedFollowing;;2D
24.09.2025;30Y;OIS;USD;0,03822;SOFR;1D;1Y;;;;1Y;Act360;Act360;;ModifiedFollowing;ModifiedFollowing;;2D
24.09.2025;4Y;OIS;EUR;0,021775;EONIA;1D;1Y;;;;1Y;Act360;Act360;;ModifiedFollowing;ModifiedFollowing;;2D
24.09.2025;50Y;IRS;EUR;0,02869;EURIBOR;3M;3M;;;;1Y;Act360;Act360;;ModifiedFollowing;ModifiedFollowing;;2D
24.09.2025;35Y;OIS;USD;0,03768;SOFR;1D;1Y;;;;1Y;Act360;Act360;;ModifiedFollowing;ModifiedFollowing;;2D
24.09.2025;40Y;OIS;USD;0,03713;SOFR;1D;1Y;;;;1Y;Act360;Act360;;ModifiedFollowing;ModifiedFollowing;;2D
24.09.2025;3M;DEPOSIT;USD;0,04075;LIBOR;3M;3M;;;;3M;Act360;Act360;;ModifiedFollowing;ModifiedFollowing;;2D
24.09.2025;8Mx20M;FRA;EUR;0,02186;EURIBOR;3M;3M;;;;3M;Act360;Act360;;ModifiedFollowing;ModifiedFollowing;;2D
24.09.2025;1Y;IRS;EUR;0,020281;EURIBOR;3M;3M;;;;1Y;Act360;Act360;;ModifiedFollowing;ModifiedFollowing;;2D
24.09.2025;12M;DEPOSIT;EUR;0,02075;EURIBOR;12M;1Y;;;;1Y;Act360;Act360;;ModifiedFollowing;ModifiedFollowing;;2D
24.09.2025;9Mx21M;FRA;EUR;0,02197;EURIBOR;3M;3M;;;;3M;Act360;Act360;;ModifiedFollowing;ModifiedFollowing;;2D
24.09.2025;50Y;OIS;USD;0,03593;SOFR;1D;1Y;;;;1Y;Act360;Act360;;ModifiedFollowing;ModifiedFollowing;;2D
24.09.2025;7M;OIS;EUR;0,01997;EONIA;1D;7M;;;;7M;Act360;Act360;;ModifiedFollowing;ModifiedFollowing;;2D
24.09.2025;6M;DEPOSIT;EUR;0,0192;EURIBOR;6M;6M;;;;6M;Act360;Act360;;ModifiedFollowing;ModifiedFollowing;;2D
24.09.2025;10Mx22M;FRA;EUR;0,0221;EURIBOR;3M;3M;;;;3M;Act360;Act360;;ModifiedFollowing;ModifiedFollowing;;2D
24.09.2025;7D;OIS;GBP;0,03969;SONIA;1D;7D;;;;7D;Act360;Act360;;ModifiedFollowing;ModifiedFollowing;;2D
24.09.2025;5Mx11M;FRA;GBP;0,03993;LIBOR;3M;3M;;;;3M;Act360;Act360;;ModifiedFollowing;ModifiedFollowing;;2D
24.09.2025;5Y;OIS;EUR;0,022625;EONIA;1D;1Y;;;;1Y;Act360;Act360;;ModifiedFollowing;ModifiedFollowing;;2D
24.09.2025;14D;OIS;GBP;0,03971;SONIA;1D;14D;;;;14D;Act360;Act360;;ModifiedFollowing;ModifiedFollowing;;2D
24.09.2025;30Y;OIS;EUR;0,029135;EONIA;1D;1Y;;;;1Y;Act360;Act360;;ModifiedFollowing;ModifiedFollowing;;2D
24.09.2025;3M;DEPOSIT;EUR;0,02035;EURIBOR;3M;3M;;;;3M;Act360;Act360;;ModifiedFollowing;ModifiedFollowing;;2D
24.09.2025;11Mx23M;FRA;EUR;0,02226;EURIBOR;3M;3M;;;;3M;Act360;Act360;;ModifiedFollowing;ModifiedFollowing;;2D
24.09.2025;4Mx10M;FRA;GBP;0,04026;LIBOR;3M;3M;;;;3M;Act360;Act360;;ModifiedFollowing;ModifiedFollowing;;2D
24.09.2025;1M;OIS;GBP;0,03974;SONIA;1D;1M;;;;1M;Act360;Act360;;ModifiedFollowing;ModifiedFollowing;;2D
24.09.2025;1M;DEPOSIT;EUR;0,01975;EURIBOR;1M;1M;;;;1M;Act360;Act360;;ModifiedFollowing;ModifiedFollowing;;2D
24.09.2025;1Mx4M;FRA;USD;0,04127;LIBOR;3M;3M;;;;3M;Act360;Act360;;ModifiedFollowing;ModifiedFollowing;;2D
24.09.2025;3Mx9M;FRA;GBP;0,04074;LIBOR;3M;3M;;;;3M;Act360;Act360;;ModifiedFollowing;ModifiedFollowing;;2D
24.09.2025;9M;IRS;EUR;0,019;EURIBOR;1M;1M;;;;1Y;Act360;Act360;;ModifiedFollowing;ModifiedFollowing;;2D
24.09.2025;50Y;OIS;GBP;0,04443;SONIA;1D;1Y;;;;1Y;Act360;Act360;;ModifiedFollowing;ModifiedFollowing;;2D
24.09.2025;2Mx5M;FRA;USD;0,04001;LIBOR;3M;3M;;;;3M;Act360;Act360;;ModifiedFollowing;ModifiedFollowing;;2D
24.09.2025;2M;OIS;GBP;0,03973;SONIA;1D;2M;;;;2M;Act360;Act360;;ModifiedFollowing;ModifiedFollowing;;2D
24.09.2025;10M;IRS;EUR;0,01897;EURIBOR;1M;1M;;;;1Y;Act360;Act360;;ModifiedFollowing;ModifiedFollowing;;2D
24.09.2025;40Y;OIS;GBP;0,04539;SONIA;1D;1Y;;;;1Y;Act360;Act360;;ModifiedFollowing;ModifiedFollowing;;2D
24.09.2025;2Mx8M;FRA;GBP;0,0412;LIBOR;3M;3M;;;;3M;Act360;Act360;;ModifiedFollowing;ModifiedFollowing;;2D
24.09.2025;3M;OIS;GBP;0,0397;SONIA;1D;3M;;;;3M;Act360;Act360;;ModifiedFollowing;ModifiedFollowing;;2D
23.09.2025;50Y;IRS;EUR;0,02869;EURIBOR;3M;3M;;;;1Y;Act360;Act360;;ModifiedFollowing;ModifiedFollowing;;2D
23.09.2025;12Y;IRS;EUR;0,02748;EURIBOR;3M;3M;;;;1Y;Act360;Act360;;ModifiedFollowing;ModifiedFollowing;;2D
23.09.2025;40Y;IRS;EUR;0,02916;EURIBOR;3M;3M;;;;1Y;Act360;Act360;;ModifiedFollowing;ModifiedFollowing;;2D
23.09.2025;30Y;IRS;EUR;0,029387;EURIBOR;3M;3M;;;;1Y;Act360;Act360;;ModifiedFollowing;ModifiedFollowing;;2D
23.09.2025;25Y;IRS;EUR;0,029465;EURIBOR;3M;3M;;;;1Y;Act360;Act360;;ModifiedFollowing;ModifiedFollowing;;2D
23.09.2025;6M;OIS;EUR;0,02001;EONIA;1D;6M;;;;6M;Act360;Act360;;ModifiedFollowing;ModifiedFollowing;;2D
23.09.2025;15Y;IRS;EUR;0,02859;EURIBOR;3M;3M;;;;1Y;Act360;Act360;;ModifiedFollowing;ModifiedFollowing;;2D
23.09.2025;20Y;IRS;EUR;0,029385;EURIBOR;3M;3M;;;;1Y;Act360;Act360;;ModifiedFollowing;ModifiedFollowing;;2D
23.09.2025;2M;OIS;EUR;0,02015;EONIA;1D;2M;;;;2M;Act360;Act360;;ModifiedFollowing;ModifiedFollowing;;2D
23.09.2025;9M;OIS;EUR;0,019813;EONIA;1D;9M;;;;9M;Act360;Act360;;ModifiedFollowing;ModifiedFollowing;;2D
23.09.2025;1Mx4M;FRA;EUR;0,02022;EURIBOR;3M;3M;;;;3M;Act360;Act360;;ModifiedFollowing;ModifiedFollowing;;2D
23.09.2025;10M;OIS;EUR;0,01976;EONIA;1D;1Y;;;;1Y;Act360;Act360;;ModifiedFollowing;ModifiedFollowing;;2D
23.09.2025;2Mx5M;FRA;EUR;0,02015;EURIBOR;3M;3M;;;;3M;Act360;Act360;;ModifiedFollowing;ModifiedFollowing;;2D
23.09.2025;3Mx6M;FRA;EUR;0,02005;EURIBOR;3M;3M;;;;3M;Act360;Act360;;ModifiedFollowing;ModifiedFollowing;;2D
23.09.2025;1M;OIS;EUR;0,02008;EONIA;1D;1M;;;;1M;Act360;Act360;;ModifiedFollowing;ModifiedFollowing;;2D
23.09.2025;4Mx7M;FRA;EUR;0,01995;EURIBOR;3M;3M;;;;3M;Act360;Act360;;ModifiedFollowing;ModifiedFollowing;;2D
23.09.2025;11M;OIS;EUR;0,019725;EONIA;1D;1Y;;;;1Y;Act360;Act360;;ModifiedFollowing;ModifiedFollowing;;2D
23.09.2025;5Mx8M;FRA;EUR;0,01981;EURIBOR;3M;3M;;;;3M;Act360;Act360;;ModifiedFollowing;ModifiedFollowing;;2D
23.09.2025;6Mx9M;FRA;EUR;0,01968;EURIBOR;3M;3M;;;;3M;Act360;Act360;;ModifiedFollowing;ModifiedFollowing;;2D
23.09.2025;14D;OIS;EUR;0,02011;EONIA;1D;14D;;;;14D;Act360;Act360;;ModifiedFollowing;ModifiedFollowing;;2D
23.09.2025;7Mx10M;FRA;EUR;0,01961;EURIBOR;3M;3M;;;;3M;Act360;Act360;;ModifiedFollowing;ModifiedFollowing;;2D
23.09.2025;1Y;OIS;EUR;0,019695;EONIA;1D;1Y;;;;1Y;Act360;Act360;;ModifiedFollowing;ModifiedFollowing;;2D
23.09.2025;8Mx11M;FRA;EUR;0,01954;EURIBOR;3M;3M;;;;3M;Act360;Act360;;ModifiedFollowing;ModifiedFollowing;;2D
23.09.2025;1Mx7M;FRA;EUR;0,0211;EURIBOR;3M;3M;;;;3M;Act360;Act360;;ModifiedFollowing;ModifiedFollowing;;2D
23.09.2025;2Mx8M;FRA;EUR;0,02102;EURIBOR;3M;3M;;;;3M;Act360;Act360;;ModifiedFollowing;ModifiedFollowing;;2D
23.09.2025;7D;OIS;EUR;0,019265;EONIA;1D;7D;;;;7D;Act360;Act360;;ModifiedFollowing;ModifiedFollowing;;2D
23.09.2025;8M;OIS;EUR;0,019863;EONIA;1D;8M;;;;8M;Act360;Act360;;ModifiedFollowing;ModifiedFollowing;;2D
23.09.2025;18M;OIS;EUR;0,019635;EONIA;1D;1Y;;;;1Y;Act360;Act360;;ModifiedFollowing;ModifiedFollowing;;2D
23.09.2025;3Mx9M;FRA;EUR;0,02089;EURIBOR;3M;3M;;;;3M;Act360;Act360;;ModifiedFollowing;ModifiedFollowing;;2D
23.09.2025;4Mx10M;FRA;EUR;0,02078;EURIBOR;3M;3M;;;;3M;Act360;Act360;;ModifiedFollowing;ModifiedFollowing;;2D
23.09.2025;5Mx11M;FRA;EUR;0,02063;EURIBOR;3M;3M;;;;3M;Act360;Act360;;ModifiedFollowing;ModifiedFollowing;;2D
23.09.2025;1Mx13M;FRA;EUR;0,02174;EURIBOR;3M;3M;;;;3M;Act360;Act360;;ModifiedFollowing;ModifiedFollowing;;2D
23.09.2025;2Y;OIS;EUR;0,01994;EONIA;1D;1Y;;;;1Y;Act360;Act360;;ModifiedFollowing;ModifiedFollowing;;2D
23.09.2025;2Mx14M;FRA;EUR;0,02171;EURIBOR;3M;3M;;;;3M;Act360;Act360;;ModifiedFollowing;ModifiedFollowing;;2D
23.09.2025;12M;DEPOSIT;GBP;0,0421;LIBOR;12M;1Y;;;;1Y;Act360;Act360;;ModifiedFollowing;ModifiedFollowing;;2D
23.09.2025;3Mx15M;FRA;EUR;0,02168;EURIBOR;3M;3M;;;;3M;Act360;Act360;;ModifiedFollowing;ModifiedFollowing;;2D
23.09.2025;3M;OIS;EUR;0,020137;EONIA;1D;3M;;;;3M;Act360;Act360;;ModifiedFollowing;ModifiedFollowing;;2D
23.09.2025;6M;DEPOSIT;GBP;0,0421;LIBOR;6M;6M;;;;6M;Act360;Act360;;ModifiedFollowing;ModifiedFollowing;;2D
23.09.2025;3M;DEPOSIT;GBP;0,0414;LIBOR;3M;3M;;;;3M;Act360;Act360;;ModifiedFollowing;ModifiedFollowing;;2D
23.09.2025;3Y;OIS;EUR;0,02077;EONIA;1D;1Y;;;;1Y;Act360;Act360;;ModifiedFollowing;ModifiedFollowing;;2D
23.09.2025;4Mx16M;FRA;EUR;0,02165;EURIBOR;3M;3M;;;;3M;Act360;Act360;;ModifiedFollowing;ModifiedFollowing;;2D
23.09.2025;1M;DEPOSIT;GBP;0,0408;LIBOR;1M;1M;;;;1M;Act360;Act360;;ModifiedFollowing;ModifiedFollowing;;2D
23.09.2025;5Mx17M;FRA;EUR;0,02165;EURIBOR;3M;3M;;;;3M;Act360;Act360;;ModifiedFollowing;ModifiedFollowing;;2D
23.09.2025;12M;DEPOSIT;USD;0,03955;LIBOR;12M;1Y;;;;1Y;Act360;Act360;;ModifiedFollowing;ModifiedFollowing;;2D
23.09.2025;6Mx18M;FRA;EUR;0,02168;EURIBOR;3M;3M;;;;3M;Act360;Act360;;ModifiedFollowing;ModifiedFollowing;;2D
23.09.2025;6M;DEPOSIT;USD;0,039;LIBOR;6M;6M;;;;6M;Act360;Act360;;ModifiedFollowing;ModifiedFollowing;;2D
23.09.2025;7Mx19M;FRA;EUR;0,02174;EURIBOR;3M;3M;;;;3M;Act360;Act360;;ModifiedFollowing;ModifiedFollowing;;2D
23.09.2025;4Y;OIS;EUR;0,021655;EONIA;1D;1Y;;;;1Y;Act360;Act360;;ModifiedFollowing;ModifiedFollowing;;2D
23.09.2025;3M;DEPOSIT;USD;0,04;LIBOR;3M;3M;;;;3M;Act360;Act360;;ModifiedFollowing;ModifiedFollowing;;2D
23.09.2025;8Mx20M;FRA;EUR;0,02181;EURIBOR;3M;3M;;;;3M;Act360;Act360;;ModifiedFollowing;ModifiedFollowing;;2D
23.09.2025;1M;DEPOSIT;USD;0,0415;LIBOR;1M;1M;;;;1M;Act360;Act360;;ModifiedFollowing;ModifiedFollowing;;2D
23.09.2025;12M;DEPOSIT;EUR;0,02235;EURIBOR;12M;1Y;;;;1Y;Act360;Act360;;ModifiedFollowing;ModifiedFollowing;;2D
23.09.2025;9Mx21M;FRA;EUR;0,02192;EURIBOR;3M;3M;;;;3M;Act360;Act360;;ModifiedFollowing;ModifiedFollowing;;2D
23.09.2025;6M;DEPOSIT;EUR;0,0191;EURIBOR;6M;6M;;;;6M;Act360;Act360;;ModifiedFollowing;ModifiedFollowing;;2D
23.09.2025;10Mx22M;FRA;EUR;0,02205;EURIBOR;3M;3M;;;;3M;Act360;Act360;;ModifiedFollowing;ModifiedFollowing;;2D
23.09.2025;3M;DEPOSIT;EUR;0,0199;EURIBOR;3M;3M;;;;3M;Act360;Act360;;ModifiedFollowing;ModifiedFollowing;;2D
23.09.2025;5Y;OIS;EUR;0,022456;EONIA;1D;1Y;;;;1Y;Act360;Act360;;ModifiedFollowing;ModifiedFollowing;;2D
23.09.2025;11Mx23M;FRA;EUR;0,0222;EURIBOR;3M;3M;;;;3M;Act360;Act360;;ModifiedFollowing;ModifiedFollowing;;2D
23.09.2025;1M;DEPOSIT;EUR;0,01985;EURIBOR;1M;1M;;;;1M;Act360;Act360;;ModifiedFollowing;ModifiedFollowing;;2D
23.09.2025;1Mx4M;FRA;USD;0,04134;LIBOR;3M;3M;;;;3M;Act360;Act360;;ModifiedFollowing;ModifiedFollowing;;2D
23.09.2025;50Y;OIS;GBP;0,04478;SONIA;1D;1Y;;;;1Y;Act360;Act360;;ModifiedFollowing;ModifiedFollowing;;2D
23.09.2025;40Y;OIS;GBP;0,04573;SONIA;1D;1Y;;;;1Y;Act360;Act360;;ModifiedFollowing;ModifiedFollowing;;2D
23.09.2025;2Mx5M;FRA;USD;0,04017;LIBOR;3M;3M;;;;3M;Act360;Act360;;ModifiedFollowing;ModifiedFollowing;;2D
23.09.2025;6Y;OIS;EUR;0,023218;EONIA;1D;1Y;;;;1Y;Act360;Act360;;ModifiedFollowing;ModifiedFollowing;;2D
23.09.2025;30Y;OIS;GBP;0,04633;SONIA;1D;1Y;;;;1Y;Act360;Act360;;ModifiedFollowing;ModifiedFollowing;;2D
23.09.2025;3Mx6M;FRA;USD;0,03925;LIBOR;3M;3M;;;;3M;Act360;Act360;;ModifiedFollowing;ModifiedFollowing;;2D
23.09.2025;25Y;OIS;GBP;0,04625;SONIA;1D;1Y;;;;1Y;Act360;Act360;;ModifiedFollowing;ModifiedFollowing;;2D
23.09.2025;4Mx7M;FRA;USD;0,03847;LIBOR;3M;3M;;;;3M;Act360;Act360;;ModifiedFollowing;ModifiedFollowing;;2D
23.09.2025;20Y;OIS;GBP;0,04563;SONIA;1D;1Y;;;;1Y;Act360;Act360;;ModifiedFollowing;ModifiedFollowing;;2D
23.09.2025;5Mx8M;FRA;USD;0,03774;LIBOR;3M;3M;;;;3M;Act360;Act360;;ModifiedFollowing;ModifiedFollowing;;2D
23.09.2025;7Y;OIS;EUR;0,023975;EONIA;1D;1Y;;;;1Y;Act360;Act360;;ModifiedFollowing;ModifiedFollowing;;2D
23.09.2025;15Y;OIS;GBP;0,04414;SONIA;1D;1Y;;;;1Y;Act360;Act360;;ModifiedFollowing;ModifiedFollowing;;2D
23.09.2025;6Mx9M;FRA;USD;0,03714;LIBOR;3M;3M;;;;3M;Act360;Act360;;ModifiedFollowing;ModifiedFollowing;;2D
23.09.2025;12Y;OIS;GBP;0,04263;SONIA;1D;1Y;;;;1Y;Act360;Act360;;ModifiedFollowing;ModifiedFollowing;;2D
23.09.2025;10Y;OIS;GBP;0,04138;SONIA;1D;1Y;;;;1Y;Act360;Act360;;ModifiedFollowing;ModifiedFollowing;;2D
23.09.2025;7Mx10M;FRA;USD;0,03639;LIBOR;3M;3M;;;;3M;Act360;Act360;;ModifiedFollowing;ModifiedFollowing;;2D
23.09.2025;9Y;OIS;GBP;0,0407;SONIA;1D;1Y;;;;1Y;Act360;Act360;;ModifiedFollowing;ModifiedFollowing;;2D
23.09.2025;8Mx11M;FRA;USD;0,0357;LIBOR;3M;3M;;;;3M;Act360;Act360;;ModifiedFollowing;ModifiedFollowing;;2D
23.09.2025;8Y;OIS;EUR;0,024695;EONIA;1D;1Y;;;;1Y;Act360;Act360;;ModifiedFollowing;ModifiedFollowing;;2D
23.09.2025;8Y;OIS;GBP;0,04001;SONIA;1D;1Y;;;;1Y;Act360;Act360;;ModifiedFollowing;ModifiedFollowing;;2D
23.09.2025;1Mx7M;FRA;USD;0,04175;LIBOR;3M;3M;;;;3M;Act360;Act360;;ModifiedFollowing;ModifiedFollowing;;2D
23.09.2025;7Y;OIS;GBP;0,03933;SONIA;1D;1Y;;;;1Y;Act360;Act360;;ModifiedFollowing;ModifiedFollowing;;2D
23.09.2025;2Mx8M;FRA;USD;0,04086;LIBOR;3M;3M;;;;3M;Act360;Act360;;ModifiedFollowing;ModifiedFollowing;;2D
23.09.2025;6Y;OIS;GBP;0,03871;SONIA;1D;1Y;;;;1Y;Act360;Act360;;ModifiedFollowing;ModifiedFollowing;;2D
23.09.2025;3Mx9M;FRA;USD;0,04001;LIBOR;3M;3M;;;;3M;Act360;Act360;;ModifiedFollowing;ModifiedFollowing;;2D
23.09.2025;5Y;OIS;GBP;0,03818;SONIA;1D;1Y;;;;1Y;Act360;Act360;;ModifiedFollowing;ModifiedFollowing;;2D
23.09.2025;9Y;OIS;EUR;0,025334;EONIA;1D;1Y;;;;1Y;Act360;Act360;;ModifiedFollowing;ModifiedFollowing;;2D
23.09.2025;4Y;OIS;GBP;0,03776;SONIA;1D;1Y;;;;1Y;Act360;Act360;;ModifiedFollowing;ModifiedFollowing;;2D
23.09.2025;4Mx10M;FRA;USD;0,03926;LIBOR;3M;3M;;;;3M;Act360;Act360;;ModifiedFollowing;ModifiedFollowing;;2D
23.09.2025;3Y;OIS;GBP;0,03749;SONIA;1D;1Y;;;;1Y;Act360;Act360;;ModifiedFollowing;ModifiedFollowing;;2D
23.09.2025;5Mx11M;FRA;USD;0,03849;LIBOR;3M;3M;;;;3M;Act360;Act360;;ModifiedFollowing;ModifiedFollowing;;2D
23.09.2025;2Y;OIS;GBP;0,03751;SONIA;1D;1Y;;;;1Y;Act360;Act360;;ModifiedFollowing;ModifiedFollowing;;2D
23.09.2025;1Mx4M;FRA;GBP;0,04063;LIBOR;3M;3M;;;;3M;Act360;Act360;;ModifiedFollowing;ModifiedFollowing;;2D
23.09.2025;18M;OIS;GBP;0,0377;SONIA;1D;1Y;;;;1Y;Act360;Act360;;ModifiedFollowing;ModifiedFollowing;;2D
23.09.2025;10Y;OIS;EUR;0,025945;EONIA;1D;1Y;;;;1Y;Act360;Act360;;ModifiedFollowing;ModifiedFollowing;;2D
23.09.2025;2Mx5M;FRA;GBP;0,04022;LIBOR;3M;3M;;;;3M;Act360;Act360;;ModifiedFollowing;ModifiedFollowing;;2D
23.09.2025;1Y;OIS;GBP;0,03855;SONIA;1D;1Y;;;;1Y;Act360;Act360;;ModifiedFollowing;ModifiedFollowing;;2D
23.09.2025;3Mx6M;FRA;GBP;0,03986;LIBOR;3M;3M;;;;3M;Act360;Act360;;ModifiedFollowing;ModifiedFollowing;;2D
23.09.2025;11M;OIS;GBP;0,03865;SONIA;1D;1Y;;;;1Y;Act360;Act360;;ModifiedFollowing;ModifiedFollowing;;2D
23.09.2025;4Mx7M;FRA;GBP;0,03938;LIBOR;3M;3M;;;;3M;Act360;Act360;;ModifiedFollowing;ModifiedFollowing;;2D
23.09.2025;10M;OIS;GBP;0,03879;SONIA;1D;1Y;;;;1Y;Act360;Act360;;ModifiedFollowing;ModifiedFollowing;;2D
23.09.2025;9M;OIS;GBP;0,03891;SONIA;1D;9M;;;;9M;Act360;Act360;;ModifiedFollowing;ModifiedFollowing;;2D
23.09.2025;5Mx8M;FRA;GBP;0,03887;LIBOR;3M;3M;;;;3M;Act360;Act360;;ModifiedFollowing;ModifiedFollowing;;2D
23.09.2025;15Y;OIS;EUR;0,02813;EONIA;1D;1Y;;;;1Y;Act360;Act360;;ModifiedFollowing;ModifiedFollowing;;2D
23.09.2025;8M;OIS;GBP;0,03904;SONIA;1D;8M;;;;8M;Act360;Act360;;ModifiedFollowing;ModifiedFollowing;;2D
23.09.2025;6Mx9M;FRA;GBP;0,03847;LIBOR;3M;3M;;;;3M;Act360;Act360;;ModifiedFollowing;ModifiedFollowing;;2D
23.09.2025;7M;OIS;GBP;0,03923;SONIA;1D;7M;;;;7M;Act360;Act360;;ModifiedFollowing;ModifiedFollowing;;2D
23.09.2025;7Mx10M;FRA;GBP;0,03811;LIBOR;3M;3M;;;;3M;Act360;Act360;;ModifiedFollowing;ModifiedFollowing;;2D
23.09.2025;6M;OIS;GBP;0,03937;SONIA;1D;6M;;;;6M;Act360;Act360;;ModifiedFollowing;ModifiedFollowing;;2D
23.09.2025;8Mx11M;FRA;GBP;0,03779;LIBOR;3M;3M;;;;3M;Act360;Act360;;ModifiedFollowing;ModifiedFollowing;;2D
23.09.2025;5M;OIS;GBP;0,03951;SONIA;1D;5M;;;;5M;Act360;Act360;;ModifiedFollowing;ModifiedFollowing;;2D
23.09.2025;1Mx7M;FRA;GBP;0,04176;LIBOR;3M;3M;;;;3M;Act360;Act360;;ModifiedFollowing;ModifiedFollowing;;2D
23.09.2025;20Y;OIS;EUR;0,02896;EONIA;1D;1Y;;;;1Y;Act360;Act360;;ModifiedFollowing;ModifiedFollowing;;2D
23.09.2025;4M;OIS;GBP;0,03965;SONIA;1D;4M;;;;4M;Act360;Act360;;ModifiedFollowing;ModifiedFollowing;;2D
23.09.2025;3M;OIS;GBP;0,03972;SONIA;1D;3M;;;;3M;Act360;Act360;;ModifiedFollowing;ModifiedFollowing;;2D
23.09.2025;2Mx8M;FRA;GBP;0,04133;LIBOR;3M;3M;;;;3M;Act360;Act360;;ModifiedFollowing;ModifiedFollowing;;2D
23.09.2025;2M;OIS;GBP;0,03974;SONIA;1D;2M;;;;2M;Act360;Act360;;ModifiedFollowing;ModifiedFollowing;;2D
23.09.2025;3Mx9M;FRA;GBP;0,04095;LIBOR;3M;3M;;;;3M;Act360;Act360;;ModifiedFollowing;ModifiedFollowing;;2D
23.09.2025;1M;OIS;GBP;0,03974;SONIA;1D;1M;;;;1M;Act360;Act360;;ModifiedFollowing;ModifiedFollowing;;2D
23.09.2025;4Mx10M;FRA;GBP;0,04049;LIBOR;3M;3M;;;;3M;Act360;Act360;;ModifiedFollowing;ModifiedFollowing;;2D
23.09.2025;30Y;OIS;EUR;0,02904;EONIA;1D;1Y;;;;1Y;Act360;Act360;;ModifiedFollowing;ModifiedFollowing;;2D
23.09.2025;14D;OIS;GBP;0,03971;SONIA;1D;14D;;;;14D;Act360;Act360;;ModifiedFollowing;ModifiedFollowing;;2D
23.09.2025;5Mx11M;FRA;GBP;0,04009;LIBOR;3M;3M;;;;3M;Act360;Act360;;ModifiedFollowing;ModifiedFollowing;;2D
23.09.2025;7M;OIS;EUR;0,01992;EONIA;1D;7M;;;;7M;Act360;Act360;;ModifiedFollowing;ModifiedFollowing;;2D
23.09.2025;7D;OIS;GBP;0,03969;SONIA;1D;7D;;;;7D;Act360;Act360;;ModifiedFollowing;ModifiedFollowing;;2D
23.09.2025;50Y;OIS;USD;0,03622;SOFR;1D;1Y;;;;1Y;Act360;Act360;;ModifiedFollowing;ModifiedFollowing;;2D
23.09.2025;1Y;IRS;EUR;0,020261;EURIBOR;3M;3M;;;;1Y;Act360;Act360;;ModifiedFollowing;ModifiedFollowing;;2D
23.09.2025;40Y;OIS;USD;0,03743;SOFR;1D;1Y;;;;1Y;Act360;Act360;;ModifiedFollowing;ModifiedFollowing;;2D
23.09.2025;35Y;OIS;USD;0,03798;SOFR;1D;1Y;;;;1Y;Act360;Act360;;ModifiedFollowing;ModifiedFollowing;;2D
23.09.2025;30Y;OIS;USD;0,03851;SOFR;1D;1Y;;;;1Y;Act360;Act360;;ModifiedFollowing;ModifiedFollowing;;2D
23.09.2025;25Y;OIS;USD;0,03888;SOFR;1D;1Y;;;;1Y;Act360;Act360;;ModifiedFollowing;ModifiedFollowing;;2D
23.09.2025;2Y;IRS;EUR;0,020574;EURIBOR;3M;3M;;;;1Y;Act360;Act360;;ModifiedFollowing;ModifiedFollowing;;2D
23.09.2025;20Y;OIS;USD;0,03879;SOFR;1D;1Y;;;;1Y;Act360;Act360;;ModifiedFollowing;ModifiedFollowing;;2D
23.09.2025;15Y;OIS;USD;0,03779;SOFR;1D;1Y;;;;1Y;Act360;Act360;;ModifiedFollowing;ModifiedFollowing;;2D
23.09.2025;5M;OIS;EUR;0,020035;EONIA;1D;5M;;;;5M;Act360;Act360;;ModifiedFollowing;ModifiedFollowing;;2D
23.09.2025;12Y;OIS;USD;0,03657;SOFR;1D;1Y;;;;1Y;Act360;Act360;;ModifiedFollowing;ModifiedFollowing;;2D
23.09.2025;4M;OIS;EUR;0,020075;EONIA;1D;4M;;;;4M;Act360;Act360;;ModifiedFollowing;ModifiedFollowing;;2D
23.09.2025;10Y;OIS;USD;0,03548;SOFR;1D;1Y;;;;1Y;Act360;Act360;;ModifiedFollowing;ModifiedFollowing;;2D
23.09.2025;3Y;IRS;EUR;0,021425;EURIBOR;3M;3M;;;;1Y;Act360;Act360;;ModifiedFollowing;ModifiedFollowing;;2D
23.09.2025;9Y;OIS;USD;0,0349;SOFR;1D;1Y;;;;1Y;Act360;Act360;;ModifiedFollowing;ModifiedFollowing;;2D
23.09.2025;8Y;OIS;USD;0,03428;SOFR;1D;1Y;;;;1Y;Act360;Act360;;ModifiedFollowing;ModifiedFollowing;;2D
23.09.2025;7Y;OIS;USD;0,03368;SOFR;1D;1Y;;;;1Y;Act360;Act360;;ModifiedFollowing;ModifiedFollowing;;2D
23.09.2025;4Y;IRS;EUR;0,02229;EURIBOR;3M;3M;;;;1Y;Act360;Act360;;ModifiedFollowing;ModifiedFollowing;;2D
23.09.2025;6Y;OIS;USD;0,03308;SOFR;1D;1Y;;;;1Y;Act360;Act360;;ModifiedFollowing;ModifiedFollowing;;2D
23.09.2025;5Y;OIS;USD;0,03257;SOFR;1D;1Y;;;;1Y;Act360;Act360;;ModifiedFollowing;ModifiedFollowing;;2D
23.09.2025;4Y;OIS;USD;0,0323;SOFR;1D;1Y;;;;1Y;Act360;Act360;;ModifiedFollowing;ModifiedFollowing;;2D
23.09.2025;3Y;OIS;USD;0,03227;SOFR;1D;1Y;;;;1Y;Act360;Act360;;ModifiedFollowing;ModifiedFollowing;;2D
23.09.2025;2Y;OIS;USD;0,032885;SOFR;1D;1Y;;;;1Y;Act360;Act360;;ModifiedFollowing;ModifiedFollowing;;2D
23.09.2025;5Y;IRS;EUR;0,02307;EURIBOR;3M;3M;;;;1Y;Act360;Act360;;ModifiedFollowing;ModifiedFollowing;;2D
23.09.2025;18M;OIS;USD;0,03377;SOFR;1D;1Y;;;;1Y;Act360;Act360;;ModifiedFollowing;ModifiedFollowing;;2D
23.09.2025;1Y;OIS;USD;0,03562;SOFR;1D;1Y;;;;1Y;Act360;Act360;;ModifiedFollowing;ModifiedFollowing;;2D
23.09.2025;11M;OIS;USD;0,03597;SOFR;1D;1Y;;;;1Y;Act360;Act360;;ModifiedFollowing;ModifiedFollowing;;2D
23.09.2025;10M;OIS;USD;0,0363;SOFR;1D;1Y;;;;1Y;Act360;Act360;;ModifiedFollowing;ModifiedFollowing;;2D
23.09.2025;6Y;IRS;EUR;0,023799;EURIBOR;3M;3M;;;;1Y;Act360;Act360;;ModifiedFollowing;ModifiedFollowing;;2D
23.09.2025;9M;OIS;USD;0,03669;SOFR;1D;9M;;;;9M;Act360;Act360;;ModifiedFollowing;ModifiedFollowing;;2D
23.09.2025;8M;OIS;USD;0,03701;SOFR;1D;8M;;;;8M;Act360;Act360;;ModifiedFollowing;ModifiedFollowing;;2D
23.09.2025;7M;OIS;USD;0,03738;SOFR;1D;7M;;;;7M;Act360;Act360;;ModifiedFollowing;ModifiedFollowing;;2D
23.09.2025;7Y;IRS;EUR;0,024515;EURIBOR;3M;3M;;;;1Y;Act360;Act360;;ModifiedFollowing;ModifiedFollowing;;2D
23.09.2025;6M;OIS;USD;0,0378;SOFR;1D;6M;;;;6M;Act360;Act360;;ModifiedFollowing;ModifiedFollowing;;2D
23.09.2025;5M;OIS;USD;0,03817;SOFR;1D;5M;;;;5M;Act360;Act360;;ModifiedFollowing;ModifiedFollowing;;2D
23.09.2025;4M;OIS;USD;0,03869;SOFR;1D;4M;;;;4M;Act360;Act360;;ModifiedFollowing;ModifiedFollowing;;2D
23.09.2025;3M;OIS;USD;0,03928;SOFR;1D;3M;;;;3M;Act360;Act360;;ModifiedFollowing;ModifiedFollowing;;2D
23.09.2025;8Y;IRS;EUR;0,025195;EURIBOR;3M;3M;;;;1Y;Act360;Act360;;ModifiedFollowing;ModifiedFollowing;;2D
23.09.2025;2M;OIS;USD;0,03999;SOFR;1D;2M;;;;2M;Act360;Act360;;ModifiedFollowing;ModifiedFollowing;;2D
23.09.2025;1M;OIS;USD;0,04088;SOFR;1D;1M;;;;1M;Act360;Act360;;ModifiedFollowing;ModifiedFollowing;;2D
23.09.2025;14D;OIS;USD;0,04085;SOFR;1D;14D;;;;14D;Act360;Act360;;ModifiedFollowing;ModifiedFollowing;;2D
23.09.2025;9Y;IRS;EUR;0,02585;EURIBOR;3M;3M;;;;1Y;Act360;Act360;;ModifiedFollowing;ModifiedFollowing;;2D
23.09.2025;7D;OIS;USD;0,04083;SOFR;1D;7D;;;;7D;Act360;Act360;;ModifiedFollowing;ModifiedFollowing;;2D
23.09.2025;11M;IRS;EUR;0,01896;EURIBOR;1M;1M;;;;1Y;Act360;Act360;;ModifiedFollowing;ModifiedFollowing;;2D
23.09.2025;10M;IRS;EUR;0,01899;EURIBOR;1M;1M;;;;1Y;Act360;Act360;;ModifiedFollowing;ModifiedFollowing;;2D
23.09.2025;9M;IRS;EUR;0,01902;EURIBOR;1M;1M;;;;1Y;Act360;Act360;;ModifiedFollowing;ModifiedFollowing;;2D
23.09.2025;8M;IRS;EUR;0,01906;EURIBOR;1M;1M;;;;1Y;Act360;Act360;;ModifiedFollowing;ModifiedFollowing;;2D
23.09.2025;10Y;IRS;EUR;0,02643;EURIBOR;3M;3M;;;;1Y;Act360;Act360;;ModifiedFollowing;ModifiedFollowing;;2D
23.09.2025;7M;IRS;EUR;0,0191;EURIBOR;1M;1M;;;;1Y;Act360;Act360;;ModifiedFollowing;ModifiedFollowing;;2D
23.09.2025;6M;IRS;EUR;0,01916;EURIBOR;1M;1M;;;;1Y;Act360;Act360;;ModifiedFollowing;ModifiedFollowing;;2D
23.09.2025;5M;IRS;EUR;0,01917;EURIBOR;1M;1M;;;;1Y;Act360;Act360;;ModifiedFollowing;ModifiedFollowing;;2D
23.09.2025;4M;IRS;EUR;0,01917;EURIBOR;1M;1M;;;;1Y;Act360;Act360;;ModifiedFollowing;ModifiedFollowing;;2D
23.09.2025;11Y;IRS;EUR;0,026978;EURIBOR;3M;3M;;;;1Y;Act360;Act360;;ModifiedFollowing;ModifiedFollowing;;2D
23.09.2025;3M;IRS;EUR;0,01918;EURIBOR;1M;1M;;;;1Y;Act360;Act360;;ModifiedFollowing;ModifiedFollowing;;2D
23.09.2025;2M;IRS;EUR;0,01915;EURIBOR;1M;1M;;;;1Y;Act360;Act360;;ModifiedFollowing;ModifiedFollowing;;2D
23.09.2025;60Y;IRS;EUR;0,02821;EURIBOR;3M;3M;;;;1Y;Act360;Act360;;ModifiedFollowing;ModifiedFollowing;;2D
22.09.2025;40Y;OIS;USD;0,03744;SOFR;1D;1Y;;;;1Y;Act360;Act360;;ModifiedFollowing;ModifiedFollowing;;2D
22.09.2025;5Y;OIS;EUR;0,022525;EONIA;1D;1Y;;;;1Y;Act360;Act360;;ModifiedFollowing;ModifiedFollowing;;2D
22.09.2025;12Y;OIS;USD;0,03657;SOFR;1D;1Y;;;;1Y;Act360;Act360;;ModifiedFollowing;ModifiedFollowing;;2D
22.09.2025;11M;OIS;USD;0,03579;SOFR;1D;1Y;;;;1Y;Act360;Act360;;ModifiedFollowing;ModifiedFollowing;;2D
22.09.2025;8Mx20M;FRA;EUR;0,02187;EURIBOR;3M;3M;;;;3M;Act360;Act360;;ModifiedFollowing;ModifiedFollowing;;2D
22.09.2025;6Mx9M;FRA;EUR;0,01968;EURIBOR;3M;3M;;;;3M;Act360;Act360;;ModifiedFollowing;ModifiedFollowing;;2D
22.09.2025;3M;OIS;EUR;0,02013;EONIA;1D;3M;;;;3M;Act360;Act360;;ModifiedFollowing;ModifiedFollowing;;2D
22.09.2025;10M;OIS;USD;0,03617;SOFR;1D;1Y;;;;1Y;Act360;Act360;;ModifiedFollowing;ModifiedFollowing;;2D
22.09.2025;5M;IRS;EUR;0,01919;EURIBOR;1M;1M;;;;1Y;Act360;Act360;;ModifiedFollowing;ModifiedFollowing;;2D
22.09.2025;1Y;IRS;EUR;0,0198185;EURIBOR;3M;3M;;;;1Y;Act360;Act360;;ModifiedFollowing;ModifiedFollowing;;2D
22.09.2025;5Mx8M;FRA;EUR;0,01979;EURIBOR;3M;3M;;;;3M;Act360;Act360;;ModifiedFollowing;ModifiedFollowing;;2D
22.09.2025;60Y;IRS;EUR;0,02812;EURIBOR;3M;3M;;;;1Y;Act360;Act360;;ModifiedFollowing;ModifiedFollowing;;2D
22.09.2025;6Y;IRS;EUR;0,023875;EURIBOR;3M;3M;;;;1Y;Act360;Act360;;ModifiedFollowing;ModifiedFollowing;;2D
22.09.2025;1M;OIS;GBP;0,03975;SONIA;1D;1M;;;;1M;Act360;Act360;;ModifiedFollowing;ModifiedFollowing;;2D
22.09.2025;10Y;OIS;USD;0,03547;SOFR;1D;1Y;;;;1Y;Act360;Act360;;ModifiedFollowing;ModifiedFollowing;;2D
22.09.2025;9M;OIS;USD;0,03655;SOFR;1D;9M;;;;9M;Act360;Act360;;ModifiedFollowing;ModifiedFollowing;;2D
22.09.2025;20Y;IRS;EUR;0,02939;EURIBOR;3M;3M;;;;1Y;Act360;Act360;;ModifiedFollowing;ModifiedFollowing;;2D
22.09.2025;3M;DEPOSIT;USD;0,04135;LIBOR;3M;3M;;;;3M;Act360;Act360;;ModifiedFollowing;ModifiedFollowing;;2D
22.09.2025;11M;OIS;EUR;0,01971;EONIA;1D;1Y;;;;1Y;Act360;Act360;;ModifiedFollowing;ModifiedFollowing;;2D
22.09.2025;3Mx15M;FRA;EUR;0,02174;EURIBOR;3M;3M;;;;3M;Act360;Act360;;ModifiedFollowing;ModifiedFollowing;;2D
22.09.2025;6M;DEPOSIT;GBP;0,042;LIBOR;6M;6M;;;;6M;Act360;Act360;;ModifiedFollowing;ModifiedFollowing;;2D
22.09.2025;2Mx8M;FRA;GBP;0,04132;LIBOR;3M;3M;;;;3M;Act360;Act360;;ModifiedFollowing;ModifiedFollowing;;2D
22.09.2025;12M;DEPOSIT;GBP;0,042;LIBOR;12M;1Y;;;;1Y;Act360;Act360;;ModifiedFollowing;ModifiedFollowing;;2D
22.09.2025;8M;OIS;USD;0,03688;SOFR;1D;8M;;;;8M;Act360;Act360;;ModifiedFollowing;ModifiedFollowing;;2D
22.09.2025;50Y;IRS;EUR;0,028605;EURIBOR;3M;3M;;;;1Y;Act360;Act360;;ModifiedFollowing;ModifiedFollowing;;2D
22.09.2025;4Mx7M;FRA;EUR;0,01993;EURIBOR;3M;3M;;;;3M;Act360;Act360;;ModifiedFollowing;ModifiedFollowing;;2D
22.09.2025;1M;DEPOSIT;EUR;0,0214;EURIBOR;1M;1M;;;;1M;Act360;Act360;;ModifiedFollowing;ModifiedFollowing;;2D
22.09.2025;2Mx14M;FRA;EUR;0,02176;EURIBOR;3M;3M;;;;3M;Act360;Act360;;ModifiedFollowing;ModifiedFollowing;;2D
22.09.2025;1M;OIS;EUR;0,02008;EONIA;1D;1M;;;;1M;Act360;Act360;;ModifiedFollowing;ModifiedFollowing;;2D
22.09.2025;3Y;IRS;EUR;0,021519;EURIBOR;3M;3M;;;;1Y;Act360;Act360;;ModifiedFollowing;ModifiedFollowing;;2D
22.09.2025;3Mx6M;FRA;EUR;0,02005;EURIBOR;3M;3M;;;;3M;Act360;Act360;;ModifiedFollowing;ModifiedFollowing;;2D
22.09.2025;4M;IRS;EUR;0,01921;EURIBOR;1M;1M;;;;1Y;Act360;Act360;;ModifiedFollowing;ModifiedFollowing;;2D
22.09.2025;5Mx11M;FRA;GBP;0,04011;LIBOR;3M;3M;;;;3M;Act360;Act360;;ModifiedFollowing;ModifiedFollowing;;2D
22.09.2025;35Y;OIS;USD;0,03799;SOFR;1D;1Y;;;;1Y;Act360;Act360;;ModifiedFollowing;ModifiedFollowing;;2D
22.09.2025;7M;OIS;USD;0,0373;SOFR;1D;7M;;;;7M;Act360;Act360;;ModifiedFollowing;ModifiedFollowing;;2D
22.09.2025;2Mx5M;FRA;EUR;0,02029;EURIBOR;3M;3M;;;;3M;Act360;Act360;;ModifiedFollowing;ModifiedFollowing;;2D
22.09.2025;15Y;IRS;EUR;0,028644;EURIBOR;3M;3M;;;;1Y;Act360;Act360;;ModifiedFollowing;ModifiedFollowing;;2D
22.09.2025;4M;OIS;EUR;0,02003;EONIA;1D;4M;;;;4M;Act360;Act360;;ModifiedFollowing;ModifiedFollowing;;2D
22.09.2025;7Y;IRS;EUR;0,024594;EURIBOR;3M;3M;;;;1Y;Act360;Act360;;ModifiedFollowing;ModifiedFollowing;;2D
22.09.2025;9Y;OIS;USD;0,03488;SOFR;1D;1Y;;;;1Y;Act360;Act360;;ModifiedFollowing;ModifiedFollowing;;2D
22.09.2025;4Y;OIS;EUR;0,021705;EONIA;1D;1Y;;;;1Y;Act360;Act360;;ModifiedFollowing;ModifiedFollowing;;2D
22.09.2025;10M;IRS;EUR;0,019;EURIBOR;1M;1M;;;;1Y;Act360;Act360;;ModifiedFollowing;ModifiedFollowing;;2D
22.09.2025;6M;OIS;USD;0,03773;SOFR;1D;6M;;;;6M;Act360;Act360;;ModifiedFollowing;ModifiedFollowing;;2D
22.09.2025;2Y;OIS;EUR;0,01997;EONIA;1D;1Y;;;;1Y;Act360;Act360;;ModifiedFollowing;ModifiedFollowing;;2D
22.09.2025;1Mx13M;FRA;EUR;0,02178;EURIBOR;3M;3M;;;;3M;Act360;Act360;;ModifiedFollowing;ModifiedFollowing;;2D
22.09.2025;2M;OIS;GBP;0,03974;SONIA;1D;2M;;;;2M;Act360;Act360;;ModifiedFollowing;ModifiedFollowing;;2D
22.09.2025;10M;OIS;EUR;0,01975;EONIA;1D;1Y;;;;1Y;Act360;Act360;;ModifiedFollowing;ModifiedFollowing;;2D
22.09.2025;1Mx4M;FRA;EUR;0,02025;EURIBOR;3M;3M;;;;3M;Act360;Act360;;ModifiedFollowing;ModifiedFollowing;;2D
22.09.2025;7D;OIS;GBP;0,0397;SONIA;1D;7D;;;;7D;Act360;Act360;;ModifiedFollowing;ModifiedFollowing;;2D
22.09.2025;5M;OIS;USD;0,03811;SOFR;1D;5M;;;;5M;Act360;Act360;;ModifiedFollowing;ModifiedFollowing;;2D
22.09.2025;11Y;IRS;EUR;0,02705;EURIBOR;3M;3M;;;;1Y;Act360;Act360;;ModifiedFollowing;ModifiedFollowing;;2D
22.09.2025;9M;IRS;EUR;0,01903;EURIBOR;1M;1M;;;;1Y;Act360;Act360;;ModifiedFollowing;ModifiedFollowing;;2D
22.09.2025;8Y;OIS;USD;0,03425;SOFR;1D;1Y;;;;1Y;Act360;Act360;;ModifiedFollowing;ModifiedFollowing;;2D
22.09.2025;30Y;OIS;USD;0,03853;SOFR;1D;1Y;;;;1Y;Act360;Act360;;ModifiedFollowing;ModifiedFollowing;;2D
22.09.2025;4M;OIS;USD;0,03864;SOFR;1D;4M;;;;4M;Act360;Act360;;ModifiedFollowing;ModifiedFollowing;;2D
22.09.2025;3M;DEPOSIT;EUR;0,0199;EURIBOR;3M;3M;;;;3M;Act360;Act360;;ModifiedFollowing;ModifiedFollowing;;2D
22.09.2025;5M;OIS;EUR;0,02001;EONIA;1D;5M;;;;5M;Act360;Act360;;ModifiedFollowing;ModifiedFollowing;;2D
22.09.2025;7M;IRS;EUR;0,01911;EURIBOR;1M;1M;;;;1Y;Act360;Act360;;ModifiedFollowing;ModifiedFollowing;;2D
22.09.2025;3M;OIS;USD;0,03931;SOFR;1D;3M;;;;3M;Act360;Act360;;ModifiedFollowing;ModifiedFollowing;;2D
22.09.2025;11Mx23M;FRA;EUR;0,02227;EURIBOR;3M;3M;;;;3M;Act360;Act360;;ModifiedFollowing;ModifiedFollowing;;2D
22.09.2025;50Y;OIS;GBP;0,04502;SONIA;1D;1Y;;;;1Y;Act360;Act360;;ModifiedFollowing;ModifiedFollowing;;2D
22.09.2025;7Y;OIS;USD;0,03362;SOFR;1D;1Y;;;;1Y;Act360;Act360;;ModifiedFollowing;ModifiedFollowing;;2D
22.09.2025;3M;IRS;EUR;0,01926;EURIBOR;1M;1M;;;;1Y;Act360;Act360;;ModifiedFollowing;ModifiedFollowing;;2D
22.09.2025;8Y;IRS;EUR;0,025265;EURIBOR;3M;3M;;;;1Y;Act360;Act360;;ModifiedFollowing;ModifiedFollowing;;2D
22.09.2025;5Mx11M;FRA;EUR;0,02064;EURIBOR;3M;3M;;;;3M;Act360;Act360;;ModifiedFollowing;ModifiedFollowing;;2D
22.09.2025;7Mx19M;FRA;EUR;0,02178;EURIBOR;3M;3M;;;;3M;Act360;Act360;;ModifiedFollowing;ModifiedFollowing;;2D
22.09.2025;25Y;IRS;EUR;0,029445;EURIBOR;3M;3M;;;;1Y;Act360;Act360;;ModifiedFollowing;ModifiedFollowing;;2D
22.09.2025;8M;IRS;EUR;0,01907;EURIBOR;1M;1M;;;;1Y;Act360;Act360;;ModifiedFollowing;ModifiedFollowing;;2D
22.09.2025;2M;OIS;USD;0,04001;SOFR;1D;2M;;;;2M;Act360;Act360;;ModifiedFollowing;ModifiedFollowing;;2D
22.09.2025;9M;OIS;EUR;0,0198;EONIA;1D;9M;;;;9M;Act360;Act360;;ModifiedFollowing;ModifiedFollowing;;2D
22.09.2025;2M;OIS;EUR;0,02015;EONIA;1D;2M;;;;2M;Act360;Act360;;ModifiedFollowing;ModifiedFollowing;;2D
22.09.2025;4Mx10M;FRA;EUR;0,02075;EURIBOR;3M;3M;;;;3M;Act360;Act360;;ModifiedFollowing;ModifiedFollowing;;2D
22.09.2025;4Mx10M;FRA;GBP;0,04056;LIBOR;3M;3M;;;;3M;Act360;Act360;;ModifiedFollowing;ModifiedFollowing;;2D
22.09.2025;1M;OIS;USD;0,04089;SOFR;1D;1M;;;;1M;Act360;Act360;;ModifiedFollowing;ModifiedFollowing;;2D
22.09.2025;10Mx22M;FRA;EUR;0,02212;EURIBOR;3M;3M;;;;3M;Act360;Act360;;ModifiedFollowing;ModifiedFollowing;;2D
22.09.2025;25Y;OIS;USD;0,0389;SOFR;1D;1Y;;;;1Y;Act360;Act360;;ModifiedFollowing;ModifiedFollowing;;2D
22.09.2025;12Y;IRS;EUR;0,02757;EURIBOR;3M;3M;;;;1Y;Act360;Act360;;ModifiedFollowing;ModifiedFollowing;;2D
22.09.2025;14D;OIS;USD;0,04085;SOFR;1D;14D;;;;14D;Act360;Act360;;ModifiedFollowing;ModifiedFollowing;;2D
22.09.2025;4Y;IRS;EUR;0,02236;EURIBOR;3M;3M;;;;1Y;Act360;Act360;;ModifiedFollowing;ModifiedFollowing;;2D
22.09.2025;4Y;OIS;GBP;0,03777;SONIA;1D;1Y;;;;1Y;Act360;Act360;;ModifiedFollowing;ModifiedFollowing;;2D
22.09.2025;40Y;OIS;GBP;0,04596;SONIA;1D;1Y;;;;1Y;Act360;Act360;;ModifiedFollowing;ModifiedFollowing;;2D
22.09.2025;3Mx9M;FRA;EUR;0,02085;EURIBOR;3M;3M;;;;3M;Act360;Act360;;ModifiedFollowing;ModifiedFollowing;;2D
22.09.2025;6Y;OIS;USD;0,03299;SOFR;1D;1Y;;;;1Y;Act360;Act360;;ModifiedFollowing;ModifiedFollowing;;2D
22.09.2025;9Y;OIS;EUR;0,025415;EONIA;1D;1Y;;;;1Y;Act360;Act360;;ModifiedFollowing;ModifiedFollowing;;2D
22.09.2025;4Mx10M;FRA;USD;0,03895;LIBOR;3M;3M;;;;3M;Act360;Act360;;ModifiedFollowing;ModifiedFollowing;;2D
22.09.2025;6M;DEPOSIT;USD;0,03975;LIBOR;6M;6M;;;;6M;Act360;Act360;;ModifiedFollowing;ModifiedFollowing;;2D
22.09.2025;3Y;OIS;GBP;0,03748;SONIA;1D;1Y;;;;1Y;Act360;Act360;;ModifiedFollowing;ModifiedFollowing;;2D
22.09.2025;1Mx4M;FRA;USD;0,04128;LIBOR;3M;3M;;;;3M;Act360;Act360;;ModifiedFollowing;ModifiedFollowing;;2D
22.09.2025;5Y;OIS;GBP;0,03822;SONIA;1D;1Y;;;;1Y;Act360;Act360;;ModifiedFollowing;ModifiedFollowing;;2D
22.09.2025;18M;OIS;EUR;0,01965;EONIA;1D;1Y;;;;1Y;Act360;Act360;;ModifiedFollowing;ModifiedFollowing;;2D
22.09.2025;5Mx11M;FRA;USD;0,03825;LIBOR;3M;3M;;;;3M;Act360;Act360;;ModifiedFollowing;ModifiedFollowing;;2D
22.09.2025;40Y;IRS;EUR;0,029099;EURIBOR;3M;3M;;;;1Y;Act360;Act360;;ModifiedFollowing;ModifiedFollowing;;2D
22.09.2025;2Y;OIS;GBP;0,03751;SONIA;1D;1Y;;;;1Y;Act360;Act360;;ModifiedFollowing;ModifiedFollowing;;2D
22.09.2025;30Y;OIS;EUR;0,029065;EONIA;1D;1Y;;;;1Y;Act360;Act360;;ModifiedFollowing;ModifiedFollowing;;2D
22.09.2025;5Y;OIS;USD;0,03245;SOFR;1D;1Y;;;;1Y;Act360;Act360;;ModifiedFollowing;ModifiedFollowing;;2D
22.09.2025;3Mx9M;FRA;USD;0,03976;LIBOR;3M;3M;;;;3M;Act360;Act360;;ModifiedFollowing;ModifiedFollowing;;2D
22.09.2025;1Mx4M;FRA;GBP;0,04057;LIBOR;3M;3M;;;;3M;Act360;Act360;;ModifiedFollowing;ModifiedFollowing;;2D
22.09.2025;6Mx18M;FRA;EUR;0,02172;EURIBOR;3M;3M;;;;3M;Act360;Act360;;ModifiedFollowing;ModifiedFollowing;;2D
22.09.2025;18M;OIS;GBP;0,03771;SONIA;1D;1Y;;;;1Y;Act360;Act360;;ModifiedFollowing;ModifiedFollowing;;2D
22.09.2025;6Y;OIS;GBP;0,03877;SONIA;1D;1Y;;;;1Y;Act360;Act360;;ModifiedFollowing;ModifiedFollowing;;2D
22.09.2025;12M;DEPOSIT;USD;0,03945;LIBOR;12M;1Y;;;;1Y;Act360;Act360;;ModifiedFollowing;ModifiedFollowing;;2D
22.09.2025;4Y;OIS;USD;0,03215;SOFR;1D;1Y;;;;1Y;Act360;Act360;;ModifiedFollowing;ModifiedFollowing;;2D
22.09.2025;2Mx8M;FRA;USD;0,04066;LIBOR;3M;3M;;;;3M;Act360;Act360;;ModifiedFollowing;ModifiedFollowing;;2D
22.09.2025;7Y;OIS;GBP;0,03942;SONIA;1D;1Y;;;;1Y;Act360;Act360;;ModifiedFollowing;ModifiedFollowing;;2D
22.09.2025;7D;OIS;EUR;0,019265;EONIA;1D;7D;;;;7D;Act360;Act360;;ModifiedFollowing;ModifiedFollowing;;2D
22.09.2025;1Mx7M;FRA;USD;0,04161;LIBOR;3M;3M;;;;3M;Act360;Act360;;ModifiedFollowing;ModifiedFollowing;;2D
22.09.2025;8Y;OIS;GBP;0,04011;SONIA;1D;1Y;;;;1Y;Act360;Act360;;ModifiedFollowing;ModifiedFollowing;;2D
22.09.2025;10Y;OIS;EUR;0,026027;EONIA;1D;1Y;;;;1Y;Act360;Act360;;ModifiedFollowing;ModifiedFollowing;;2D
22.09.2025;8M;OIS;EUR;0,01985;EONIA;1D;8M;;;;8M;Act360;Act360;;ModifiedFollowing;ModifiedFollowing;;2D
22.09.2025;6M;DEPOSIT;EUR;0,0192;EURIBOR;6M;6M;;;;6M;Act360;Act360;;ModifiedFollowing;ModifiedFollowing;;2D
22.09.2025;2Mx5M;FRA;GBP;0,04018;LIBOR;3M;3M;;;;3M;Act360;Act360;;ModifiedFollowing;ModifiedFollowing;;2D
22.09.2025;30Y;IRS;EUR;0,02943;EURIBOR;3M;3M;;;;1Y;Act360;Act360;;ModifiedFollowing;ModifiedFollowing;;2D
22.09.2025;1Y;OIS;GBP;0,03855;SONIA;1D;1Y;;;;1Y;Act360;Act360;;ModifiedFollowing;ModifiedFollowing;;2D
22.09.2025;5Mx17M;FRA;EUR;0,02169;EURIBOR;3M;3M;;;;3M;Act360;Act360;;ModifiedFollowing;ModifiedFollowing;;2D
22.09.2025;8Y;OIS;EUR;0,024745;EONIA;1D;1Y;;;;1Y;Act360;Act360;;ModifiedFollowing;ModifiedFollowing;;2D
22.09.2025;3Mx9M;FRA;GBP;0,04092;LIBOR;3M;3M;;;;3M;Act360;Act360;;ModifiedFollowing;ModifiedFollowing;;2D
22.09.2025;3Y;OIS;USD;0,03208;SOFR;1D;1Y;;;;1Y;Act360;Act360;;ModifiedFollowing;ModifiedFollowing;;2D
22.09.2025;6M;IRS;EUR;0,01917;EURIBOR;1M;1M;;;;1Y;Act360;Act360;;ModifiedFollowing;ModifiedFollowing;;2D
22.09.2025;2M;IRS;EUR;0,01922;EURIBOR;1M;1M;;;;1Y;Act360;Act360;;ModifiedFollowing;ModifiedFollowing;;2D
22.09.2025;3Mx6M;FRA;GBP;0,03982;LIBOR;3M;3M;;;;3M;Act360;Act360;;ModifiedFollowing;ModifiedFollowing;;2D
22.09.2025;2Mx8M;FRA;EUR;0,02103;EURIBOR;3M;3M;;;;3M;Act360;Act360;;ModifiedFollowing;ModifiedFollowing;;2D
22.09.2025;11M;OIS;GBP;0,03865;SONIA;1D;1Y;;;;1Y;Act360;Act360;;ModifiedFollowing;ModifiedFollowing;;2D
22.09.2025;9Y;IRS;EUR;0,025936;EURIBOR;3M;3M;;;;1Y;Act360;Act360;;ModifiedFollowing;ModifiedFollowing;;2D
22.09.2025;8Mx11M;FRA;USD;0,03534;LIBOR;3M;3M;;;;3M;Act360;Act360;;ModifiedFollowing;ModifiedFollowing;;2D
22.09.2025;9Y;OIS;GBP;0,04082;SONIA;1D;1Y;;;;1Y;Act360;Act360;;ModifiedFollowing;ModifiedFollowing;;2D
22.09.2025;2Y;IRS;EUR;0,02064;EURIBOR;3M;3M;;;;1Y;Act360;Act360;;ModifiedFollowing;ModifiedFollowing;;2D
22.09.2025;2Mx5M;FRA;USD;0,04008;LIBOR;3M;3M;;;;3M;Act360;Act360;;ModifiedFollowing;ModifiedFollowing;;2D
22.09.2025;1M;DEPOSIT;GBP;0,04045;LIBOR;1M;1M;;;;1M;Act360;Act360;;ModifiedFollowing;ModifiedFollowing;;2D
22.09.2025;10M;OIS;GBP;0,03879;SONIA;1D;1Y;;;;1Y;Act360;Act360;;ModifiedFollowing;ModifiedFollowing;;2D
22.09.2025;50Y;OIS;USD;0,03623;SOFR;1D;1Y;;;;1Y;Act360;Act360;;ModifiedFollowing;ModifiedFollowing;;2D
22.09.2025;4Mx7M;FRA;GBP;0,03936;LIBOR;3M;3M;;;;3M;Act360;Act360;;ModifiedFollowing;ModifiedFollowing;;2D
22.09.2025;20Y;OIS;USD;0,03881;SOFR;1D;1Y;;;;1Y;Act360;Act360;;ModifiedFollowing;ModifiedFollowing;;2D
22.09.2025;2Y;OIS;USD;0,032682;SOFR;1D;1Y;;;;1Y;Act360;Act360;;ModifiedFollowing;ModifiedFollowing;;2D
22.09.2025;9M;OIS;GBP;0,0389;SONIA;1D;9M;;;;9M;Act360;Act360;;ModifiedFollowing;ModifiedFollowing;;2D
22.09.2025;7Mx10M;FRA;USD;0,03606;LIBOR;3M;3M;;;;3M;Act360;Act360;;ModifiedFollowing;ModifiedFollowing;;2D
22.09.2025;10Y;OIS;GBP;0,04152;SONIA;1D;1Y;;;;1Y;Act360;Act360;;ModifiedFollowing;ModifiedFollowing;;2D
22.09.2025;7D;OIS;USD;0,04083;SOFR;1D;7D;;;;7D;Act360;Act360;;ModifiedFollowing;ModifiedFollowing;;2D
22.09.2025;5Mx8M;FRA;GBP;0,03889;LIBOR;3M;3M;;;;3M;Act360;Act360;;ModifiedFollowing;ModifiedFollowing;;2D
22.09.2025;6Mx9M;FRA;USD;0,03684;LIBOR;3M;3M;;;;3M;Act360;Act360;;ModifiedFollowing;ModifiedFollowing;;2D
22.09.2025;1Mx7M;FRA;EUR;0,02111;EURIBOR;3M;3M;;;;3M;Act360;Act360;;ModifiedFollowing;ModifiedFollowing;;2D
22.09.2025;12Y;OIS;GBP;0,0428;SONIA;1D;1Y;;;;1Y;Act360;Act360;;ModifiedFollowing;ModifiedFollowing;;2D
22.09.2025;9Mx21M;FRA;EUR;0,02198;EURIBOR;3M;3M;;;;3M;Act360;Act360;;ModifiedFollowing;ModifiedFollowing;;2D
22.09.2025;15Y;OIS;EUR;0,02821;EONIA;1D;1Y;;;;1Y;Act360;Act360;;ModifiedFollowing;ModifiedFollowing;;2D
22.09.2025;12M;DEPOSIT;EUR;0,02025;EURIBOR;12M;1Y;;;;1Y;Act360;Act360;;ModifiedFollowing;ModifiedFollowing;;2D
22.09.2025;5Y;IRS;EUR;0,023145;EURIBOR;3M;3M;;;;1Y;Act360;Act360;;ModifiedFollowing;ModifiedFollowing;;2D
22.09.2025;4Mx16M;FRA;EUR;0,02169;EURIBOR;3M;3M;;;;3M;Act360;Act360;;ModifiedFollowing;ModifiedFollowing;;2D
22.09.2025;8M;OIS;GBP;0,03905;SONIA;1D;8M;;;;8M;Act360;Act360;;ModifiedFollowing;ModifiedFollowing;;2D
22.09.2025;7Y;OIS;EUR;0,024045;EONIA;1D;1Y;;;;1Y;Act360;Act360;;ModifiedFollowing;ModifiedFollowing;;2D
22.09.2025;15Y;OIS;GBP;0,04432;SONIA;1D;1Y;;;;1Y;Act360;Act360;;ModifiedFollowing;ModifiedFollowing;;2D
22.09.2025;7M;OIS;EUR;0,01991;EONIA;1D;7M;;;;7M;Act360;Act360;;ModifiedFollowing;ModifiedFollowing;;2D
22.09.2025;8Mx11M;FRA;EUR;0,01957;EURIBOR;3M;3M;;;;3M;Act360;Act360;;ModifiedFollowing;ModifiedFollowing;;2D
22.09.2025;6Mx9M;FRA;GBP;0,03852;LIBOR;3M;3M;;;;3M;Act360;Act360;;ModifiedFollowing;ModifiedFollowing;;2D
22.09.2025;7M;OIS;GBP;0,03921;SONIA;1D;7M;;;;7M;Act360;Act360;;ModifiedFollowing;ModifiedFollowing;;2D
22.09.2025;5Mx8M;FRA;USD;0,03754;LIBOR;3M;3M;;;;3M;Act360;Act360;;ModifiedFollowing;ModifiedFollowing;;2D
22.09.2025;20Y;OIS;GBP;0,04582;SONIA;1D;1Y;;;;1Y;Act360;Act360;;ModifiedFollowing;ModifiedFollowing;;2D
22.09.2025;6M;OIS;EUR;0,02001;EONIA;1D;6M;;;;6M;Act360;Act360;;ModifiedFollowing;ModifiedFollowing;;2D
22.09.2025;7Mx10M;FRA;GBP;0,03814;LIBOR;3M;3M;;;;3M;Act360;Act360;;ModifiedFollowing;ModifiedFollowing;;2D
22.09.2025;18M;OIS;USD;0,03356;SOFR;1D;1Y;;;;1Y;Act360;Act360;;ModifiedFollowing;ModifiedFollowing;;2D
22.09.2025;14D;OIS;GBP;0,03971;SONIA;1D;14D;;;;14D;Act360;Act360;;ModifiedFollowing;ModifiedFollowing;;2D
22.09.2025;6M;OIS;GBP;0,03934;SONIA;1D;6M;;;;6M;Act360;Act360;;ModifiedFollowing;ModifiedFollowing;;2D
22.09.2025;1Y;OIS;EUR;0,019685;EONIA;1D;1Y;;;;1Y;Act360;Act360;;ModifiedFollowing;ModifiedFollowing;;2D
22.09.2025;4Mx7M;FRA;USD;0,03822;LIBOR;3M;3M;;;;3M;Act360;Act360;;ModifiedFollowing;ModifiedFollowing;;2D
22.09.2025;25Y;OIS;GBP;0,04646;SONIA;1D;1Y;;;;1Y;Act360;Act360;;ModifiedFollowing;ModifiedFollowing;;2D
22.09.2025;15Y;OIS;USD;0,0378;SOFR;1D;1Y;;;;1Y;Act360;Act360;;ModifiedFollowing;ModifiedFollowing;;2D
22.09.2025;8Mx11M;FRA;GBP;0,03785;LIBOR;3M;3M;;;;3M;Act360;Act360;;ModifiedFollowing;ModifiedFollowing;;2D
22.09.2025;5M;OIS;GBP;0,03949;SONIA;1D;5M;;;;5M;Act360;Act360;;ModifiedFollowing;ModifiedFollowing;;2D
22.09.2025;1M;DEPOSIT;USD;0,04265;LIBOR;1M;1M;;;;1M;Act360;Act360;;ModifiedFollowing;ModifiedFollowing;;2D
22.09.2025;1Y;OIS;USD;0,03544;SOFR;1D;1Y;;;;1Y;Act360;Act360;;ModifiedFollowing;ModifiedFollowing;;2D
22.09.2025;3Mx6M;FRA;USD;0,03907;LIBOR;3M;3M;;;;3M;Act360;Act360;;ModifiedFollowing;ModifiedFollowing;;2D
22.09.2025;11M;IRS;EUR;0,01898;EURIBOR;1M;1M;;;;1Y;Act360;Act360;;ModifiedFollowing;ModifiedFollowing;;2D
22.09.2025;1Mx7M;FRA;GBP;0,04175;LIBOR;3M;3M;;;;3M;Act360;Act360;;ModifiedFollowing;ModifiedFollowing;;2D
22.09.2025;3Y;OIS;EUR;0,02084;EONIA;1D;1Y;;;;1Y;Act360;Act360;;ModifiedFollowing;ModifiedFollowing;;2D
22.09.2025;3M;DEPOSIT;GBP;0,0413;LIBOR;3M;3M;;;;3M;Act360;Act360;;ModifiedFollowing;ModifiedFollowing;;2D
22.09.2025;20Y;OIS;EUR;0,028995;EONIA;1D;1Y;;;;1Y;Act360;Act360;;ModifiedFollowing;ModifiedFollowing;;2D
22.09.2025;7Mx10M;FRA;EUR;0,01962;EURIBOR;3M;3M;;;;3M;Act360;Act360;;ModifiedFollowing;ModifiedFollowing;;2D
22.09.2025;4M;OIS;GBP;0,03963;SONIA;1D;4M;;;;4M;Act360;Act360;;ModifiedFollowing;ModifiedFollowing;;2D
22.09.2025;6Y;OIS;EUR;0,023315;EONIA;1D;1Y;;;;1Y;Act360;Act360;;ModifiedFollowing;ModifiedFollowing;;2D
22.09.2025;30Y;OIS;GBP;0,04655;SONIA;1D;1Y;;;;1Y;Act360;Act360;;ModifiedFollowing;ModifiedFollowing;;2D
22.09.2025;14D;OIS;EUR;0,0201;EONIA;1D;14D;;;;14D;Act360;Act360;;ModifiedFollowing;ModifiedFollowing;;2D
22.09.2025;3M;OIS;GBP;0,03971;SONIA;1D;3M;;;;3M;Act360;Act360;;ModifiedFollowing;ModifiedFollowing;;2D
22.09.2025;10Y;IRS;EUR;0,026494;EURIBOR;3M;3M;;;;1Y;Act360;Act360;;ModifiedFollowing;ModifiedFollowing;;2D
19.09.2025;2Mx8M;FRA;GBP;0,0415;LIBOR;3M;3M;;;;3M;Act360;Act360;;ModifiedFollowing;ModifiedFollowing;;2D
19.09.2025;2M;OIS;GBP;0,03976;SONIA;1D;2M;;;;2M;Act360;Act360;;ModifiedFollowing;ModifiedFollowing;;2D
19.09.2025;10M;IRS;EUR;0,01902;EURIBOR;1M;1M;;;;1Y;Act360;Act360;;ModifiedFollowing;ModifiedFollowing;;2D
19.09.2025;40Y;OIS;GBP;0,04619;SONIA;1D;1Y;;;;1Y;Act360;Act360;;ModifiedFollowing;ModifiedFollowing;;2D
19.09.2025;50Y;OIS;GBP;0,04525;SONIA;1D;1Y;;;;1Y;Act360;Act360;;ModifiedFollowing;ModifiedFollowing;;2D
19.09.2025;1Mx4M;FRA;USD;0,04135;LIBOR;3M;3M;;;;3M;Act360;Act360;;ModifiedFollowing;ModifiedFollowing;;2D
19.09.2025;3Mx9M;FRA;GBP;0,04112;LIBOR;3M;3M;;;;3M;Act360;Act360;;ModifiedFollowing;ModifiedFollowing;;2D
19.09.2025;1M;OIS;GBP;0,03974;SONIA;1D;1M;;;;1M;Act360;Act360;;ModifiedFollowing;ModifiedFollowing;;2D
19.09.2025;1M;DEPOSIT;EUR;0,02125;EURIBOR;1M;1M;;;;1M;Act360;Act360;;ModifiedFollowing;ModifiedFollowing;;2D
19.09.2025;7M;OIS;EUR;0,01993;EONIA;1D;7M;;;;7M;Act360;Act360;;ModifiedFollowing;ModifiedFollowing;;2D
19.09.2025;11Mx23M;FRA;EUR;0,02225;EURIBOR;3M;3M;;;;3M;Act360;Act360;;ModifiedFollowing;ModifiedFollowing;;2D
19.09.2025;5Y;OIS;EUR;0,022545;EONIA;1D;1Y;;;;1Y;Act360;Act360;;ModifiedFollowing;ModifiedFollowing;;2D
19.09.2025;30Y;IRS;EUR;0,029405;EURIBOR;3M;3M;;;;1Y;Act360;Act360;;ModifiedFollowing;ModifiedFollowing;;2D
19.09.2025;30Y;OIS;EUR;0,02904;EONIA;1D;1Y;;;;1Y;Act360;Act360;;ModifiedFollowing;ModifiedFollowing;;2D
19.09.2025;4Mx10M;FRA;GBP;0,04069;LIBOR;3M;3M;;;;3M;Act360;Act360;;ModifiedFollowing;ModifiedFollowing;;2D
19.09.2025;14D;OIS;GBP;0,03971;SONIA;1D;14D;;;;14D;Act360;Act360;;ModifiedFollowing;ModifiedFollowing;;2D
19.09.2025;5Mx11M;FRA;GBP;0,0403;LIBOR;3M;3M;;;;3M;Act360;Act360;;ModifiedFollowing;ModifiedFollowing;;2D
19.09.2025;9M;IRS;EUR;0,01905;EURIBOR;1M;1M;;;;1Y;Act360;Act360;;ModifiedFollowing;ModifiedFollowing;;2D
19.09.2025;7D;OIS;GBP;0,03969;SONIA;1D;7D;;;;7D;Act360;Act360;;ModifiedFollowing;ModifiedFollowing;;2D
19.09.2025;3M;DEPOSIT;EUR;0,02125;EURIBOR;3M;3M;;;;3M;Act360;Act360;;ModifiedFollowing;ModifiedFollowing;;2D
19.09.2025;10Mx22M;FRA;EUR;0,0221;EURIBOR;3M;3M;;;;3M;Act360;Act360;;ModifiedFollowing;ModifiedFollowing;;2D
19.09.2025;5M;OIS;EUR;0,02003;EONIA;1D;5M;;;;5M;Act360;Act360;;ModifiedFollowing;ModifiedFollowing;;2D
19.09.2025;6M;DEPOSIT;EUR;0,02175;EURIBOR;6M;6M;;;;6M;Act360;Act360;;ModifiedFollowing;ModifiedFollowing;;2D
19.09.2025;9Mx21M;FRA;EUR;0,02197;EURIBOR;3M;3M;;;;3M;Act360;Act360;;ModifiedFollowing;ModifiedFollowing;;2D
19.09.2025;50Y;OIS;USD;0,03626;SOFR;1D;1Y;;;;1Y;Act360;Act360;;ModifiedFollowing;ModifiedFollowing;;2D
19.09.2025;12M;DEPOSIT;EUR;0,02235;EURIBOR;12M;1Y;;;;1Y;Act360;Act360;;ModifiedFollowing;ModifiedFollowing;;2D
19.09.2025;8Mx20M;FRA;EUR;0,02187;EURIBOR;3M;3M;;;;3M;Act360;Act360;;ModifiedFollowing;ModifiedFollowing;;2D
19.09.2025;40Y;OIS;USD;0,03746;SOFR;1D;1Y;;;;1Y;Act360;Act360;;ModifiedFollowing;ModifiedFollowing;;2D
19.09.2025;1M;DEPOSIT;USD;0,0418;LIBOR;1M;1M;;;;1M;Act360;Act360;;ModifiedFollowing;ModifiedFollowing;;2D
19.09.2025;1Y;IRS;EUR;0,019869;EURIBOR;3M;3M;;;;1Y;Act360;Act360;;ModifiedFollowing;ModifiedFollowing;;2D
19.09.2025;3M;DEPOSIT;USD;0,04105;LIBOR;3M;3M;;;;3M;Act360;Act360;;ModifiedFollowing;ModifiedFollowing;;2D
19.09.2025;35Y;OIS;USD;0,03802;SOFR;1D;1Y;;;;1Y;Act360;Act360;;ModifiedFollowing;ModifiedFollowing;;2D
19.09.2025;4Y;OIS;EUR;0,021705;EONIA;1D;1Y;;;;1Y;Act360;Act360;;ModifiedFollowing;ModifiedFollowing;;2D
19.09.2025;7Mx19M;FRA;EUR;0,02179;EURIBOR;3M;3M;;;;3M;Act360;Act360;;ModifiedFollowing;ModifiedFollowing;;2D
19.09.2025;30Y;OIS;USD;0,03855;SOFR;1D;1Y;;;;1Y;Act360;Act360;;ModifiedFollowing;ModifiedFollowing;;2D
19.09.2025;8M;IRS;EUR;0,01909;EURIBOR;1M;1M;;;;1Y;Act360;Act360;;ModifiedFollowing;ModifiedFollowing;;2D
19.09.2025;25Y;OIS;USD;0,03891;SOFR;1D;1Y;;;;1Y;Act360;Act360;;ModifiedFollowing;ModifiedFollowing;;2D
19.09.2025;6M;DEPOSIT;USD;0,04055;LIBOR;6M;6M;;;;6M;Act360;Act360;;ModifiedFollowing;ModifiedFollowing;;2D
19.09.2025;6Mx18M;FRA;EUR;0,02172;EURIBOR;3M;3M;;;;3M;Act360;Act360;;ModifiedFollowing;ModifiedFollowing;;2D
19.09.2025;12M;DEPOSIT;USD;0,03985;LIBOR;12M;1Y;;;;1Y;Act360;Act360;;ModifiedFollowing;ModifiedFollowing;;2D
19.09.2025;5Mx17M;FRA;EUR;0,0217;EURIBOR;3M;3M;;;;3M;Act360;Act360;;ModifiedFollowing;ModifiedFollowing;;2D
19.09.2025;2Y;IRS;EUR;0,020646;EURIBOR;3M;3M;;;;1Y;Act360;Act360;;ModifiedFollowing;ModifiedFollowing;;2D
19.09.2025;20Y;OIS;USD;0,03881;SOFR;1D;1Y;;;;1Y;Act360;Act360;;ModifiedFollowing;ModifiedFollowing;;2D
19.09.2025;1M;DEPOSIT;GBP;0,0403;LIBOR;1M;1M;;;;1M;Act360;Act360;;ModifiedFollowing;ModifiedFollowing;;2D
19.09.2025;3M;OIS;EUR;0,02016;EONIA;1D;3M;;;;3M;Act360;Act360;;ModifiedFollowing;ModifiedFollowing;;2D
19.09.2025;4Mx16M;FRA;EUR;0,02171;EURIBOR;3M;3M;;;;3M;Act360;Act360;;ModifiedFollowing;ModifiedFollowing;;2D
19.09.2025;15Y;OIS;USD;0,03777;SOFR;1D;1Y;;;;1Y;Act360;Act360;;ModifiedFollowing;ModifiedFollowing;;2D
19.09.2025;3Y;OIS;EUR;0,02081;EONIA;1D;1Y;;;;1Y;Act360;Act360;;ModifiedFollowing;ModifiedFollowing;;2D
19.09.2025;10Y;IRS;EUR;0,02654;EURIBOR;3M;3M;;;;1Y;Act360;Act360;;ModifiedFollowing;ModifiedFollowing;;2D
19.09.2025;12Y;OIS;USD;0,03653;SOFR;1D;1Y;;;;1Y;Act360;Act360;;ModifiedFollowing;ModifiedFollowing;;2D
19.09.2025;3M;DEPOSIT;GBP;0,041;LIBOR;3M;3M;;;;3M;Act360;Act360;;ModifiedFollowing;ModifiedFollowing;;2D
19.09.2025;10Y;OIS;USD;0,03545;SOFR;1D;1Y;;;;1Y;Act360;Act360;;ModifiedFollowing;ModifiedFollowing;;2D
19.09.2025;3Mx15M;FRA;EUR;0,02176;EURIBOR;3M;3M;;;;3M;Act360;Act360;;ModifiedFollowing;ModifiedFollowing;;2D
19.09.2025;6M;DEPOSIT;GBP;0,0419;LIBOR;6M;6M;;;;6M;Act360;Act360;;ModifiedFollowing;ModifiedFollowing;;2D
19.09.2025;12M;DEPOSIT;GBP;0,0426;LIBOR;12M;1Y;;;;1Y;Act360;Act360;;ModifiedFollowing;ModifiedFollowing;;2D
19.09.2025;2Mx14M;FRA;EUR;0,0218;EURIBOR;3M;3M;;;;3M;Act360;Act360;;ModifiedFollowing;ModifiedFollowing;;2D
19.09.2025;3Y;IRS;EUR;0,02151;EURIBOR;3M;3M;;;;1Y;Act360;Act360;;ModifiedFollowing;ModifiedFollowing;;2D
19.09.2025;50Y;IRS;EUR;0,028645;EURIBOR;3M;3M;;;;1Y;Act360;Act360;;ModifiedFollowing;ModifiedFollowing;;2D
19.09.2025;9Y;OIS;USD;0,03487;SOFR;1D;1Y;;;;1Y;Act360;Act360;;ModifiedFollowing;ModifiedFollowing;;2D
19.09.2025;1Mx13M;FRA;EUR;0,02185;EURIBOR;3M;3M;;;;3M;Act360;Act360;;ModifiedFollowing;ModifiedFollowing;;2D
19.09.2025;2Y;OIS;EUR;0,019955;EONIA;1D;1Y;;;;1Y;Act360;Act360;;ModifiedFollowing;ModifiedFollowing;;2D
19.09.2025;4M;OIS;EUR;0,02004;EONIA;1D;4M;;;;4M;Act360;Act360;;ModifiedFollowing;ModifiedFollowing;;2D
19.09.2025;8Y;OIS;USD;0,03424;SOFR;1D;1Y;;;;1Y;Act360;Act360;;ModifiedFollowing;ModifiedFollowing;;2D
19.09.2025;7M;IRS;EUR;0,01913;EURIBOR;1M;1M;;;;1Y;Act360;Act360;;ModifiedFollowing;ModifiedFollowing;;2D
19.09.2025;5Mx11M;FRA;EUR;0,02069;EURIBOR;3M;3M;;;;3M;Act360;Act360;;ModifiedFollowing;ModifiedFollowing;;2D
19.09.2025;7Y;OIS;USD;0,03363;SOFR;1D;1Y;;;;1Y;Act360;Act360;;ModifiedFollowing;ModifiedFollowing;;2D
19.09.2025;4Mx10M;FRA;EUR;0,02077;EURIBOR;3M;3M;;;;3M;Act360;Act360;;ModifiedFollowing;ModifiedFollowing;;2D
19.09.2025;6Y;OIS;USD;0,03301;SOFR;1D;1Y;;;;1Y;Act360;Act360;;ModifiedFollowing;ModifiedFollowing;;2D
19.09.2025;3Mx9M;FRA;EUR;0,02075;EURIBOR;3M;3M;;;;3M;Act360;Act360;;ModifiedFollowing;ModifiedFollowing;;2D
19.09.2025;4Y;IRS;EUR;0,022366;EURIBOR;3M;3M;;;;1Y;Act360;Act360;;ModifiedFollowing;ModifiedFollowing;;2D
19.09.2025;18M;OIS;EUR;0,01965;EONIA;1D;1Y;;;;1Y;Act360;Act360;;ModifiedFollowing;ModifiedFollowing;;2D
19.09.2025;5Y;OIS;USD;0,03248;SOFR;1D;1Y;;;;1Y;Act360;Act360;;ModifiedFollowing;ModifiedFollowing;;2D
19.09.2025;4Y;OIS;USD;0,0322;SOFR;1D;1Y;;;;1Y;Act360;Act360;;ModifiedFollowing;ModifiedFollowing;;2D
19.09.2025;7D;OIS;EUR;0,02013;EONIA;1D;7D;;;;7D;Act360;Act360;;ModifiedFollowing;ModifiedFollowing;;2D
19.09.2025;2Mx8M;FRA;EUR;0,02099;EURIBOR;3M;3M;;;;3M;Act360;Act360;;ModifiedFollowing;ModifiedFollowing;;2D
19.09.2025;6M;IRS;EUR;0,01919;EURIBOR;1M;1M;;;;1Y;Act360;Act360;;ModifiedFollowing;ModifiedFollowing;;2D
19.09.2025;3Y;OIS;USD;0,03214;SOFR;1D;1Y;;;;1Y;Act360;Act360;;ModifiedFollowing;ModifiedFollowing;;2D
19.09.2025;8M;OIS;EUR;0,01982;EONIA;1D;8M;;;;8M;Act360;Act360;;ModifiedFollowing;ModifiedFollowing;;2D
19.09.2025;2Y;OIS;USD;0,032707;SOFR;1D;1Y;;;;1Y;Act360;Act360;;ModifiedFollowing;ModifiedFollowing;;2D
19.09.2025;1Mx7M;FRA;EUR;0,02204;EURIBOR;3M;3M;;;;3M;Act360;Act360;;ModifiedFollowing;ModifiedFollowing;;2D
19.09.2025;5Y;IRS;EUR;0,02316;EURIBOR;3M;3M;;;;1Y;Act360;Act360;;ModifiedFollowing;ModifiedFollowing;;2D
19.09.2025;8Mx11M;FRA;EUR;0,0196;EURIBOR;3M;3M;;;;3M;Act360;Act360;;ModifiedFollowing;ModifiedFollowing;;2D
19.09.2025;18M;OIS;USD;0,03357;SOFR;1D;1Y;;;;1Y;Act360;Act360;;ModifiedFollowing;ModifiedFollowing;;2D
19.09.2025;1Y;OIS;EUR;0,01969;EONIA;1D;1Y;;;;1Y;Act360;Act360;;ModifiedFollowing;ModifiedFollowing;;2D
19.09.2025;1Y;OIS;USD;0,03543;SOFR;1D;1Y;;;;1Y;Act360;Act360;;ModifiedFollowing;ModifiedFollowing;;2D
19.09.2025;60Y;IRS;EUR;0,02816;EURIBOR;3M;3M;;;;1Y;Act360;Act360;;ModifiedFollowing;ModifiedFollowing;;2D
19.09.2025;7Mx10M;FRA;EUR;0,01965;EURIBOR;3M;3M;;;;3M;Act360;Act360;;ModifiedFollowing;ModifiedFollowing;;2D
19.09.2025;14D;OIS;EUR;0,0201;EONIA;1D;14D;;;;14D;Act360;Act360;;ModifiedFollowing;ModifiedFollowing;;2D
19.09.2025;11M;OIS;USD;0,03578;SOFR;1D;1Y;;;;1Y;Act360;Act360;;ModifiedFollowing;ModifiedFollowing;;2D
19.09.2025;5M;IRS;EUR;0,01921;EURIBOR;1M;1M;;;;1Y;Act360;Act360;;ModifiedFollowing;ModifiedFollowing;;2D
19.09.2025;6Mx9M;FRA;EUR;0,01965;EURIBOR;3M;3M;;;;3M;Act360;Act360;;ModifiedFollowing;ModifiedFollowing;;2D
19.09.2025;10M;OIS;USD;0,03617;SOFR;1D;1Y;;;;1Y;Act360;Act360;;ModifiedFollowing;ModifiedFollowing;;2D
19.09.2025;5Mx8M;FRA;EUR;0,01982;EURIBOR;3M;3M;;;;3M;Act360;Act360;;ModifiedFollowing;ModifiedFollowing;;2D
19.09.2025;6Y;IRS;EUR;0,023885;EURIBOR;3M;3M;;;;1Y;Act360;Act360;;ModifiedFollowing;ModifiedFollowing;;2D
19.09.2025;9M;OIS;USD;0,03655;SOFR;1D;9M;;;;9M;Act360;Act360;;ModifiedFollowing;ModifiedFollowing;;2D
19.09.2025;11M;OIS;EUR;0,01971;EONIA;1D;1Y;;;;1Y;Act360;Act360;;ModifiedFollowing;ModifiedFollowing;;2D
19.09.2025;4Mx7M;FRA;EUR;0,01994;EURIBOR;3M;3M;;;;3M;Act360;Act360;;ModifiedFollowing;ModifiedFollowing;;2D
19.09.2025;15Y;IRS;EUR;0,028675;EURIBOR;3M;3M;;;;1Y;Act360;Act360;;ModifiedFollowing;ModifiedFollowing;;2D
19.09.2025;8M;OIS;USD;0,03688;SOFR;1D;8M;;;;8M;Act360;Act360;;ModifiedFollowing;ModifiedFollowing;;2D
19.09.2025;4M;IRS;EUR;0,01923;EURIBOR;1M;1M;;;;1Y;Act360;Act360;;ModifiedFollowing;ModifiedFollowing;;2D
19.09.2025;3Mx6M;FRA;EUR;0,02005;EURIBOR;3M;3M;;;;3M;Act360;Act360;;ModifiedFollowing;ModifiedFollowing;;2D
19.09.2025;1M;OIS;EUR;0,02011;EONIA;1D;1M;;;;1M;Act360;Act360;;ModifiedFollowing;ModifiedFollowing;;2D
19.09.2025;7M;OIS;USD;0,03732;SOFR;1D;7M;;;;7M;Act360;Act360;;ModifiedFollowing;ModifiedFollowing;;2D
19.09.2025;40Y;IRS;EUR;0,029135;EURIBOR;3M;3M;;;;1Y;Act360;Act360;;ModifiedFollowing;ModifiedFollowing;;2D
19.09.2025;2Mx5M;FRA;EUR;0,02023;EURIBOR;3M;3M;;;;3M;Act360;Act360;;ModifiedFollowing;ModifiedFollowing;;2D
19.09.2025;20Y;IRS;EUR;0,029405;EURIBOR;3M;3M;;;;1Y;Act360;Act360;;ModifiedFollowing;ModifiedFollowing;;2D
19.09.2025;7Y;IRS;EUR;0,02461;EURIBOR;3M;3M;;;;1Y;Act360;Act360;;ModifiedFollowing;ModifiedFollowing;;2D
19.09.2025;6M;OIS;USD;0,03776;SOFR;1D;6M;;;;6M;Act360;Act360;;ModifiedFollowing;ModifiedFollowing;;2D
19.09.2025;1Mx4M;FRA;EUR;0,02025;EURIBOR;3M;3M;;;;3M;Act360;Act360;;ModifiedFollowing;ModifiedFollowing;;2D
19.09.2025;10M;OIS;EUR;0,01975;EONIA;1D;1Y;;;;1Y;Act360;Act360;;ModifiedFollowing;ModifiedFollowing;;2D
19.09.2025;5M;OIS;USD;0,03815;SOFR;1D;5M;;;;5M;Act360;Act360;;ModifiedFollowing;ModifiedFollowing;;2D
19.09.2025;11Y;IRS;EUR;0,027085;EURIBOR;3M;3M;;;;1Y;Act360;Act360;;ModifiedFollowing;ModifiedFollowing;;2D
19.09.2025;4M;OIS;USD;0,03872;SOFR;1D;4M;;;;4M;Act360;Act360;;ModifiedFollowing;ModifiedFollowing;;2D
19.09.2025;3M;OIS;USD;0,03937;SOFR;1D;3M;;;;3M;Act360;Act360;;ModifiedFollowing;ModifiedFollowing;;2D
19.09.2025;3M;IRS;EUR;0,01928;EURIBOR;1M;1M;;;;1Y;Act360;Act360;;ModifiedFollowing;ModifiedFollowing;;2D
19.09.2025;8Y;IRS;EUR;0,02529;EURIBOR;3M;3M;;;;1Y;Act360;Act360;;ModifiedFollowing;ModifiedFollowing;;2D
19.09.2025;12Y;IRS;EUR;0,027565;EURIBOR;3M;3M;;;;1Y;Act360;Act360;;ModifiedFollowing;ModifiedFollowing;;2D
19.09.2025;9M;OIS;EUR;0,01982;EONIA;1D;9M;;;;9M;Act360;Act360;;ModifiedFollowing;ModifiedFollowing;;2D
19.09.2025;2M;OIS;USD;0,04002;SOFR;1D;2M;;;;2M;Act360;Act360;;ModifiedFollowing;ModifiedFollowing;;2D
19.09.2025;2M;OIS;EUR;0,02013;EONIA;1D;2M;;;;2M;Act360;Act360;;ModifiedFollowing;ModifiedFollowing;;2D
19.09.2025;1M;OIS;USD;0,04088;SOFR;1D;1M;;;;1M;Act360;Act360;;ModifiedFollowing;ModifiedFollowing;;2D
19.09.2025;25Y;IRS;EUR;0,02947;EURIBOR;3M;3M;;;;1Y;Act360;Act360;;ModifiedFollowing;ModifiedFollowing;;2D
19.09.2025;14D;OIS;USD;0,04084;SOFR;1D;14D;;;;14D;Act360;Act360;;ModifiedFollowing;ModifiedFollowing;;2D
19.09.2025;4Y;OIS;GBP;0,03785;SONIA;1D;1Y;;;;1Y;Act360;Act360;;ModifiedFollowing;ModifiedFollowing;;2D
19.09.2025;9Y;OIS;EUR;0,025413;EONIA;1D;1Y;;;;1Y;Act360;Act360;;ModifiedFollowing;ModifiedFollowing;;2D
19.09.2025;4Mx10M;FRA;USD;0,03895;LIBOR;3M;3M;;;;3M;Act360;Act360;;ModifiedFollowing;ModifiedFollowing;;2D
19.09.2025;3Y;OIS;GBP;0,03755;SONIA;1D;1Y;;;;1Y;Act360;Act360;;ModifiedFollowing;ModifiedFollowing;;2D
19.09.2025;5Y;OIS;GBP;0,03831;SONIA;1D;1Y;;;;1Y;Act360;Act360;;ModifiedFollowing;ModifiedFollowing;;2D
19.09.2025;5Mx11M;FRA;USD;0,03823;LIBOR;3M;3M;;;;3M;Act360;Act360;;ModifiedFollowing;ModifiedFollowing;;2D
19.09.2025;2Y;OIS;GBP;0,0376;SONIA;1D;1Y;;;;1Y;Act360;Act360;;ModifiedFollowing;ModifiedFollowing;;2D
19.09.2025;3Mx9M;FRA;USD;0,03978;LIBOR;3M;3M;;;;3M;Act360;Act360;;ModifiedFollowing;ModifiedFollowing;;2D
19.09.2025;1Mx4M;FRA;GBP;0,04068;LIBOR;3M;3M;;;;3M;Act360;Act360;;ModifiedFollowing;ModifiedFollowing;;2D
19.09.2025;18M;OIS;GBP;0,03783;SONIA;1D;1Y;;;;1Y;Act360;Act360;;ModifiedFollowing;ModifiedFollowing;;2D
19.09.2025;2M;IRS;EUR;0,01925;EURIBOR;1M;1M;;;;1Y;Act360;Act360;;ModifiedFollowing;ModifiedFollowing;;2D
19.09.2025;6Y;OIS;GBP;0,03888;SONIA;1D;1Y;;;;1Y;Act360;Act360;;ModifiedFollowing;ModifiedFollowing;;2D
19.09.2025;2Mx8M;FRA;USD;0,04062;LIBOR;3M;3M;;;;3M;Act360;Act360;;ModifiedFollowing;ModifiedFollowing;;2D
19.09.2025;7Y;OIS;GBP;0,03954;SONIA;1D;1Y;;;;1Y;Act360;Act360;;ModifiedFollowing;ModifiedFollowing;;2D
19.09.2025;1Mx7M;FRA;USD;0,04165;LIBOR;3M;3M;;;;3M;Act360;Act360;;ModifiedFollowing;ModifiedFollowing;;2D
19.09.2025;10Y;OIS;EUR;0,026038;EONIA;1D;1Y;;;;1Y;Act360;Act360;;ModifiedFollowing;ModifiedFollowing;;2D
19.09.2025;8Y;OIS;EUR;0,024765;EONIA;1D;1Y;;;;1Y;Act360;Act360;;ModifiedFollowing;ModifiedFollowing;;2D
19.09.2025;2Mx5M;FRA;GBP;0,04035;LIBOR;3M;3M;;;;3M;Act360;Act360;;ModifiedFollowing;ModifiedFollowing;;2D
19.09.2025;1Y;OIS;GBP;0,03868;SONIA;1D;1Y;;;;1Y;Act360;Act360;;ModifiedFollowing;ModifiedFollowing;;2D
19.09.2025;8Y;OIS;GBP;0,04024;SONIA;1D;1Y;;;;1Y;Act360;Act360;;ModifiedFollowing;ModifiedFollowing;;2D
19.09.2025;8Mx11M;FRA;USD;0,03529;LIBOR;3M;3M;;;;3M;Act360;Act360;;ModifiedFollowing;ModifiedFollowing;;2D
19.09.2025;3Mx6M;FRA;GBP;0,03999;LIBOR;3M;3M;;;;3M;Act360;Act360;;ModifiedFollowing;ModifiedFollowing;;2D
19.09.2025;11M;OIS;GBP;0,0388;SONIA;1D;1Y;;;;1Y;Act360;Act360;;ModifiedFollowing;ModifiedFollowing;;2D
19.09.2025;9Y;IRS;EUR;0,025935;EURIBOR;3M;3M;;;;1Y;Act360;Act360;;ModifiedFollowing;ModifiedFollowing;;2D
19.09.2025;10M;OIS;GBP;0,03892;SONIA;1D;1Y;;;;1Y;Act360;Act360;;ModifiedFollowing;ModifiedFollowing;;2D
19.09.2025;9Y;OIS;GBP;0,04096;SONIA;1D;1Y;;;;1Y;Act360;Act360;;ModifiedFollowing;ModifiedFollowing;;2D
19.09.2025;7Mx10M;FRA;USD;0,03603;LIBOR;3M;3M;;;;3M;Act360;Act360;;ModifiedFollowing;ModifiedFollowing;;2D
19.09.2025;4Mx7M;FRA;GBP;0,03954;LIBOR;3M;3M;;;;3M;Act360;Act360;;ModifiedFollowing;ModifiedFollowing;;2D
19.09.2025;9M;OIS;GBP;0,03905;SONIA;1D;9M;;;;9M;Act360;Act360;;ModifiedFollowing;ModifiedFollowing;;2D
19.09.2025;7D;OIS;USD;0,04082;SOFR;1D;7D;;;;7D;Act360;Act360;;ModifiedFollowing;ModifiedFollowing;;2D
19.09.2025;10Y;OIS;GBP;0,04167;SONIA;1D;1Y;;;;1Y;Act360;Act360;;ModifiedFollowing;ModifiedFollowing;;2D
19.09.2025;6Mx9M;FRA;USD;0,03679;LIBOR;3M;3M;;;;3M;Act360;Act360;;ModifiedFollowing;ModifiedFollowing;;2D
19.09.2025;5Mx8M;FRA;GBP;0,0391;LIBOR;3M;3M;;;;3M;Act360;Act360;;ModifiedFollowing;ModifiedFollowing;;2D
19.09.2025;12Y;OIS;GBP;0,04296;SONIA;1D;1Y;;;;1Y;Act360;Act360;;ModifiedFollowing;ModifiedFollowing;;2D
19.09.2025;15Y;OIS;EUR;0,0282;EONIA;1D;1Y;;;;1Y;Act360;Act360;;ModifiedFollowing;ModifiedFollowing;;2D
19.09.2025;7Y;OIS;EUR;0,024065;EONIA;1D;1Y;;;;1Y;Act360;Act360;;ModifiedFollowing;ModifiedFollowing;;2D
19.09.2025;8M;OIS;GBP;0,03918;SONIA;1D;8M;;;;8M;Act360;Act360;;ModifiedFollowing;ModifiedFollowing;;2D
19.09.2025;15Y;OIS;GBP;0,0445;SONIA;1D;1Y;;;;1Y;Act360;Act360;;ModifiedFollowing;ModifiedFollowing;;2D
19.09.2025;6Mx9M;FRA;GBP;0,03871;LIBOR;3M;3M;;;;3M;Act360;Act360;;ModifiedFollowing;ModifiedFollowing;;2D
19.09.2025;7M;OIS;GBP;0,03932;SONIA;1D;7M;;;;7M;Act360;Act360;;ModifiedFollowing;ModifiedFollowing;;2D
19.09.2025;5Mx8M;FRA;USD;0,03753;LIBOR;3M;3M;;;;3M;Act360;Act360;;ModifiedFollowing;ModifiedFollowing;;2D
19.09.2025;20Y;OIS;GBP;0,04602;SONIA;1D;1Y;;;;1Y;Act360;Act360;;ModifiedFollowing;ModifiedFollowing;;2D
19.09.2025;7Mx10M;FRA;GBP;0,03831;LIBOR;3M;3M;;;;3M;Act360;Act360;;ModifiedFollowing;ModifiedFollowing;;2D
19.09.2025;4Mx7M;FRA;USD;0,03824;LIBOR;3M;3M;;;;3M;Act360;Act360;;ModifiedFollowing;ModifiedFollowing;;2D
19.09.2025;6M;OIS;GBP;0,03946;SONIA;1D;6M;;;;6M;Act360;Act360;;ModifiedFollowing;ModifiedFollowing;;2D
19.09.2025;8Mx11M;FRA;GBP;0,038;LIBOR;3M;3M;;;;3M;Act360;Act360;;ModifiedFollowing;ModifiedFollowing;;2D
19.09.2025;5M;OIS;GBP;0,03959;SONIA;1D;5M;;;;5M;Act360;Act360;;ModifiedFollowing;ModifiedFollowing;;2D
19.09.2025;11M;IRS;EUR;0,019;EURIBOR;1M;1M;;;;1Y;Act360;Act360;;ModifiedFollowing;ModifiedFollowing;;2D
19.09.2025;25Y;OIS;GBP;0,04666;SONIA;1D;1Y;;;;1Y;Act360;Act360;;ModifiedFollowing;ModifiedFollowing;;2D
19.09.2025;3Mx6M;FRA;USD;0,03918;LIBOR;3M;3M;;;;3M;Act360;Act360;;ModifiedFollowing;ModifiedFollowing;;2D
19.09.2025;1Mx7M;FRA;GBP;0,04188;LIBOR;3M;3M;;;;3M;Act360;Act360;;ModifiedFollowing;ModifiedFollowing;;2D
19.09.2025;6M;OIS;EUR;0,01999;EONIA;1D;6M;;;;6M;Act360;Act360;;ModifiedFollowing;ModifiedFollowing;;2D
19.09.2025;20Y;OIS;EUR;0,02898;EONIA;1D;1Y;;;;1Y;Act360;Act360;;ModifiedFollowing;ModifiedFollowing;;2D
19.09.2025;6Y;OIS;EUR;0,023325;EONIA;1D;1Y;;;;1Y;Act360;Act360;;ModifiedFollowing;ModifiedFollowing;;2D
19.09.2025;4M;OIS;GBP;0,03969;SONIA;1D;4M;;;;4M;Act360;Act360;;ModifiedFollowing;ModifiedFollowing;;2D
19.09.2025;30Y;OIS;GBP;0,04677;SONIA;1D;1Y;;;;1Y;Act360;Act360;;ModifiedFollowing;ModifiedFollowing;;2D
19.09.2025;3M;OIS;GBP;0,03976;SONIA;1D;3M;;;;3M;Act360;Act360;;ModifiedFollowing;ModifiedFollowing;;2D
19.09.2025;2Mx5M;FRA;USD;0,0401;LIBOR;3M;3M;;;;3M;Act360;Act360;;ModifiedFollowing;ModifiedFollowing;;2D
18.09.2025;2M;OIS;EUR;0,02012;EONIA;1D;2M;;;;2M;Act360;Act360;;ModifiedFollowing;ModifiedFollowing;;2D
18.09.2025;9M;OIS;EUR;0,01973;EONIA;1D;9M;;;;9M;Act360;Act360;;ModifiedFollowing;ModifiedFollowing;;2D
18.09.2025;1M;OIS;EUR;0,02009;EONIA;1D;1M;;;;1M;Act360;Act360;;ModifiedFollowing;ModifiedFollowing;;2D
18.09.2025;10M;OIS;EUR;0,01969;EONIA;1D;1Y;;;;1Y;Act360;Act360;;ModifiedFollowing;ModifiedFollowing;;2D
18.09.2025;11M;OIS;EUR;0,019645;EONIA;1D;1Y;;;;1Y;Act360;Act360;;ModifiedFollowing;ModifiedFollowing;;2D
18.09.2025;14D;OIS;EUR;0,02008;EONIA;1D;14D;;;;14D;Act360;Act360;;ModifiedFollowing;ModifiedFollowing;;2D
18.09.2025;1Y;OIS;EUR;0,01961;EONIA;1D;1Y;;;;1Y;Act360;Act360;;ModifiedFollowing;ModifiedFollowing;;2D
18.09.2025;7D;OIS;EUR;0,02013;EONIA;1D;7D;;;;7D;Act360;Act360;;ModifiedFollowing;ModifiedFollowing;;2D
18.09.2025;18M;OIS;EUR;0,01954;EONIA;1D;1Y;;;;1Y;Act360;Act360;;ModifiedFollowing;ModifiedFollowing;;2D
18.09.2025;2Y;OIS;EUR;0,01983;EONIA;1D;1Y;;;;1Y;Act360;Act360;;ModifiedFollowing;ModifiedFollowing;;2D
18.09.2025;3Y;OIS;EUR;0,020593;EONIA;1D;1Y;;;;1Y;Act360;Act360;;ModifiedFollowing;ModifiedFollowing;;2D
18.09.2025;4Y;OIS;EUR;0,021395;EONIA;1D;1Y;;;;1Y;Act360;Act360;;ModifiedFollowing;ModifiedFollowing;;2D
18.09.2025;5Y;OIS;EUR;0,022165;EONIA;1D;1Y;;;;1Y;Act360;Act360;;ModifiedFollowing;ModifiedFollowing;;2D
18.09.2025;6Y;OIS;EUR;0,022885;EONIA;1D;1Y;;;;1Y;Act360;Act360;;ModifiedFollowing;ModifiedFollowing;;2D
18.09.2025;7Y;OIS;EUR;0,023535;EONIA;1D;1Y;;;;1Y;Act360;Act360;;ModifiedFollowing;ModifiedFollowing;;2D
18.09.2025;8Y;OIS;EUR;0,024195;EONIA;1D;1Y;;;;1Y;Act360;Act360;;ModifiedFollowing;ModifiedFollowing;;2D
18.09.2025;9Y;OIS;EUR;0,024825;EONIA;1D;1Y;;;;1Y;Act360;Act360;;ModifiedFollowing;ModifiedFollowing;;2D
18.09.2025;10Y;OIS;EUR;0,025407;EONIA;1D;1Y;;;;1Y;Act360;Act360;;ModifiedFollowing;ModifiedFollowing;;2D
18.09.2025;15Y;OIS;EUR;0,027465;EONIA;1D;1Y;;;;1Y;Act360;Act360;;ModifiedFollowing;ModifiedFollowing;;2D
18.09.2025;20Y;OIS;EUR;0,0282;EONIA;1D;1Y;;;;1Y;Act360;Act360;;ModifiedFollowing;ModifiedFollowing;;2D
18.09.2025;5M;OIS;EUR;0,01999;EONIA;1D;5M;;;;5M;Act360;Act360;;ModifiedFollowing;ModifiedFollowing;;2D
18.09.2025;30Y;OIS;EUR;0,028195;EONIA;1D;1Y;;;;1Y;Act360;Act360;;ModifiedFollowing;ModifiedFollowing;;2D
18.09.2025;1Y;IRS;EUR;0,02026;EURIBOR;3M;3M;;;;1Y;Act360;Act360;;ModifiedFollowing;ModifiedFollowing;;2D
18.09.2025;2Y;IRS;EUR;0,0205;EURIBOR;3M;3M;;;;1Y;Act360;Act360;;ModifiedFollowing;ModifiedFollowing;;2D
18.09.2025;3Y;IRS;EUR;0,02128;EURIBOR;3M;3M;;;;1Y;Act360;Act360;;ModifiedFollowing;ModifiedFollowing;;2D
18.09.2025;4Y;IRS;EUR;0,022065;EURIBOR;3M;3M;;;;1Y;Act360;Act360;;ModifiedFollowing;ModifiedFollowing;;2D
18.09.2025;5Y;IRS;EUR;0,022755;EURIBOR;3M;3M;;;;1Y;Act360;Act360;;ModifiedFollowing;ModifiedFollowing;;2D
18.09.2025;6Y;IRS;EUR;0,023415;EURIBOR;3M;3M;;;;1Y;Act360;Act360;;ModifiedFollowing;ModifiedFollowing;;2D
18.09.2025;7Y;IRS;EUR;0,02407;EURIBOR;3M;3M;;;;1Y;Act360;Act360;;ModifiedFollowing;ModifiedFollowing;;2D
18.09.2025;8Y;IRS;EUR;0,02471;EURIBOR;3M;3M;;;;1Y;Act360;Act360;;ModifiedFollowing;ModifiedFollowing;;2D
18.09.2025;9Y;IRS;EUR;0,025315;EURIBOR;3M;3M;;;;1Y;Act360;Act360;;ModifiedFollowing;ModifiedFollowing;;2D
18.09.2025;10Y;IRS;EUR;0,02588;EURIBOR;3M;3M;;;;1Y;Act360;Act360;;ModifiedFollowing;ModifiedFollowing;;2D
18.09.2025;11Y;IRS;EUR;0,026393;EURIBOR;3M;3M;;;;1Y;Act360;Act360;;ModifiedFollowing;ModifiedFollowing;;2D
18.09.2025;12Y;IRS;EUR;0,02687;EURIBOR;3M;3M;;;;1Y;Act360;Act360;;ModifiedFollowing;ModifiedFollowing;;2D
18.09.2025;15Y;IRS;EUR;0,02793;EURIBOR;3M;3M;;;;1Y;Act360;Act360;;ModifiedFollowing;ModifiedFollowing;;2D
18.09.2025;20Y;IRS;EUR;0,02868;EURIBOR;3M;3M;;;;1Y;Act360;Act360;;ModifiedFollowing;ModifiedFollowing;;2D
18.09.2025;25Y;IRS;EUR;0,028665;EURIBOR;3M;3M;;;;1Y;Act360;Act360;;ModifiedFollowing;ModifiedFollowing;;2D
18.09.2025;30Y;IRS;EUR;0,02854;EURIBOR;3M;3M;;;;1Y;Act360;Act360;;ModifiedFollowing;ModifiedFollowing;;2D
18.09.2025;6M;OIS;EUR;0,01994;EONIA;1D;6M;;;;6M;Act360;Act360;;ModifiedFollowing;ModifiedFollowing;;2D
18.09.2025;40Y;IRS;EUR;0,02826;EURIBOR;3M;3M;;;;1Y;Act360;Act360;;ModifiedFollowing;ModifiedFollowing;;2D
18.09.2025;50Y;IRS;EUR;0,027735;EURIBOR;3M;3M;;;;1Y;Act360;Act360;;ModifiedFollowing;ModifiedFollowing;;2D
18.09.2025;60Y;IRS;EUR;0,02726;EURIBOR;3M;3M;;;;1Y;Act360;Act360;;ModifiedFollowing;ModifiedFollowing;;2D
18.09.2025;2M;IRS;EUR;0,01918;EURIBOR;1M;1M;;;;1Y;Act360;Act360;;ModifiedFollowing;ModifiedFollowing;;2D
18.09.2025;3M;IRS;EUR;0,01923;EURIBOR;1M;1M;;;;1Y;Act360;Act360;;ModifiedFollowing;ModifiedFollowing;;2D
18.09.2025;4M;IRS;EUR;0,01919;EURIBOR;1M;1M;;;;1Y;Act360;Act360;;ModifiedFollowing;ModifiedFollowing;;2D
18.09.2025;5M;IRS;EUR;0,01917;EURIBOR;1M;1M;;;;1Y;Act360;Act360;;ModifiedFollowing;ModifiedFollowing;;2D
18.09.2025;6M;IRS;EUR;0,01915;EURIBOR;1M;1M;;;;1Y;Act360;Act360;;ModifiedFollowing;ModifiedFollowing;;2D
18.09.2025;7M;IRS;EUR;0,01909;EURIBOR;1M;1M;;;;1Y;Act360;Act360;;ModifiedFollowing;ModifiedFollowing;;2D
18.09.2025;8M;IRS;EUR;0,01904;EURIBOR;1M;1M;;;;1Y;Act360;Act360;;ModifiedFollowing;ModifiedFollowing;;2D
18.09.2025;9M;IRS;EUR;0,019;EURIBOR;1M;1M;;;;1Y;Act360;Act360;;ModifiedFollowing;ModifiedFollowing;;2D
18.09.2025;10M;IRS;EUR;0,01896;EURIBOR;1M;1M;;;;1Y;Act360;Act360;;ModifiedFollowing;ModifiedFollowing;;2D
18.09.2025;11M;IRS;EUR;0,01892;EURIBOR;1M;1M;;;;1Y;Act360;Act360;;ModifiedFollowing;ModifiedFollowing;;2D
18.09.2025;7D;OIS;USD;0,04081;SOFR;1D;7D;;;;7D;Act360;Act360;;ModifiedFollowing;ModifiedFollowing;;2D
18.09.2025;14D;OIS;USD;0,04083;SOFR;1D;14D;;;;14D;Act360;Act360;;ModifiedFollowing;ModifiedFollowing;;2D
18.09.2025;1M;OIS;USD;0,04087;SOFR;1D;1M;;;;1M;Act360;Act360;;ModifiedFollowing;ModifiedFollowing;;2D
18.09.2025;2M;OIS;USD;0,04006;SOFR;1D;2M;;;;2M;Act360;Act360;;ModifiedFollowing;ModifiedFollowing;;2D
18.09.2025;3M;OIS;USD;0,03943;SOFR;1D;3M;;;;3M;Act360;Act360;;ModifiedFollowing;ModifiedFollowing;;2D
18.09.2025;4M;OIS;USD;0,03873;SOFR;1D;4M;;;;4M;Act360;Act360;;ModifiedFollowing;ModifiedFollowing;;2D
18.09.2025;5M;OIS;USD;0,03811;SOFR;1D;5M;;;;5M;Act360;Act360;;ModifiedFollowing;ModifiedFollowing;;2D
18.09.2025;6M;OIS;USD;0,03769;SOFR;1D;6M;;;;6M;Act360;Act360;;ModifiedFollowing;ModifiedFollowing;;2D
18.09.2025;7M;OIS;USD;0,03722;SOFR;1D;7M;;;;7M;Act360;Act360;;ModifiedFollowing;ModifiedFollowing;;2D
18.09.2025;8M;OIS;USD;0,03677;SOFR;1D;8M;;;;8M;Act360;Act360;;ModifiedFollowing;ModifiedFollowing;;2D
18.09.2025;9M;OIS;USD;0,03638;SOFR;1D;9M;;;;9M;Act360;Act360;;ModifiedFollowing;ModifiedFollowing;;2D
18.09.2025;10M;OIS;USD;0,03596;SOFR;1D;1Y;;;;1Y;Act360;Act360;;ModifiedFollowing;ModifiedFollowing;;2D
18.09.2025;11M;OIS;USD;0,03552;SOFR;1D;1Y;;;;1Y;Act360;Act360;;ModifiedFollowing;ModifiedFollowing;;2D
18.09.2025;1Y;OIS;USD;0,03516;SOFR;1D;1Y;;;;1Y;Act360;Act360;;ModifiedFollowing;ModifiedFollowing;;2D
18.09.2025;18M;OIS;USD;0,03315;SOFR;1D;1Y;;;;1Y;Act360;Act360;;ModifiedFollowing;ModifiedFollowing;;2D
18.09.2025;2Y;OIS;USD;0,032207;SOFR;1D;1Y;;;;1Y;Act360;Act360;;ModifiedFollowing;ModifiedFollowing;;2D
18.09.2025;3Y;OIS;USD;0,03155;SOFR;1D;1Y;;;;1Y;Act360;Act360;;ModifiedFollowing;ModifiedFollowing;;2D
18.09.2025;4Y;OIS;USD;0,03158;SOFR;1D;1Y;;;;1Y;Act360;Act360;;ModifiedFollowing;ModifiedFollowing;;2D
18.09.2025;5Y;OIS;USD;0,03182;SOFR;1D;1Y;;;;1Y;Act360;Act360;;ModifiedFollowing;ModifiedFollowing;;2D
18.09.2025;6Y;OIS;USD;0,03229;SOFR;1D;1Y;;;;1Y;Act360;Act360;;ModifiedFollowing;ModifiedFollowing;;2D
18.09.2025;7Y;OIS;USD;0,03286;SOFR;1D;1Y;;;;1Y;Act360;Act360;;ModifiedFollowing;ModifiedFollowing;;2D
18.09.2025;4M;OIS;EUR;0,02003;EONIA;1D;4M;;;;4M;Act360;Act360;;ModifiedFollowing;ModifiedFollowing;;2D
18.09.2025;8Y;OIS;USD;0,03345;SOFR;1D;1Y;;;;1Y;Act360;Act360;;ModifiedFollowing;ModifiedFollowing;;2D
18.09.2025;9Y;OIS;USD;0,03403;SOFR;1D;1Y;;;;1Y;Act360;Act360;;ModifiedFollowing;ModifiedFollowing;;2D
18.09.2025;10Y;OIS;USD;0,03459;SOFR;1D;1Y;;;;1Y;Act360;Act360;;ModifiedFollowing;ModifiedFollowing;;2D
18.09.2025;12Y;OIS;USD;0,03564;SOFR;1D;1Y;;;;1Y;Act360;Act360;;ModifiedFollowing;ModifiedFollowing;;2D
18.09.2025;15Y;OIS;USD;0,03682;SOFR;1D;1Y;;;;1Y;Act360;Act360;;ModifiedFollowing;ModifiedFollowing;;2D
18.09.2025;20Y;OIS;USD;0,03779;SOFR;1D;1Y;;;;1Y;Act360;Act360;;ModifiedFollowing;ModifiedFollowing;;2D
18.09.2025;25Y;OIS;USD;0,03784;SOFR;1D;1Y;;;;1Y;Act360;Act360;;ModifiedFollowing;ModifiedFollowing;;2D
18.09.2025;30Y;OIS;USD;0,03748;SOFR;1D;1Y;;;;1Y;Act360;Act360;;ModifiedFollowing;ModifiedFollowing;;2D
18.09.2025;35Y;OIS;USD;0,03694;SOFR;1D;1Y;;;;1Y;Act360;Act360;;ModifiedFollowing;ModifiedFollowing;;2D
18.09.2025;40Y;OIS;USD;0,03639;SOFR;1D;1Y;;;;1Y;Act360;Act360;;ModifiedFollowing;ModifiedFollowing;;2D
18.09.2025;50Y;OIS;USD;0,03518;SOFR;1D;1Y;;;;1Y;Act360;Act360;;ModifiedFollowing;ModifiedFollowing;;2D
18.09.2025;7D;OIS;GBP;0,03969;SONIA;1D;7D;;;;7D;Act360;Act360;;ModifiedFollowing;ModifiedFollowing;;2D
18.09.2025;5Mx11M;FRA;GBP;0,04017;LIBOR;3M;3M;;;;3M;Act360;Act360;;ModifiedFollowing;ModifiedFollowing;;2D
18.09.2025;14D;OIS;GBP;0,0397;SONIA;1D;14D;;;;14D;Act360;Act360;;ModifiedFollowing;ModifiedFollowing;;2D
18.09.2025;4Mx10M;FRA;GBP;0,0405;LIBOR;3M;3M;;;;3M;Act360;Act360;;ModifiedFollowing;ModifiedFollowing;;2D
18.09.2025;1M;OIS;GBP;0,03974;SONIA;1D;1M;;;;1M;Act360;Act360;;ModifiedFollowing;ModifiedFollowing;;2D
18.09.2025;7M;OIS;EUR;0,01984;EONIA;1D;7M;;;;7M;Act360;Act360;;ModifiedFollowing;ModifiedFollowing;;2D
18.09.2025;3Mx9M;FRA;GBP;0,04096;LIBOR;3M;3M;;;;3M;Act360;Act360;;ModifiedFollowing;ModifiedFollowing;;2D
18.09.2025;2M;OIS;GBP;0,03974;SONIA;1D;2M;;;;2M;Act360;Act360;;ModifiedFollowing;ModifiedFollowing;;2D
18.09.2025;2Mx8M;FRA;GBP;0,04137;LIBOR;3M;3M;;;;3M;Act360;Act360;;ModifiedFollowing;ModifiedFollowing;;2D
18.09.2025;3M;OIS;GBP;0,03972;SONIA;1D;3M;;;;3M;Act360;Act360;;ModifiedFollowing;ModifiedFollowing;;2D
18.09.2025;1Mx7M;FRA;GBP;0,04174;LIBOR;3M;3M;;;;3M;Act360;Act360;;ModifiedFollowing;ModifiedFollowing;;2D
18.09.2025;4M;OIS;GBP;0,03963;SONIA;1D;4M;;;;4M;Act360;Act360;;ModifiedFollowing;ModifiedFollowing;;2D
18.09.2025;5M;OIS;GBP;0,03952;SONIA;1D;5M;;;;5M;Act360;Act360;;ModifiedFollowing;ModifiedFollowing;;2D
18.09.2025;8Mx11M;FRA;GBP;0,03781;LIBOR;3M;3M;;;;3M;Act360;Act360;;ModifiedFollowing;ModifiedFollowing;;2D
18.09.2025;6M;OIS;GBP;0,03938;SONIA;1D;6M;;;;6M;Act360;Act360;;ModifiedFollowing;ModifiedFollowing;;2D
18.09.2025;7Mx10M;FRA;GBP;0,03811;LIBOR;3M;3M;;;;3M;Act360;Act360;;ModifiedFollowing;ModifiedFollowing;;2D
18.09.2025;7M;OIS;GBP;0,03922;SONIA;1D;7M;;;;7M;Act360;Act360;;ModifiedFollowing;ModifiedFollowing;;2D
18.09.2025;6Mx9M;FRA;GBP;0,03853;LIBOR;3M;3M;;;;3M;Act360;Act360;;ModifiedFollowing;ModifiedFollowing;;2D
18.09.2025;8M;OIS;GBP;0,03907;SONIA;1D;8M;;;;8M;Act360;Act360;;ModifiedFollowing;ModifiedFollowing;;2D
18.09.2025;5Mx8M;FRA;GBP;0,03894;LIBOR;3M;3M;;;;3M;Act360;Act360;;ModifiedFollowing;ModifiedFollowing;;2D
18.09.2025;9M;OIS;GBP;0,03892;SONIA;1D;9M;;;;9M;Act360;Act360;;ModifiedFollowing;ModifiedFollowing;;2D
18.09.2025;4Mx7M;FRA;GBP;0,03938;LIBOR;3M;3M;;;;3M;Act360;Act360;;ModifiedFollowing;ModifiedFollowing;;2D
18.09.2025;10M;OIS;GBP;0,03879;SONIA;1D;1Y;;;;1Y;Act360;Act360;;ModifiedFollowing;ModifiedFollowing;;2D
18.09.2025;11M;OIS;GBP;0,03866;SONIA;1D;1Y;;;;1Y;Act360;Act360;;ModifiedFollowing;ModifiedFollowing;;2D
18.09.2025;3Mx6M;FRA;GBP;0,03986;LIBOR;3M;3M;;;;3M;Act360;Act360;;ModifiedFollowing;ModifiedFollowing;;2D
18.09.2025;1Y;OIS;GBP;0,03855;SONIA;1D;1Y;;;;1Y;Act360;Act360;;ModifiedFollowing;ModifiedFollowing;;2D
18.09.2025;2Mx5M;FRA;GBP;0,04022;LIBOR;3M;3M;;;;3M;Act360;Act360;;ModifiedFollowing;ModifiedFollowing;;2D
18.09.2025;18M;OIS;GBP;0,03765;SONIA;1D;1Y;;;;1Y;Act360;Act360;;ModifiedFollowing;ModifiedFollowing;;2D
18.09.2025;1Mx4M;FRA;GBP;0,04055;LIBOR;3M;3M;;;;3M;Act360;Act360;;ModifiedFollowing;ModifiedFollowing;;2D
18.09.2025;2Y;OIS;GBP;0,03738;SONIA;1D;1Y;;;;1Y;Act360;Act360;;ModifiedFollowing;ModifiedFollowing;;2D
18.09.2025;5Mx11M;FRA;USD;0,03773;LIBOR;3M;3M;;;;3M;Act360;Act360;;ModifiedFollowing;ModifiedFollowing;;2D
18.09.2025;3Y;OIS;GBP;0,03725;SONIA;1D;1Y;;;;1Y;Act360;Act360;;ModifiedFollowing;ModifiedFollowing;;2D
18.09.2025;4Mx10M;FRA;USD;0,03853;LIBOR;3M;3M;;;;3M;Act360;Act360;;ModifiedFollowing;ModifiedFollowing;;2D
18.09.2025;4Y;OIS;GBP;0,03744;SONIA;1D;1Y;;;;1Y;Act360;Act360;;ModifiedFollowing;ModifiedFollowing;;2D
18.09.2025;3Mx9M;FRA;USD;0,03945;LIBOR;3M;3M;;;;3M;Act360;Act360;;ModifiedFollowing;ModifiedFollowing;;2D
18.09.2025;5Y;OIS;GBP;0,0378;SONIA;1D;1Y;;;;1Y;Act360;Act360;;ModifiedFollowing;ModifiedFollowing;;2D
18.09.2025;6Y;OIS;GBP;0,03828;SONIA;1D;1Y;;;;1Y;Act360;Act360;;ModifiedFollowing;ModifiedFollowing;;2D
18.09.2025;2Mx8M;FRA;USD;0,04033;LIBOR;3M;3M;;;;3M;Act360;Act360;;ModifiedFollowing;ModifiedFollowing;;2D
18.09.2025;7Y;OIS;GBP;0,03886;SONIA;1D;1Y;;;;1Y;Act360;Act360;;ModifiedFollowing;ModifiedFollowing;;2D
18.09.2025;1Mx7M;FRA;USD;0,04144;LIBOR;3M;3M;;;;3M;Act360;Act360;;ModifiedFollowing;ModifiedFollowing;;2D
18.09.2025;8Y;OIS;GBP;0,0395;SONIA;1D;1Y;;;;1Y;Act360;Act360;;ModifiedFollowing;ModifiedFollowing;;2D
18.09.2025;8Mx11M;FRA;USD;0,03475;LIBOR;3M;3M;;;;3M;Act360;Act360;;ModifiedFollowing;ModifiedFollowing;;2D
18.09.2025;9Y;OIS;GBP;0,04017;SONIA;1D;1Y;;;;1Y;Act360;Act360;;ModifiedFollowing;ModifiedFollowing;;2D
18.09.2025;7Mx10M;FRA;USD;0,03554;LIBOR;3M;3M;;;;3M;Act360;Act360;;ModifiedFollowing;ModifiedFollowing;;2D
18.09.2025;10Y;OIS;GBP;0,04082;SONIA;1D;1Y;;;;1Y;Act360;Act360;;ModifiedFollowing;ModifiedFollowing;;2D
18.09.2025;6Mx9M;FRA;USD;0,0363;LIBOR;3M;3M;;;;3M;Act360;Act360;;ModifiedFollowing;ModifiedFollowing;;2D
18.09.2025;12Y;OIS;GBP;0,04202;SONIA;1D;1Y;;;;1Y;Act360;Act360;;ModifiedFollowing;ModifiedFollowing;;2D
18.09.2025;15Y;OIS;GBP;0,04347;SONIA;1D;1Y;;;;1Y;Act360;Act360;;ModifiedFollowing;ModifiedFollowing;;2D
18.09.2025;5Mx8M;FRA;USD;0,03711;LIBOR;3M;3M;;;;3M;Act360;Act360;;ModifiedFollowing;ModifiedFollowing;;2D
18.09.2025;20Y;OIS;GBP;0,0449;SONIA;1D;1Y;;;;1Y;Act360;Act360;;ModifiedFollowing;ModifiedFollowing;;2D
18.09.2025;4Mx7M;FRA;USD;0,03791;LIBOR;3M;3M;;;;3M;Act360;Act360;;ModifiedFollowing;ModifiedFollowing;;2D
18.09.2025;25Y;OIS;GBP;0,04549;SONIA;1D;1Y;;;;1Y;Act360;Act360;;ModifiedFollowing;ModifiedFollowing;;2D
18.09.2025;3Mx6M;FRA;USD;0,03891;LIBOR;3M;3M;;;;3M;Act360;Act360;;ModifiedFollowing;ModifiedFollowing;;2D
18.09.2025;30Y;OIS;GBP;0,04555;SONIA;1D;1Y;;;;1Y;Act360;Act360;;ModifiedFollowing;ModifiedFollowing;;2D
18.09.2025;2Mx5M;FRA;USD;0,03988;LIBOR;3M;3M;;;;3M;Act360;Act360;;ModifiedFollowing;ModifiedFollowing;;2D
18.09.2025;40Y;OIS;GBP;0,04491;SONIA;1D;1Y;;;;1Y;Act360;Act360;;ModifiedFollowing;ModifiedFollowing;;2D
18.09.2025;50Y;OIS;GBP;0,04393;SONIA;1D;1Y;;;;1Y;Act360;Act360;;ModifiedFollowing;ModifiedFollowing;;2D
18.09.2025;1Mx4M;FRA;USD;0,04126;LIBOR;3M;3M;;;;3M;Act360;Act360;;ModifiedFollowing;ModifiedFollowing;;2D
18.09.2025;1M;DEPOSIT;EUR;0,01985;EURIBOR;1M;1M;;;;1M;Act360;Act360;;ModifiedFollowing;ModifiedFollowing;;2D
18.09.2025;11Mx23M;FRA;EUR;0,02204;EURIBOR;3M;3M;;;;3M;Act360;Act360;;ModifiedFollowing;ModifiedFollowing;;2D
18.09.2025;3M;DEPOSIT;EUR;0,022;EURIBOR;3M;3M;;;;3M;Act360;Act360;;ModifiedFollowing;ModifiedFollowing;;2D
18.09.2025;10Mx22M;FRA;EUR;0,02189;EURIBOR;3M;3M;;;;3M;Act360;Act360;;ModifiedFollowing;ModifiedFollowing;;2D
18.09.2025;6M;DEPOSIT;EUR;0,0191;EURIBOR;6M;6M;;;;6M;Act360;Act360;;ModifiedFollowing;ModifiedFollowing;;2D
18.09.2025;9Mx21M;FRA;EUR;0,02177;EURIBOR;3M;3M;;;;3M;Act360;Act360;;ModifiedFollowing;ModifiedFollowing;;2D
18.09.2025;12M;DEPOSIT;EUR;0,0207;EURIBOR;12M;1Y;;;;1Y;Act360;Act360;;ModifiedFollowing;ModifiedFollowing;;2D
18.09.2025;8Mx20M;FRA;EUR;0,02168;EURIBOR;3M;3M;;;;3M;Act360;Act360;;ModifiedFollowing;ModifiedFollowing;;2D
18.09.2025;1M;DEPOSIT;USD;0,04175;LIBOR;1M;1M;;;;1M;Act360;Act360;;ModifiedFollowing;ModifiedFollowing;;2D
18.09.2025;3M;DEPOSIT;USD;0,04095;LIBOR;3M;3M;;;;3M;Act360;Act360;;ModifiedFollowing;ModifiedFollowing;;2D
18.09.2025;7Mx19M;FRA;EUR;0,02161;EURIBOR;3M;3M;;;;3M;Act360;Act360;;ModifiedFollowing;ModifiedFollowing;;2D
18.09.2025;6M;DEPOSIT;USD;0,04035;LIBOR;6M;6M;;;;6M;Act360;Act360;;ModifiedFollowing;ModifiedFollowing;;2D
18.09.2025;6Mx18M;FRA;EUR;0,02157;EURIBOR;3M;3M;;;;3M;Act360;Act360;;ModifiedFollowing;ModifiedFollowing;;2D
18.09.2025;12M;DEPOSIT;USD;0,03945;LIBOR;12M;1Y;;;;1Y;Act360;Act360;;ModifiedFollowing;ModifiedFollowing;;2D
18.09.2025;3M;OIS;EUR;0,02013;EONIA;1D;3M;;;;3M;Act360;Act360;;ModifiedFollowing;ModifiedFollowing;;2D
18.09.2025;5Mx17M;FRA;EUR;0,02155;EURIBOR;3M;3M;;;;3M;Act360;Act360;;ModifiedFollowing;ModifiedFollowing;;2D
18.09.2025;1M;DEPOSIT;GBP;0,0408;LIBOR;1M;1M;;;;1M;Act360;Act360;;ModifiedFollowing;ModifiedFollowing;;2D
18.09.2025;4Mx16M;FRA;EUR;0,02158;EURIBOR;3M;3M;;;;3M;Act360;Act360;;ModifiedFollowing;ModifiedFollowing;;2D
18.09.2025;3M;DEPOSIT;GBP;0,0414;LIBOR;3M;3M;;;;3M;Act360;Act360;;ModifiedFollowing;ModifiedFollowing;;2D
18.09.2025;3Mx15M;FRA;EUR;0,02164;EURIBOR;3M;3M;;;;3M;Act360;Act360;;ModifiedFollowing;ModifiedFollowing;;2D
18.09.2025;6M;DEPOSIT;GBP;0,0422;LIBOR;6M;6M;;;;6M;Act360;Act360;;ModifiedFollowing;ModifiedFollowing;;2D
18.09.2025;12M;DEPOSIT;GBP;0,04205;LIBOR;12M;1Y;;;;1Y;Act360;Act360;;ModifiedFollowing;ModifiedFollowing;;2D
18.09.2025;2Mx14M;FRA;EUR;0,02168;EURIBOR;3M;3M;;;;3M;Act360;Act360;;ModifiedFollowing;ModifiedFollowing;;2D
18.09.2025;1Mx13M;FRA;EUR;0,02176;EURIBOR;3M;3M;;;;3M;Act360;Act360;;ModifiedFollowing;ModifiedFollowing;;2D
18.09.2025;5Mx11M;FRA;EUR;0,02055;EURIBOR;3M;3M;;;;3M;Act360;Act360;;ModifiedFollowing;ModifiedFollowing;;2D
18.09.2025;4Mx10M;FRA;EUR;0,02067;EURIBOR;3M;3M;;;;3M;Act360;Act360;;ModifiedFollowing;ModifiedFollowing;;2D
18.09.2025;3Mx9M;FRA;EUR;0,02081;EURIBOR;3M;3M;;;;3M;Act360;Act360;;ModifiedFollowing;ModifiedFollowing;;2D
18.09.2025;2Mx8M;FRA;EUR;0,02088;EURIBOR;3M;3M;;;;3M;Act360;Act360;;ModifiedFollowing;ModifiedFollowing;;2D
18.09.2025;1Mx7M;FRA;EUR;0,0213;EURIBOR;3M;3M;;;;3M;Act360;Act360;;ModifiedFollowing;ModifiedFollowing;;2D
18.09.2025;8M;OIS;EUR;0,01982;EONIA;1D;8M;;;;8M;Act360;Act360;;ModifiedFollowing;ModifiedFollowing;;2D
18.09.2025;8Mx11M;FRA;EUR;0,01946;EURIBOR;3M;3M;;;;3M;Act360;Act360;;ModifiedFollowing;ModifiedFollowing;;2D
18.09.2025;7Mx10M;FRA;EUR;0,01953;EURIBOR;3M;3M;;;;3M;Act360;Act360;;ModifiedFollowing;ModifiedFollowing;;2D
18.09.2025;6Mx9M;FRA;EUR;0,01961;EURIBOR;3M;3M;;;;3M;Act360;Act360;;ModifiedFollowing;ModifiedFollowing;;2D
18.09.2025;5Mx8M;FRA;EUR;0,01974;EURIBOR;3M;3M;;;;3M;Act360;Act360;;ModifiedFollowing;ModifiedFollowing;;2D
18.09.2025;4Mx7M;FRA;EUR;0,01989;EURIBOR;3M;3M;;;;3M;Act360;Act360;;ModifiedFollowing;ModifiedFollowing;;2D
18.09.2025;3Mx6M;FRA;EUR;0,02005;EURIBOR;3M;3M;;;;3M;Act360;Act360;;ModifiedFollowing;ModifiedFollowing;;2D
18.09.2025;2Mx5M;FRA;EUR;0,02015;EURIBOR;3M;3M;;;;3M;Act360;Act360;;ModifiedFollowing;ModifiedFollowing;;2D
18.09.2025;1Mx4M;FRA;EUR;0,02023;EURIBOR;3M;3M;;;;3M;Act360;Act360;;ModifiedFollowing;ModifiedFollowing;;2D
17.09.2025;8M;OIS;EUR;0,01984;EONIA;1D;8M;;;;8M;Act360;Act360;;ModifiedFollowing;ModifiedFollowing;;2D
17.09.2025;3M;DEPOSIT;GBP;0,0414;LIBOR;3M;3M;;;;3M;Act360;Act360;;ModifiedFollowing;ModifiedFollowing;;2D
17.09.2025;3Y;OIS;EUR;0,020587;EONIA;1D;1Y;;;;1Y;Act360;Act360;;ModifiedFollowing;ModifiedFollowing;;2D
17.09.2025;7Y;IRS;EUR;0,024142;EURIBOR;3M;3M;;;;1Y;Act360;Act360;;ModifiedFollowing;ModifiedFollowing;;2D
17.09.2025;12Y;OIS;USD;0,03545;SOFR;1D;1Y;;;;1Y;Act360;Act360;;ModifiedFollowing;ModifiedFollowing;;2D
17.09.2025;3Mx6M;FRA;USD;0,03908;LIBOR;3M;3M;;;;3M;Act360;Act360;;ModifiedFollowing;ModifiedFollowing;;2D
17.09.2025;4Mx16M;FRA;EUR;0,02162;EURIBOR;3M;3M;;;;3M;Act360;Act360;;ModifiedFollowing;ModifiedFollowing;;2D
17.09.2025;5Mx8M;FRA;USD;0,03728;LIBOR;3M;3M;;;;3M;Act360;Act360;;ModifiedFollowing;ModifiedFollowing;;2D
17.09.2025;1Y;OIS;USD;0,0353;SOFR;1D;1Y;;;;1Y;Act360;Act360;;ModifiedFollowing;ModifiedFollowing;;2D
17.09.2025;30Y;OIS;EUR;0,028485;EONIA;1D;1Y;;;;1Y;Act360;Act360;;ModifiedFollowing;ModifiedFollowing;;2D
17.09.2025;7M;OIS;USD;0,03742;SOFR;1D;7M;;;;7M;Act360;Act360;;ModifiedFollowing;ModifiedFollowing;;2D
17.09.2025;11M;OIS;GBP;0,03855;SONIA;1D;1Y;;;;1Y;Act360;Act360;;ModifiedFollowing;ModifiedFollowing;;2D
17.09.2025;4Mx10M;FRA;GBP;0,04033;LIBOR;3M;3M;;;;3M;Act360;Act360;;ModifiedFollowing;ModifiedFollowing;;2D
17.09.2025;6M;DEPOSIT;USD;0,04055;LIBOR;6M;6M;;;;6M;Act360;Act360;;ModifiedFollowing;ModifiedFollowing;;2D
17.09.2025;11Y;IRS;EUR;0,02656;EURIBOR;3M;3M;;;;1Y;Act360;Act360;;ModifiedFollowing;ModifiedFollowing;;2D
17.09.2025;20Y;OIS;GBP;0,04499;SONIA;1D;1Y;;;;1Y;Act360;Act360;;ModifiedFollowing;ModifiedFollowing;;2D
17.09.2025;4Mx7M;FRA;GBP;0,03922;LIBOR;3M;3M;;;;3M;Act360;Act360;;ModifiedFollowing;ModifiedFollowing;;2D
17.09.2025;20Y;IRS;EUR;0,028885;EURIBOR;3M;3M;;;;1Y;Act360;Act360;;ModifiedFollowing;ModifiedFollowing;;2D
17.09.2025;15Y;IRS;EUR;0,028135;EURIBOR;3M;3M;;;;1Y;Act360;Act360;;ModifiedFollowing;ModifiedFollowing;;2D
17.09.2025;8M;OIS;USD;0,03699;SOFR;1D;8M;;;;8M;Act360;Act360;;ModifiedFollowing;ModifiedFollowing;;2D
17.09.2025;14D;OIS;GBP;0,03968;SONIA;1D;14D;;;;14D;Act360;Act360;;ModifiedFollowing;ModifiedFollowing;;2D
17.09.2025;1M;DEPOSIT;GBP;0,0405;LIBOR;1M;1M;;;;1M;Act360;Act360;;ModifiedFollowing;ModifiedFollowing;;2D
17.09.2025;4Mx7M;FRA;EUR;0,01992;EURIBOR;3M;3M;;;;3M;Act360;Act360;;ModifiedFollowing;ModifiedFollowing;;2D
17.09.2025;3M;OIS;EUR;0,02014;EONIA;1D;3M;;;;3M;Act360;Act360;;ModifiedFollowing;ModifiedFollowing;;2D
17.09.2025;1Mx7M;FRA;EUR;0,02209;EURIBOR;3M;3M;;;;3M;Act360;Act360;;ModifiedFollowing;ModifiedFollowing;;2D
17.09.2025;1Mx7M;FRA;USD;0,04183;LIBOR;3M;3M;;;;3M;Act360;Act360;;ModifiedFollowing;ModifiedFollowing;;2D
17.09.2025;9M;OIS;EUR;0,01974;EONIA;1D;9M;;;;9M;Act360;Act360;;ModifiedFollowing;ModifiedFollowing;;2D
17.09.2025;5Mx11M;FRA;GBP;0,04022;LIBOR;3M;3M;;;;3M;Act360;Act360;;ModifiedFollowing;ModifiedFollowing;;2D
17.09.2025;5Mx17M;FRA;EUR;0,0216;EURIBOR;3M;3M;;;;3M;Act360;Act360;;ModifiedFollowing;ModifiedFollowing;;2D
17.09.2025;4M;IRS;EUR;0,01912;EURIBOR;1M;1M;;;;1Y;Act360;Act360;;ModifiedFollowing;ModifiedFollowing;;2D
17.09.2025;9M;OIS;USD;0,03654;SOFR;1D;9M;;;;9M;Act360;Act360;;ModifiedFollowing;ModifiedFollowing;;2D
17.09.2025;50Y;OIS;USD;0,03516;SOFR;1D;1Y;;;;1Y;Act360;Act360;;ModifiedFollowing;ModifiedFollowing;;2D
17.09.2025;7D;OIS;GBP;0,03967;SONIA;1D;7D;;;;7D;Act360;Act360;;ModifiedFollowing;ModifiedFollowing;;2D
17.09.2025;4Mx7M;FRA;USD;0,03817;LIBOR;3M;3M;;;;3M;Act360;Act360;;ModifiedFollowing;ModifiedFollowing;;2D
17.09.2025;6Mx9M;FRA;EUR;0,01964;EURIBOR;3M;3M;;;;3M;Act360;Act360;;ModifiedFollowing;ModifiedFollowing;;2D
17.09.2025;5Mx11M;FRA;USD;0,03787;LIBOR;3M;3M;;;;3M;Act360;Act360;;ModifiedFollowing;ModifiedFollowing;;2D
17.09.2025;11M;OIS;USD;0,03573;SOFR;1D;1Y;;;;1Y;Act360;Act360;;ModifiedFollowing;ModifiedFollowing;;2D
17.09.2025;6M;DEPOSIT;EUR;0,019;EURIBOR;6M;6M;;;;6M;Act360;Act360;;ModifiedFollowing;ModifiedFollowing;;2D
17.09.2025;6Y;IRS;EUR;0,02346;EURIBOR;3M;3M;;;;1Y;Act360;Act360;;ModifiedFollowing;ModifiedFollowing;;2D
17.09.2025;10M;OIS;USD;0,03615;SOFR;1D;1Y;;;;1Y;Act360;Act360;;ModifiedFollowing;ModifiedFollowing;;2D
17.09.2025;25Y;OIS;GBP;0,04559;SONIA;1D;1Y;;;;1Y;Act360;Act360;;ModifiedFollowing;ModifiedFollowing;;2D
17.09.2025;6Mx18M;FRA;EUR;0,02161;EURIBOR;3M;3M;;;;3M;Act360;Act360;;ModifiedFollowing;ModifiedFollowing;;2D
17.09.2025;12M;DEPOSIT;USD;0,03955;LIBOR;12M;1Y;;;;1Y;Act360;Act360;;ModifiedFollowing;ModifiedFollowing;;2D
17.09.2025;20Y;OIS;USD;0,03773;SOFR;1D;1Y;;;;1Y;Act360;Act360;;ModifiedFollowing;ModifiedFollowing;;2D
17.09.2025;2Mx8M;FRA;USD;0,04058;LIBOR;3M;3M;;;;3M;Act360;Act360;;ModifiedFollowing;ModifiedFollowing;;2D
17.09.2025;5Y;OIS;USD;0,03155;SOFR;1D;1Y;;;;1Y;Act360;Act360;;ModifiedFollowing;ModifiedFollowing;;2D
17.09.2025;2Y;IRS;EUR;0,0205;EURIBOR;3M;3M;;;;1Y;Act360;Act360;;ModifiedFollowing;ModifiedFollowing;;2D
17.09.2025;7Y;OIS;USD;0,0326;SOFR;1D;1Y;;;;1Y;Act360;Act360;;ModifiedFollowing;ModifiedFollowing;;2D
17.09.2025;7D;OIS;EUR;0,02014;EONIA;1D;7D;;;;7D;Act360;Act360;;ModifiedFollowing;ModifiedFollowing;;2D
17.09.2025;9M;OIS;GBP;0,03881;SONIA;1D;9M;;;;9M;Act360;Act360;;ModifiedFollowing;ModifiedFollowing;;2D
17.09.2025;3Mx6M;FRA;EUR;0,02005;EURIBOR;3M;3M;;;;3M;Act360;Act360;;ModifiedFollowing;ModifiedFollowing;;2D
17.09.2025;8Y;OIS;EUR;0,024285;EONIA;1D;1Y;;;;1Y;Act360;Act360;;ModifiedFollowing;ModifiedFollowing;;2D
17.09.2025;5Mx8M;FRA;GBP;0,03876;LIBOR;3M;3M;;;;3M;Act360;Act360;;ModifiedFollowing;ModifiedFollowing;;2D
17.09.2025;8Y;OIS;GBP;0,03951;SONIA;1D;1Y;;;;1Y;Act360;Act360;;ModifiedFollowing;ModifiedFollowing;;2D
17.09.2025;40Y;IRS;EUR;0,028612;EURIBOR;3M;3M;;;;1Y;Act360;Act360;;ModifiedFollowing;ModifiedFollowing;;2D
17.09.2025;8Y;OIS;USD;0,0332;SOFR;1D;1Y;;;;1Y;Act360;Act360;;ModifiedFollowing;ModifiedFollowing;;2D
17.09.2025;6M;IRS;EUR;0,0191;EURIBOR;1M;1M;;;;1Y;Act360;Act360;;ModifiedFollowing;ModifiedFollowing;;2D
17.09.2025;6Y;OIS;GBP;0,03826;SONIA;1D;1Y;;;;1Y;Act360;Act360;;ModifiedFollowing;ModifiedFollowing;;2D
17.09.2025;2Mx8M;FRA;EUR;0,02085;EURIBOR;3M;3M;;;;3M;Act360;Act360;;ModifiedFollowing;ModifiedFollowing;;2D
17.09.2025;7Mx10M;FRA;EUR;0,01956;EURIBOR;3M;3M;;;;3M;Act360;Act360;;ModifiedFollowing;ModifiedFollowing;;2D
17.09.2025;8Mx11M;FRA;USD;0,0349;LIBOR;3M;3M;;;;3M;Act360;Act360;;ModifiedFollowing;ModifiedFollowing;;2D
17.09.2025;40Y;OIS;GBP;0,04504;SONIA;1D;1Y;;;;1Y;Act360;Act360;;ModifiedFollowing;ModifiedFollowing;;2D
17.09.2025;8Mx20M;FRA;EUR;0,02173;EURIBOR;3M;3M;;;;3M;Act360;Act360;;ModifiedFollowing;ModifiedFollowing;;2D
17.09.2025;1M;DEPOSIT;USD;0,042;LIBOR;1M;1M;;;;1M;Act360;Act360;;ModifiedFollowing;ModifiedFollowing;;2D
17.09.2025;5M;IRS;EUR;0,01912;EURIBOR;1M;1M;;;;1Y;Act360;Act360;;ModifiedFollowing;ModifiedFollowing;;2D
17.09.2025;8M;OIS;GBP;0,03896;SONIA;1D;8M;;;;8M;Act360;Act360;;ModifiedFollowing;ModifiedFollowing;;2D
17.09.2025;15Y;OIS;EUR;0,027635;EONIA;1D;1Y;;;;1Y;Act360;Act360;;ModifiedFollowing;ModifiedFollowing;;2D
17.09.2025;7M;IRS;EUR;0,01905;EURIBOR;1M;1M;;;;1Y;Act360;Act360;;ModifiedFollowing;ModifiedFollowing;;2D
17.09.2025;30Y;OIS;USD;0,03745;SOFR;1D;1Y;;;;1Y;Act360;Act360;;ModifiedFollowing;ModifiedFollowing;;2D
17.09.2025;9Y;OIS;GBP;0,04018;SONIA;1D;1Y;;;;1Y;Act360;Act360;;ModifiedFollowing;ModifiedFollowing;;2D
17.09.2025;18M;OIS;GBP;0,03755;SONIA;1D;1Y;;;;1Y;Act360;Act360;;ModifiedFollowing;ModifiedFollowing;;2D
17.09.2025;10Mx22M;FRA;EUR;0,02194;EURIBOR;3M;3M;;;;3M;Act360;Act360;;ModifiedFollowing;ModifiedFollowing;;2D
17.09.2025;6Mx9M;FRA;GBP;0,03834;LIBOR;3M;3M;;;;3M;Act360;Act360;;ModifiedFollowing;ModifiedFollowing;;2D
17.09.2025;2M;IRS;EUR;0,01905;EURIBOR;1M;1M;;;;1Y;Act360;Act360;;ModifiedFollowing;ModifiedFollowing;;2D
17.09.2025;18M;OIS;EUR;0,01956;EONIA;1D;1Y;;;;1Y;Act360;Act360;;ModifiedFollowing;ModifiedFollowing;;2D
17.09.2025;10Y;IRS;EUR;0,026015;EURIBOR;3M;3M;;;;1Y;Act360;Act360;;ModifiedFollowing;ModifiedFollowing;;2D
17.09.2025;8M;IRS;EUR;0,01901;EURIBOR;1M;1M;;;;1Y;Act360;Act360;;ModifiedFollowing;ModifiedFollowing;;2D
17.09.2025;4Y;OIS;USD;0,03132;SOFR;1D;1Y;;;;1Y;Act360;Act360;;ModifiedFollowing;ModifiedFollowing;;2D
17.09.2025;2Mx5M;FRA;USD;0,04018;LIBOR;3M;3M;;;;3M;Act360;Act360;;ModifiedFollowing;ModifiedFollowing;;2D
17.09.2025;1Mx4M;FRA;EUR;0,02025;EURIBOR;3M;3M;;;;3M;Act360;Act360;;ModifiedFollowing;ModifiedFollowing;;2D
17.09.2025;3Mx9M;FRA;EUR;0,02085;EURIBOR;3M;3M;;;;3M;Act360;Act360;;ModifiedFollowing;ModifiedFollowing;;2D
17.09.2025;5Mx8M;FRA;EUR;0,01973;EURIBOR;3M;3M;;;;3M;Act360;Act360;;ModifiedFollowing;ModifiedFollowing;;2D
17.09.2025;7M;OIS;GBP;0,03912;SONIA;1D;7M;;;;7M;Act360;Act360;;ModifiedFollowing;ModifiedFollowing;;2D
17.09.2025;12Y;IRS;EUR;0,027042;EURIBOR;3M;3M;;;;1Y;Act360;Act360;;ModifiedFollowing;ModifiedFollowing;;2D
17.09.2025;4M;OIS;EUR;0,02001;EONIA;1D;4M;;;;4M;Act360;Act360;;ModifiedFollowing;ModifiedFollowing;;2D
17.09.2025;2Mx5M;FRA;EUR;0,0204;EURIBOR;3M;3M;;;;3M;Act360;Act360;;ModifiedFollowing;ModifiedFollowing;;2D
17.09.2025;1Y;OIS;GBP;0,03843;SONIA;1D;1Y;;;;1Y;Act360;Act360;;ModifiedFollowing;ModifiedFollowing;;2D
17.09.2025;10M;OIS;EUR;0,01972;EONIA;1D;1Y;;;;1Y;Act360;Act360;;ModifiedFollowing;ModifiedFollowing;;2D
17.09.2025;9M;IRS;EUR;0,01898;EURIBOR;1M;1M;;;;1Y;Act360;Act360;;ModifiedFollowing;ModifiedFollowing;;2D
17.09.2025;7Mx10M;FRA;USD;0,03576;LIBOR;3M;3M;;;;3M;Act360;Act360;;ModifiedFollowing;ModifiedFollowing;;2D
17.09.2025;3M;IRS;EUR;0,01913;EURIBOR;1M;1M;;;;1Y;Act360;Act360;;ModifiedFollowing;ModifiedFollowing;;2D
17.09.2025;1M;OIS;EUR;0,02009;EONIA;1D;1M;;;;1M;Act360;Act360;;ModifiedFollowing;ModifiedFollowing;;2D
17.09.2025;5M;OIS;EUR;0,01998;EONIA;1D;5M;;;;5M;Act360;Act360;;ModifiedFollowing;ModifiedFollowing;;2D
17.09.2025;7Mx10M;FRA;GBP;0,03794;LIBOR;3M;3M;;;;3M;Act360;Act360;;ModifiedFollowing;ModifiedFollowing;;2D
17.09.2025;4Mx10M;FRA;EUR;0,02075;EURIBOR;3M;3M;;;;3M;Act360;Act360;;ModifiedFollowing;ModifiedFollowing;;2D
17.09.2025;10M;IRS;EUR;0,01895;EURIBOR;1M;1M;;;;1Y;Act360;Act360;;ModifiedFollowing;ModifiedFollowing;;2D
17.09.2025;3Mx9M;FRA;USD;0,03962;LIBOR;3M;3M;;;;3M;Act360;Act360;;ModifiedFollowing;ModifiedFollowing;;2D
17.09.2025;14D;OIS;EUR;0,0201;EONIA;1D;14D;;;;14D;Act360;Act360;;ModifiedFollowing;ModifiedFollowing;;2D
17.09.2025;6M;OIS;GBP;0,03928;SONIA;1D;6M;;;;6M;Act360;Act360;;ModifiedFollowing;ModifiedFollowing;;2D
17.09.2025;1Mx4M;FRA;USD;0,04177;LIBOR;3M;3M;;;;3M;Act360;Act360;;ModifiedFollowing;ModifiedFollowing;;2D
17.09.2025;4Mx10M;FRA;USD;0,03877;LIBOR;3M;3M;;;;3M;Act360;Act360;;ModifiedFollowing;ModifiedFollowing;;2D
17.09.2025;10Y;OIS;GBP;0,04084;SONIA;1D;1Y;;;;1Y;Act360;Act360;;ModifiedFollowing;ModifiedFollowing;;2D
17.09.2025;3Y;OIS;USD;0,03134;SOFR;1D;1Y;;;;1Y;Act360;Act360;;ModifiedFollowing;ModifiedFollowing;;2D
17.09.2025;9Y;OIS;EUR;0,024935;EONIA;1D;1Y;;;;1Y;Act360;Act360;;ModifiedFollowing;ModifiedFollowing;;2D
17.09.2025;11M;IRS;EUR;0,01892;EURIBOR;1M;1M;;;;1Y;Act360;Act360;;ModifiedFollowing;ModifiedFollowing;;2D
17.09.2025;9Y;OIS;USD;0,03379;SOFR;1D;1Y;;;;1Y;Act360;Act360;;ModifiedFollowing;ModifiedFollowing;;2D
17.09.2025;11M;OIS;EUR;0,01965;EONIA;1D;1Y;;;;1Y;Act360;Act360;;ModifiedFollowing;ModifiedFollowing;;2D
17.09.2025;8Mx11M;FRA;GBP;0,03761;LIBOR;3M;3M;;;;3M;Act360;Act360;;ModifiedFollowing;ModifiedFollowing;;2D
17.09.2025;35Y;OIS;USD;0,03692;SOFR;1D;1Y;;;;1Y;Act360;Act360;;ModifiedFollowing;ModifiedFollowing;;2D
17.09.2025;30Y;IRS;EUR;0,02887;EURIBOR;3M;3M;;;;1Y;Act360;Act360;;ModifiedFollowing;ModifiedFollowing;;2D
17.09.2025;25Y;OIS;USD;0,03794;SOFR;1D;1Y;;;;1Y;Act360;Act360;;ModifiedFollowing;ModifiedFollowing;;2D
17.09.2025;5Y;OIS;GBP;0,03776;SONIA;1D;1Y;;;;1Y;Act360;Act360;;ModifiedFollowing;ModifiedFollowing;;2D
17.09.2025;5Mx11M;FRA;EUR;0,02062;EURIBOR;3M;3M;;;;3M;Act360;Act360;;ModifiedFollowing;ModifiedFollowing;;2D
17.09.2025;9Y;IRS;EUR;0,025433;EURIBOR;3M;3M;;;;1Y;Act360;Act360;;ModifiedFollowing;ModifiedFollowing;;2D
17.09.2025;7D;OIS;USD;0,04071;SOFR;1D;7D;;;;7D;Act360;Act360;;ModifiedFollowing;ModifiedFollowing;;2D
17.09.2025;50Y;OIS;GBP;0,04408;SONIA;1D;1Y;;;;1Y;Act360;Act360;;ModifiedFollowing;ModifiedFollowing;;2D
17.09.2025;5M;OIS;GBP;0,03944;SONIA;1D;5M;;;;5M;Act360;Act360;;ModifiedFollowing;ModifiedFollowing;;2D
17.09.2025;4Y;OIS;EUR;0,021395;EONIA;1D;1Y;;;;1Y;Act360;Act360;;ModifiedFollowing;ModifiedFollowing;;2D
17.09.2025;15Y;OIS;USD;0,0367;SOFR;1D;1Y;;;;1Y;Act360;Act360;;ModifiedFollowing;ModifiedFollowing;;2D
17.09.2025;3M;DEPOSIT;USD;0,04115;LIBOR;3M;3M;;;;3M;Act360;Act360;;ModifiedFollowing;ModifiedFollowing;;2D
17.09.2025;4Y;OIS;GBP;0,0374;SONIA;1D;1Y;;;;1Y;Act360;Act360;;ModifiedFollowing;ModifiedFollowing;;2D
17.09.2025;1Mx4M;FRA;GBP;0,0405;LIBOR;3M;3M;;;;3M;Act360;Act360;;ModifiedFollowing;ModifiedFollowing;;2D
17.09.2025;30Y;OIS;GBP;0,04565;SONIA;1D;1Y;;;;1Y;Act360;Act360;;ModifiedFollowing;ModifiedFollowing;;2D
17.09.2025;9Mx21M;FRA;EUR;0,02183;EURIBOR;3M;3M;;;;3M;Act360;Act360;;ModifiedFollowing;ModifiedFollowing;;2D
17.09.2025;3M;DEPOSIT;EUR;0,0219;EURIBOR;3M;3M;;;;3M;Act360;Act360;;ModifiedFollowing;ModifiedFollowing;;2D
17.09.2025;14D;OIS;USD;0,04073;SOFR;1D;14D;;;;14D;Act360;Act360;;ModifiedFollowing;ModifiedFollowing;;2D
17.09.2025;2Y;OIS;USD;0,032127;SOFR;1D;1Y;;;;1Y;Act360;Act360;;ModifiedFollowing;ModifiedFollowing;;2D
17.09.2025;7Y;OIS;GBP;0,03885;SONIA;1D;1Y;;;;1Y;Act360;Act360;;ModifiedFollowing;ModifiedFollowing;;2D
17.09.2025;6Mx9M;FRA;USD;0,03655;LIBOR;3M;3M;;;;3M;Act360;Act360;;ModifiedFollowing;ModifiedFollowing;;2D
17.09.2025;2Y;OIS;EUR;0,01984;EONIA;1D;1Y;;;;1Y;Act360;Act360;;ModifiedFollowing;ModifiedFollowing;;2D
17.09.2025;1Mx13M;FRA;EUR;0,02179;EURIBOR;3M;3M;;;;3M;Act360;Act360;;ModifiedFollowing;ModifiedFollowing;;2D
17.09.2025;50Y;IRS;EUR;0,028155;EURIBOR;3M;3M;;;;1Y;Act360;Act360;;ModifiedFollowing;ModifiedFollowing;;2D
17.09.2025;1M;OIS;USD;0,04077;SOFR;1D;1M;;;;1M;Act360;Act360;;ModifiedFollowing;ModifiedFollowing;;2D
17.09.2025;6Y;OIS;USD;0,03202;SOFR;1D;1Y;;;;1Y;Act360;Act360;;ModifiedFollowing;ModifiedFollowing;;2D
17.09.2025;4M;OIS;GBP;0,03956;SONIA;1D;4M;;;;4M;Act360;Act360;;ModifiedFollowing;ModifiedFollowing;;2D
17.09.2025;20Y;OIS;EUR;0,028435;EONIA;1D;1Y;;;;1Y;Act360;Act360;;ModifiedFollowing;ModifiedFollowing;;2D
17.09.2025;1Mx7M;FRA;GBP;0,04165;LIBOR;3M;3M;;;;3M;Act360;Act360;;ModifiedFollowing;ModifiedFollowing;;2D
17.09.2025;3Mx6M;FRA;GBP;0,03971;LIBOR;3M;3M;;;;3M;Act360;Act360;;ModifiedFollowing;ModifiedFollowing;;2D
17.09.2025;60Y;IRS;EUR;0,02767;EURIBOR;3M;3M;;;;1Y;Act360;Act360;;ModifiedFollowing;ModifiedFollowing;;2D
17.09.2025;6M;OIS;EUR;0,01996;EONIA;1D;6M;;;;6M;Act360;Act360;;ModifiedFollowing;ModifiedFollowing;;2D
17.09.2025;5Y;IRS;EUR;0,022772;EURIBOR;3M;3M;;;;1Y;Act360;Act360;;ModifiedFollowing;ModifiedFollowing;;2D
17.09.2025;12Y;OIS;GBP;0,04206;SONIA;1D;1Y;;;;1Y;Act360;Act360;;ModifiedFollowing;ModifiedFollowing;;2D
17.09.2025;1Y;OIS;EUR;0,019635;EONIA;1D;1Y;;;;1Y;Act360;Act360;;ModifiedFollowing;ModifiedFollowing;;2D
17.09.2025;2M;OIS;USD;0,0402;SOFR;1D;2M;;;;2M;Act360;Act360;;ModifiedFollowing;ModifiedFollowing;;2D
17.09.2025;2Mx14M;FRA;EUR;0,02172;EURIBOR;3M;3M;;;;3M;Act360;Act360;;ModifiedFollowing;ModifiedFollowing;;2D
17.09.2025;2M;OIS;EUR;0,02015;EONIA;1D;2M;;;;2M;Act360;Act360;;ModifiedFollowing;ModifiedFollowing;;2D
17.09.2025;3Y;IRS;EUR;0,021266;EURIBOR;3M;3M;;;;1Y;Act360;Act360;;ModifiedFollowing;ModifiedFollowing;;2D
17.09.2025;3M;OIS;GBP;0,03967;SONIA;1D;3M;;;;3M;Act360;Act360;;ModifiedFollowing;ModifiedFollowing;;2D
17.09.2025;5Y;OIS;EUR;0,022165;EONIA;1D;1Y;;;;1Y;Act360;Act360;;ModifiedFollowing;ModifiedFollowing;;2D
17.09.2025;2Mx5M;FRA;GBP;0,04012;LIBOR;3M;3M;;;;3M;Act360;Act360;;ModifiedFollowing;ModifiedFollowing;;2D
17.09.2025;4Y;IRS;EUR;0,022025;EURIBOR;3M;3M;;;;1Y;Act360;Act360;;ModifiedFollowing;ModifiedFollowing;;2D
17.09.2025;8Y;IRS;EUR;0,024805;EURIBOR;3M;3M;;;;1Y;Act360;Act360;;ModifiedFollowing;ModifiedFollowing;;2D
17.09.2025;12M;DEPOSIT;GBP;0,0424;LIBOR;12M;1Y;;;;1Y;Act360;Act360;;ModifiedFollowing;ModifiedFollowing;;2D
17.09.2025;3M;OIS;USD;0,03963;SOFR;1D;3M;;;;3M;Act360;Act360;;ModifiedFollowing;ModifiedFollowing;;2D
17.09.2025;2Mx8M;FRA;GBP;0,04122;LIBOR;3M;3M;;;;3M;Act360;Act360;;ModifiedFollowing;ModifiedFollowing;;2D
17.09.2025;2Y;OIS;GBP;0,0373;SONIA;1D;1Y;;;;1Y;Act360;Act360;;ModifiedFollowing;ModifiedFollowing;;2D
17.09.2025;1M;DEPOSIT;EUR;0,01985;EURIBOR;1M;1M;;;;1M;Act360;Act360;;ModifiedFollowing;ModifiedFollowing;;2D
17.09.2025;25Y;IRS;EUR;0,028942;EURIBOR;3M;3M;;;;1Y;Act360;Act360;;ModifiedFollowing;ModifiedFollowing;;2D
17.09.2025;10Y;OIS;USD;0,03437;SOFR;1D;1Y;;;;1Y;Act360;Act360;;ModifiedFollowing;ModifiedFollowing;;2D
17.09.2025;6Y;OIS;EUR;0,022895;EONIA;1D;1Y;;;;1Y;Act360;Act360;;ModifiedFollowing;ModifiedFollowing;;2D
17.09.2025;8Mx11M;FRA;EUR;0,01951;EURIBOR;3M;3M;;;;3M;Act360;Act360;;ModifiedFollowing;ModifiedFollowing;;2D
17.09.2025;7M;OIS;EUR;0,01986;EONIA;1D;7M;;;;7M;Act360;Act360;;ModifiedFollowing;ModifiedFollowing;;2D
17.09.2025;18M;OIS;USD;0,03318;SOFR;1D;1Y;;;;1Y;Act360;Act360;;ModifiedFollowing;ModifiedFollowing;;2D
17.09.2025;4M;OIS;USD;0,03892;SOFR;1D;4M;;;;4M;Act360;Act360;;ModifiedFollowing;ModifiedFollowing;;2D
17.09.2025;1Y;IRS;EUR;0,01977;EURIBOR;3M;3M;;;;1Y;Act360;Act360;;ModifiedFollowing;ModifiedFollowing;;2D
17.09.2025;10M;OIS;GBP;0,03868;SONIA;1D;1Y;;;;1Y;Act360;Act360;;ModifiedFollowing;ModifiedFollowing;;2D
17.09.2025;7Mx19M;FRA;EUR;0,02166;EURIBOR;3M;3M;;;;3M;Act360;Act360;;ModifiedFollowing;ModifiedFollowing;;2D
17.09.2025;6M;DEPOSIT;GBP;0,0421;LIBOR;6M;6M;;;;6M;Act360;Act360;;ModifiedFollowing;ModifiedFollowing;;2D
17.09.2025;2M;OIS;GBP;0,03971;SONIA;1D;2M;;;;2M;Act360;Act360;;ModifiedFollowing;ModifiedFollowing;;2D
17.09.2025;3Y;OIS;GBP;0,0372;SONIA;1D;1Y;;;;1Y;Act360;Act360;;ModifiedFollowing;ModifiedFollowing;;2D
17.09.2025;10Y;OIS;EUR;0,025492;EONIA;1D;1Y;;;;1Y;Act360;Act360;;ModifiedFollowing;ModifiedFollowing;;2D
17.09.2025;40Y;OIS;USD;0,03636;SOFR;1D;1Y;;;;1Y;Act360;Act360;;ModifiedFollowing;ModifiedFollowing;;2D
17.09.2025;5M;OIS;USD;0,03835;SOFR;1D;5M;;;;5M;Act360;Act360;;ModifiedFollowing;ModifiedFollowing;;2D
17.09.2025;12M;DEPOSIT;EUR;0,0207;EURIBOR;12M;1Y;;;;1Y;Act360;Act360;;ModifiedFollowing;ModifiedFollowing;;2D
17.09.2025;7Y;OIS;EUR;0,023605;EONIA;1D;1Y;;;;1Y;Act360;Act360;;ModifiedFollowing;ModifiedFollowing;;2D
17.09.2025;3Mx9M;FRA;GBP;0,04078;LIBOR;3M;3M;;;;3M;Act360;Act360;;ModifiedFollowing;ModifiedFollowing;;2D
17.09.2025;3Mx15M;FRA;EUR;0,02167;EURIBOR;3M;3M;;;;3M;Act360;Act360;;ModifiedFollowing;ModifiedFollowing;;2D
17.09.2025;11Mx23M;FRA;EUR;0,02208;EURIBOR;3M;3M;;;;3M;Act360;Act360;;ModifiedFollowing;ModifiedFollowing;;2D
17.09.2025;15Y;OIS;GBP;0,04353;SONIA;1D;1Y;;;;1Y;Act360;Act360;;ModifiedFollowing;ModifiedFollowing;;2D
17.09.2025;6M;OIS;USD;0,03794;SOFR;1D;6M;;;;6M;Act360;Act360;;ModifiedFollowing;ModifiedFollowing;;2D
17.09.2025;1M;OIS;GBP;0,03971;SONIA;1D;1M;;;;1M;Act360;Act360;;ModifiedFollowing;ModifiedFollowing;;2D
16.09.2025;1M;DEPOSIT;EUR;0,0213;EURIBOR;1M;1M;;;;1M;Act360;Act360;;ModifiedFollowing;ModifiedFollowing;;2D
16.09.2025;3M;DEPOSIT;GBP;0,0413;LIBOR;3M;3M;;;;3M;Act360;Act360;;ModifiedFollowing;ModifiedFollowing;;2D
16.09.2025;1Mx4M;FRA;USD;0,04158;LIBOR;3M;3M;;;;3M;Act360;Act360;;ModifiedFollowing;ModifiedFollowing;;2D
16.09.2025;3Y;OIS;EUR;0,020647;EONIA;1D;1Y;;;;1Y;Act360;Act360;;ModifiedFollowing;ModifiedFollowing;;2D
16.09.2025;5Y;OIS;GBP;0,03777;SONIA;1D;1Y;;;;1Y;Act360;Act360;;ModifiedFollowing;ModifiedFollowing;;2D
16.09.2025;12Y;OIS;USD;0,03541;SOFR;1D;1Y;;;;1Y;Act360;Act360;;ModifiedFollowing;ModifiedFollowing;;2D
16.09.2025;30Y;OIS;USD;0,03746;SOFR;1D;1Y;;;;1Y;Act360;Act360;;ModifiedFollowing;ModifiedFollowing;;2D
16.09.2025;11M;OIS;GBP;0,03859;SONIA;1D;1Y;;;;1Y;Act360;Act360;;ModifiedFollowing;ModifiedFollowing;;2D
16.09.2025;7Y;IRS;EUR;0,024149;EURIBOR;3M;3M;;;;1Y;Act360;Act360;;ModifiedFollowing;ModifiedFollowing;;2D
16.09.2025;14D;OIS;USD;0,04072;SOFR;1D;14D;;;;14D;Act360;Act360;;ModifiedFollowing;ModifiedFollowing;;2D
16.09.2025;4Mx10M;FRA;EUR;0,02078;EURIBOR;3M;3M;;;;3M;Act360;Act360;;ModifiedFollowing;ModifiedFollowing;;2D
16.09.2025;3Mx9M;FRA;EUR;0,02095;EURIBOR;3M;3M;;;;3M;Act360;Act360;;ModifiedFollowing;ModifiedFollowing;;2D
16.09.2025;18M;OIS;GBP;0,0376;SONIA;1D;1Y;;;;1Y;Act360;Act360;;ModifiedFollowing;ModifiedFollowing;;2D
16.09.2025;7M;IRS;EUR;0,01905;EURIBOR;1M;1M;;;;1Y;Act360;Act360;;ModifiedFollowing;ModifiedFollowing;;2D
16.09.2025;5Mx8M;FRA;USD;0,03729;LIBOR;3M;3M;;;;3M;Act360;Act360;;ModifiedFollowing;ModifiedFollowing;;2D
16.09.2025;4M;OIS;EUR;0,02006;EONIA;1D;4M;;;;4M;Act360;Act360;;ModifiedFollowing;ModifiedFollowing;;2D
16.09.2025;2Y;OIS;USD;0,032255;SOFR;1D;1Y;;;;1Y;Act360;Act360;;ModifiedFollowing;ModifiedFollowing;;2D
16.09.2025;4Mx16M;FRA;EUR;0,02169;EURIBOR;3M;3M;;;;3M;Act360;Act360;;ModifiedFollowing;ModifiedFollowing;;2D
16.09.2025;2Mx5M;FRA;USD;0,04022;LIBOR;3M;3M;;;;3M;Act360;Act360;;ModifiedFollowing;ModifiedFollowing;;2D
16.09.2025;10M;IRS;EUR;0,01896;EURIBOR;1M;1M;;;;1Y;Act360;Act360;;ModifiedFollowing;ModifiedFollowing;;2D
16.09.2025;1Y;OIS;USD;0,03537;SOFR;1D;1Y;;;;1Y;Act360;Act360;;ModifiedFollowing;ModifiedFollowing;;2D
16.09.2025;3Mx9M;FRA;GBP;0,04083;LIBOR;3M;3M;;;;3M;Act360;Act360;;ModifiedFollowing;ModifiedFollowing;;2D
16.09.2025;3Mx6M;FRA;USD;0,03905;LIBOR;3M;3M;;;;3M;Act360;Act360;;ModifiedFollowing;ModifiedFollowing;;2D
16.09.2025;7M;OIS;USD;0,03742;SOFR;1D;7M;;;;7M;Act360;Act360;;ModifiedFollowing;ModifiedFollowing;;2D
16.09.2025;20Y;OIS;USD;0,03772;SOFR;1D;1Y;;;;1Y;Act360;Act360;;ModifiedFollowing;ModifiedFollowing;;2D
16.09.2025;10Mx22M;FRA;EUR;0,02203;EURIBOR;3M;3M;;;;3M;Act360;Act360;;ModifiedFollowing;ModifiedFollowing;;2D
16.09.2025;2Mx14M;FRA;EUR;0,02179;EURIBOR;3M;3M;;;;3M;Act360;Act360;;ModifiedFollowing;ModifiedFollowing;;2D
16.09.2025;4Mx10M;FRA;GBP;0,04041;LIBOR;3M;3M;;;;3M;Act360;Act360;;ModifiedFollowing;ModifiedFollowing;;2D
16.09.2025;3M;IRS;EUR;0,01905;EURIBOR;1M;1M;;;;1Y;Act360;Act360;;ModifiedFollowing;ModifiedFollowing;;2D
16.09.2025;3Mx6M;FRA;GBP;0,03978;LIBOR;3M;3M;;;;3M;Act360;Act360;;ModifiedFollowing;ModifiedFollowing;;2D
16.09.2025;30Y;OIS;EUR;0,028345;EONIA;1D;1Y;;;;1Y;Act360;Act360;;ModifiedFollowing;ModifiedFollowing;;2D
16.09.2025;2M;IRS;EUR;0,01895;EURIBOR;1M;1M;;;;1Y;Act360;Act360;;ModifiedFollowing;ModifiedFollowing;;2D
16.09.2025;8M;OIS;GBP;0,03899;SONIA;1D;8M;;;;8M;Act360;Act360;;ModifiedFollowing;ModifiedFollowing;;2D
16.09.2025;6M;DEPOSIT;USD;0,04055;LIBOR;6M;6M;;;;6M;Act360;Act360;;ModifiedFollowing;ModifiedFollowing;;2D
16.09.2025;11M;OIS;EUR;0,01971;EONIA;1D;1Y;;;;1Y;Act360;Act360;;ModifiedFollowing;ModifiedFollowing;;2D
16.09.2025;8Y;OIS;EUR;0,024244;EONIA;1D;1Y;;;;1Y;Act360;Act360;;ModifiedFollowing;ModifiedFollowing;;2D
16.09.2025;7M;OIS;GBP;0,03915;SONIA;1D;7M;;;;7M;Act360;Act360;;ModifiedFollowing;ModifiedFollowing;;2D
16.09.2025;6M;OIS;GBP;0,03931;SONIA;1D;6M;;;;6M;Act360;Act360;;ModifiedFollowing;ModifiedFollowing;;2D
16.09.2025;4Mx7M;FRA;GBP;0,03931;LIBOR;3M;3M;;;;3M;Act360;Act360;;ModifiedFollowing;ModifiedFollowing;;2D
16.09.2025;2Y;OIS;GBP;0,03735;SONIA;1D;1Y;;;;1Y;Act360;Act360;;ModifiedFollowing;ModifiedFollowing;;2D
16.09.2025;4M;IRS;EUR;0,01908;EURIBOR;1M;1M;;;;1Y;Act360;Act360;;ModifiedFollowing;ModifiedFollowing;;2D
16.09.2025;20Y;IRS;EUR;0,028765;EURIBOR;3M;3M;;;;1Y;Act360;Act360;;ModifiedFollowing;ModifiedFollowing;;2D
16.09.2025;2Mx8M;FRA;USD;0,04071;LIBOR;3M;3M;;;;3M;Act360;Act360;;ModifiedFollowing;ModifiedFollowing;;2D
16.09.2025;14D;OIS;GBP;0,03967;SONIA;1D;14D;;;;14D;Act360;Act360;;ModifiedFollowing;ModifiedFollowing;;2D
16.09.2025;5M;OIS;EUR;0,02004;EONIA;1D;5M;;;;5M;Act360;Act360;;ModifiedFollowing;ModifiedFollowing;;2D
16.09.2025;7Y;OIS;EUR;0,023583;EONIA;1D;1Y;;;;1Y;Act360;Act360;;ModifiedFollowing;ModifiedFollowing;;2D
16.09.2025;25Y;IRS;EUR;0,028819;EURIBOR;3M;3M;;;;1Y;Act360;Act360;;ModifiedFollowing;ModifiedFollowing;;2D
16.09.2025;15Y;IRS;EUR;0,028046;EURIBOR;3M;3M;;;;1Y;Act360;Act360;;ModifiedFollowing;ModifiedFollowing;;2D
16.09.2025;3Mx15M;FRA;EUR;0,02173;EURIBOR;3M;3M;;;;3M;Act360;Act360;;ModifiedFollowing;ModifiedFollowing;;2D
16.09.2025;9Y;OIS;EUR;0,02488;EONIA;1D;1Y;;;;1Y;Act360;Act360;;ModifiedFollowing;ModifiedFollowing;;2D
16.09.2025;8M;OIS;USD;0,03701;SOFR;1D;8M;;;;8M;Act360;Act360;;ModifiedFollowing;ModifiedFollowing;;2D
16.09.2025;14D;OIS;EUR;0,020088;EONIA;1D;14D;;;;14D;Act360;Act360;;ModifiedFollowing;ModifiedFollowing;;2D
16.09.2025;10Y;OIS;GBP;0,04094;SONIA;1D;1Y;;;;1Y;Act360;Act360;;ModifiedFollowing;ModifiedFollowing;;2D
16.09.2025;3Y;OIS;USD;0,03145;SOFR;1D;1Y;;;;1Y;Act360;Act360;;ModifiedFollowing;ModifiedFollowing;;2D
16.09.2025;10M;OIS;GBP;0,03872;SONIA;1D;1Y;;;;1Y;Act360;Act360;;ModifiedFollowing;ModifiedFollowing;;2D
16.09.2025;1M;DEPOSIT;GBP;0,0407;LIBOR;1M;1M;;;;1M;Act360;Act360;;ModifiedFollowing;ModifiedFollowing;;2D
16.09.2025;5Mx8M;FRA;EUR;0,0198;EURIBOR;3M;3M;;;;3M;Act360;Act360;;ModifiedFollowing;ModifiedFollowing;;2D
16.09.2025;20Y;OIS;GBP;0,04516;SONIA;1D;1Y;;;;1Y;Act360;Act360;;ModifiedFollowing;ModifiedFollowing;;2D
16.09.2025;1Mx7M;FRA;EUR;0,021;EURIBOR;3M;3M;;;;3M;Act360;Act360;;ModifiedFollowing;ModifiedFollowing;;2D
16.09.2025;15Y;OIS;EUR;0,027565;EONIA;1D;1Y;;;;1Y;Act360;Act360;;ModifiedFollowing;ModifiedFollowing;;2D
16.09.2025;6Mx9M;FRA;USD;0,03662;LIBOR;3M;3M;;;;3M;Act360;Act360;;ModifiedFollowing;ModifiedFollowing;;2D
16.09.2025;5Y;OIS;EUR;0,022189;EONIA;1D;1Y;;;;1Y;Act360;Act360;;ModifiedFollowing;ModifiedFollowing;;2D
16.09.2025;6Y;OIS;USD;0,03202;SOFR;1D;1Y;;;;1Y;Act360;Act360;;ModifiedFollowing;ModifiedFollowing;;2D
16.09.2025;1Y;OIS;GBP;0,03848;SONIA;1D;1Y;;;;1Y;Act360;Act360;;ModifiedFollowing;ModifiedFollowing;;2D
16.09.2025;4Mx10M;FRA;USD;0,03879;LIBOR;3M;3M;;;;3M;Act360;Act360;;ModifiedFollowing;ModifiedFollowing;;2D
16.09.2025;8M;OIS;EUR;0,01981;EONIA;1D;8M;;;;8M;Act360;Act360;;ModifiedFollowing;ModifiedFollowing;;2D
16.09.2025;6M;OIS;EUR;0,01998;EONIA;1D;6M;;;;6M;Act360;Act360;;ModifiedFollowing;ModifiedFollowing;;2D
16.09.2025;2Mx8M;FRA;GBP;0,04123;LIBOR;3M;3M;;;;3M;Act360;Act360;;ModifiedFollowing;ModifiedFollowing;;2D
16.09.2025;1Y;IRS;EUR;0,019871;EURIBOR;3M;3M;;;;1Y;Act360;Act360;;ModifiedFollowing;ModifiedFollowing;;2D
16.09.2025;5Mx11M;FRA;GBP;0,04;LIBOR;3M;3M;;;;3M;Act360;Act360;;ModifiedFollowing;ModifiedFollowing;;2D
16.09.2025;11M;IRS;EUR;0,01895;EURIBOR;1M;1M;;;;1Y;Act360;Act360;;ModifiedFollowing;ModifiedFollowing;;2D
16.09.2025;1Mx13M;FRA;EUR;0,02185;EURIBOR;3M;3M;;;;3M;Act360;Act360;;ModifiedFollowing;ModifiedFollowing;;2D
16.09.2025;9Y;OIS;USD;0,03377;SOFR;1D;1Y;;;;1Y;Act360;Act360;;ModifiedFollowing;ModifiedFollowing;;2D
16.09.2025;1M;DEPOSIT;USD;0,04165;LIBOR;1M;1M;;;;1M;Act360;Act360;;ModifiedFollowing;ModifiedFollowing;;2D
16.09.2025;9M;OIS;USD;0,03661;SOFR;1D;9M;;;;9M;Act360;Act360;;ModifiedFollowing;ModifiedFollowing;;2D
16.09.2025;40Y;OIS;USD;0,0364;SOFR;1D;1Y;;;;1Y;Act360;Act360;;ModifiedFollowing;ModifiedFollowing;;2D
16.09.2025;8Y;IRS;EUR;0,024797;EURIBOR;3M;3M;;;;1Y;Act360;Act360;;ModifiedFollowing;ModifiedFollowing;;2D
16.09.2025;4Y;OIS;GBP;0,03739;SONIA;1D;1Y;;;;1Y;Act360;Act360;;ModifiedFollowing;ModifiedFollowing;;2D
16.09.2025;6M;DEPOSIT;EUR;0,019;EURIBOR;6M;6M;;;;6M;Act360;Act360;;ModifiedFollowing;ModifiedFollowing;;2D
16.09.2025;6Mx9M;FRA;GBP;0,0384;LIBOR;3M;3M;;;;3M;Act360;Act360;;ModifiedFollowing;ModifiedFollowing;;2D
16.09.2025;4Mx7M;FRA;USD;0,03814;LIBOR;3M;3M;;;;3M;Act360;Act360;;ModifiedFollowing;ModifiedFollowing;;2D
16.09.2025;5Mx17M;FRA;EUR;0,02167;EURIBOR;3M;3M;;;;3M;Act360;Act360;;ModifiedFollowing;ModifiedFollowing;;2D
16.09.2025;50Y;OIS;USD;0,03519;SOFR;1D;1Y;;;;1Y;Act360;Act360;;ModifiedFollowing;ModifiedFollowing;;2D
16.09.2025;9Mx21M;FRA;EUR;0,02191;EURIBOR;3M;3M;;;;3M;Act360;Act360;;ModifiedFollowing;ModifiedFollowing;;2D
16.09.2025;5M;OIS;USD;0,03835;SOFR;1D;5M;;;;5M;Act360;Act360;;ModifiedFollowing;ModifiedFollowing;;2D
16.09.2025;50Y;IRS;EUR;0,027996;EURIBOR;3M;3M;;;;1Y;Act360;Act360;;ModifiedFollowing;ModifiedFollowing;;2D
16.09.2025;8Mx11M;FRA;GBP;0,03767;LIBOR;3M;3M;;;;3M;Act360;Act360;;ModifiedFollowing;ModifiedFollowing;;2D
16.09.2025;6Mx9M;FRA;EUR;0,01968;EURIBOR;3M;3M;;;;3M;Act360;Act360;;ModifiedFollowing;ModifiedFollowing;;2D
16.09.2025;10Y;OIS;USD;0,03433;SOFR;1D;1Y;;;;1Y;Act360;Act360;;ModifiedFollowing;ModifiedFollowing;;2D
16.09.2025;18M;OIS;EUR;0,019613;EONIA;1D;1Y;;;;1Y;Act360;Act360;;ModifiedFollowing;ModifiedFollowing;;2D
16.09.2025;30Y;IRS;EUR;0,028721;EURIBOR;3M;3M;;;;1Y;Act360;Act360;;ModifiedFollowing;ModifiedFollowing;;2D
16.09.2025;7D;OIS;GBP;0,03966;SONIA;1D;7D;;;;7D;Act360;Act360;;ModifiedFollowing;ModifiedFollowing;;2D
16.09.2025;2Y;OIS;EUR;0,0199;EONIA;1D;1Y;;;;1Y;Act360;Act360;;ModifiedFollowing;ModifiedFollowing;;2D
16.09.2025;12M;DEPOSIT;GBP;0,0423;LIBOR;12M;1Y;;;;1Y;Act360;Act360;;ModifiedFollowing;ModifiedFollowing;;2D
16.09.2025;35Y;OIS;USD;0,03694;SOFR;1D;1Y;;;;1Y;Act360;Act360;;ModifiedFollowing;ModifiedFollowing;;2D
16.09.2025;9M;OIS;EUR;0,01976;EONIA;1D;9M;;;;9M;Act360;Act360;;ModifiedFollowing;ModifiedFollowing;;2D
16.09.2025;15Y;OIS;GBP;0,04368;SONIA;1D;1Y;;;;1Y;Act360;Act360;;ModifiedFollowing;ModifiedFollowing;;2D
16.09.2025;2Mx5M;FRA;GBP;0,04009;LIBOR;3M;3M;;;;3M;Act360;Act360;;ModifiedFollowing;ModifiedFollowing;;2D
16.09.2025;5Mx11M;FRA;USD;0,03792;LIBOR;3M;3M;;;;3M;Act360;Act360;;ModifiedFollowing;ModifiedFollowing;;2D
16.09.2025;9M;IRS;EUR;0,01899;EURIBOR;1M;1M;;;;1Y;Act360;Act360;;ModifiedFollowing;ModifiedFollowing;;2D
16.09.2025;10Y;IRS;EUR;0,025976;EURIBOR;3M;3M;;;;1Y;Act360;Act360;;ModifiedFollowing;ModifiedFollowing;;2D
16.09.2025;4M;OIS;GBP;0,03958;SONIA;1D;4M;;;;4M;Act360;Act360;;ModifiedFollowing;ModifiedFollowing;;2D
16.09.2025;11M;OIS;USD;0,03577;SOFR;1D;1Y;;;;1Y;Act360;Act360;;ModifiedFollowing;ModifiedFollowing;;2D
16.09.2025;11Y;IRS;EUR;0,026511;EURIBOR;3M;3M;;;;1Y;Act360;Act360;;ModifiedFollowing;ModifiedFollowing;;2D
16.09.2025;1M;OIS;USD;0,04076;SOFR;1D;1M;;;;1M;Act360;Act360;;ModifiedFollowing;ModifiedFollowing;;2D
16.09.2025;7M;OIS;EUR;0,01989;EONIA;1D;7M;;;;7M;Act360;Act360;;ModifiedFollowing;ModifiedFollowing;;2D
16.09.2025;18M;OIS;USD;0,03329;SOFR;1D;1Y;;;;1Y;Act360;Act360;;ModifiedFollowing;ModifiedFollowing;;2D
16.09.2025;6Y;IRS;EUR;0,023496;EURIBOR;3M;3M;;;;1Y;Act360;Act360;;ModifiedFollowing;ModifiedFollowing;;2D
16.09.2025;7Mx19M;FRA;EUR;0,02174;EURIBOR;3M;3M;;;;3M;Act360;Act360;;ModifiedFollowing;ModifiedFollowing;;2D
16.09.2025;8Y;OIS;GBP;0,03958;SONIA;1D;1Y;;;;1Y;Act360;Act360;;ModifiedFollowing;ModifiedFollowing;;2D
16.09.2025;7Y;OIS;GBP;0,0389;SONIA;1D;1Y;;;;1Y;Act360;Act360;;ModifiedFollowing;ModifiedFollowing;;2D
16.09.2025;2M;OIS;GBP;0,03971;SONIA;1D;2M;;;;2M;Act360;Act360;;ModifiedFollowing;ModifiedFollowing;;2D
16.09.2025;10M;OIS;USD;0,03617;SOFR;1D;1Y;;;;1Y;Act360;Act360;;ModifiedFollowing;ModifiedFollowing;;2D
16.09.2025;1Mx4M;FRA;EUR;0,02035;EURIBOR;3M;3M;;;;3M;Act360;Act360;;ModifiedFollowing;ModifiedFollowing;;2D
16.09.2025;7Mx10M;FRA;USD;0,03582;LIBOR;3M;3M;;;;3M;Act360;Act360;;ModifiedFollowing;ModifiedFollowing;;2D
16.09.2025;6Mx18M;FRA;EUR;0,02168;EURIBOR;3M;3M;;;;3M;Act360;Act360;;ModifiedFollowing;ModifiedFollowing;;2D
16.09.2025;4Y;OIS;EUR;0,021421;EONIA;1D;1Y;;;;1Y;Act360;Act360;;ModifiedFollowing;ModifiedFollowing;;2D
16.09.2025;25Y;OIS;USD;0,0378;SOFR;1D;1Y;;;;1Y;Act360;Act360;;ModifiedFollowing;ModifiedFollowing;;2D
16.09.2025;60Y;IRS;EUR;0,02751;EURIBOR;3M;3M;;;;1Y;Act360;Act360;;ModifiedFollowing;ModifiedFollowing;;2D
16.09.2025;20Y;OIS;EUR;0,028325;EONIA;1D;1Y;;;;1Y;Act360;Act360;;ModifiedFollowing;ModifiedFollowing;;2D
16.09.2025;12M;DEPOSIT;USD;0,03945;LIBOR;12M;1Y;;;;1Y;Act360;Act360;;ModifiedFollowing;ModifiedFollowing;;2D
16.09.2025;25Y;OIS;GBP;0,04578;SONIA;1D;1Y;;;;1Y;Act360;Act360;;ModifiedFollowing;ModifiedFollowing;;2D
16.09.2025;5Mx11M;FRA;EUR;0,02066;EURIBOR;3M;3M;;;;3M;Act360;Act360;;ModifiedFollowing;ModifiedFollowing;;2D
16.09.2025;1Mx7M;FRA;USD;0,04172;LIBOR;3M;3M;;;;3M;Act360;Act360;;ModifiedFollowing;ModifiedFollowing;;2D
16.09.2025;2Mx5M;FRA;EUR;0,02025;EURIBOR;3M;3M;;;;3M;Act360;Act360;;ModifiedFollowing;ModifiedFollowing;;2D
16.09.2025;12M;DEPOSIT;EUR;0,02035;EURIBOR;12M;1Y;;;;1Y;Act360;Act360;;ModifiedFollowing;ModifiedFollowing;;2D
16.09.2025;1M;OIS;EUR;0,02009;EONIA;1D;1M;;;;1M;Act360;Act360;;ModifiedFollowing;ModifiedFollowing;;2D
16.09.2025;3Y;IRS;EUR;0,021343;EURIBOR;3M;3M;;;;1Y;Act360;Act360;;ModifiedFollowing;ModifiedFollowing;;2D
16.09.2025;3Mx9M;FRA;USD;0,03965;LIBOR;3M;3M;;;;3M;Act360;Act360;;ModifiedFollowing;ModifiedFollowing;;2D
16.09.2025;10Y;OIS;EUR;0,025463;EONIA;1D;1Y;;;;1Y;Act360;Act360;;ModifiedFollowing;ModifiedFollowing;;2D
16.09.2025;8M;IRS;EUR;0,01902;EURIBOR;1M;1M;;;;1Y;Act360;Act360;;ModifiedFollowing;ModifiedFollowing;;2D
16.09.2025;9Y;IRS;EUR;0,025409;EURIBOR;3M;3M;;;;1Y;Act360;Act360;;ModifiedFollowing;ModifiedFollowing;;2D
16.09.2025;3Mx6M;FRA;EUR;0,02015;EURIBOR;3M;3M;;;;3M;Act360;Act360;;ModifiedFollowing;ModifiedFollowing;;2D
16.09.2025;5Y;OIS;USD;0,03158;SOFR;1D;1Y;;;;1Y;Act360;Act360;;ModifiedFollowing;ModifiedFollowing;;2D
16.09.2025;11Mx23M;FRA;EUR;0,02216;EURIBOR;3M;3M;;;;3M;Act360;Act360;;ModifiedFollowing;ModifiedFollowing;;2D
16.09.2025;4Mx7M;FRA;EUR;0,01996;EURIBOR;3M;3M;;;;3M;Act360;Act360;;ModifiedFollowing;ModifiedFollowing;;2D
16.09.2025;6M;DEPOSIT;GBP;0,04245;LIBOR;6M;6M;;;;6M;Act360;Act360;;ModifiedFollowing;ModifiedFollowing;;2D
16.09.2025;1Mx7M;FRA;GBP;0,04166;LIBOR;3M;3M;;;;3M;Act360;Act360;;ModifiedFollowing;ModifiedFollowing;;2D
16.09.2025;7D;OIS;USD;0,04071;SOFR;1D;7D;;;;7D;Act360;Act360;;ModifiedFollowing;ModifiedFollowing;;2D
16.09.2025;3Y;OIS;GBP;0,03721;SONIA;1D;1Y;;;;1Y;Act360;Act360;;ModifiedFollowing;ModifiedFollowing;;2D
16.09.2025;5M;OIS;GBP;0,03947;SONIA;1D;5M;;;;5M;Act360;Act360;;ModifiedFollowing;ModifiedFollowing;;2D
16.09.2025;2Y;IRS;EUR;0,02059;EURIBOR;3M;3M;;;;1Y;Act360;Act360;;ModifiedFollowing;ModifiedFollowing;;2D
16.09.2025;7D;OIS;EUR;0,02009;EONIA;1D;7D;;;;7D;Act360;Act360;;ModifiedFollowing;ModifiedFollowing;;2D
16.09.2025;9M;OIS;GBP;0,03885;SONIA;1D;9M;;;;9M;Act360;Act360;;ModifiedFollowing;ModifiedFollowing;;2D
16.09.2025;15Y;OIS;USD;0,03666;SOFR;1D;1Y;;;;1Y;Act360;Act360;;ModifiedFollowing;ModifiedFollowing;;2D
16.09.2025;12Y;IRS;EUR;0,026981;EURIBOR;3M;3M;;;;1Y;Act360;Act360;;ModifiedFollowing;ModifiedFollowing;;2D
16.09.2025;4Y;OIS;USD;0,03139;SOFR;1D;1Y;;;;1Y;Act360;Act360;;ModifiedFollowing;ModifiedFollowing;;2D
16.09.2025;1Y;OIS;EUR;0,01966;EONIA;1D;1Y;;;;1Y;Act360;Act360;;ModifiedFollowing;ModifiedFollowing;;2D
16.09.2025;4Y;IRS;EUR;0,022088;EURIBOR;3M;3M;;;;1Y;Act360;Act360;;ModifiedFollowing;ModifiedFollowing;;2D
16.09.2025;6Y;OIS;GBP;0,03829;SONIA;1D;1Y;;;;1Y;Act360;Act360;;ModifiedFollowing;ModifiedFollowing;;2D
16.09.2025;8Mx11M;FRA;EUR;0,01957;EURIBOR;3M;3M;;;;3M;Act360;Act360;;ModifiedFollowing;ModifiedFollowing;;2D
16.09.2025;2M;OIS;EUR;0,02015;EONIA;1D;2M;;;;2M;Act360;Act360;;ModifiedFollowing;ModifiedFollowing;;2D
16.09.2025;40Y;OIS;GBP;0,04525;SONIA;1D;1Y;;;;1Y;Act360;Act360;;ModifiedFollowing;ModifiedFollowing;;2D
16.09.2025;6M;OIS;USD;0,03794;SOFR;1D;6M;;;;6M;Act360;Act360;;ModifiedFollowing;ModifiedFollowing;;2D
16.09.2025;5Mx8M;FRA;GBP;0,03882;LIBOR;3M;3M;;;;3M;Act360;Act360;;ModifiedFollowing;ModifiedFollowing;;2D
16.09.2025;3M;OIS;USD;0,03965;SOFR;1D;3M;;;;3M;Act360;Act360;;ModifiedFollowing;ModifiedFollowing;;2D
16.09.2025;7Y;OIS;USD;0,03259;SOFR;1D;1Y;;;;1Y;Act360;Act360;;ModifiedFollowing;ModifiedFollowing;;2D
16.09.2025;40Y;IRS;EUR;0,028466;EURIBOR;3M;3M;;;;1Y;Act360;Act360;;ModifiedFollowing;ModifiedFollowing;;2D
16.09.2025;7Mx10M;FRA;GBP;0,038;LIBOR;3M;3M;;;;3M;Act360;Act360;;ModifiedFollowing;ModifiedFollowing;;2D
16.09.2025;50Y;OIS;GBP;0,04429;SONIA;1D;1Y;;;;1Y;Act360;Act360;;ModifiedFollowing;ModifiedFollowing;;2D
16.09.2025;12Y;OIS;GBP;0,04219;SONIA;1D;1Y;;;;1Y;Act360;Act360;;ModifiedFollowing;ModifiedFollowing;;2D
16.09.2025;6M;IRS;EUR;0,01909;EURIBOR;1M;1M;;;;1Y;Act360;Act360;;ModifiedFollowing;ModifiedFollowing;;2D
16.09.2025;3M;DEPOSIT;USD;0,04125;LIBOR;3M;3M;;;;3M;Act360;Act360;;ModifiedFollowing;ModifiedFollowing;;2D
16.09.2025;8Y;OIS;USD;0,03318;SOFR;1D;1Y;;;;1Y;Act360;Act360;;ModifiedFollowing;ModifiedFollowing;;2D
16.09.2025;4M;OIS;USD;0,0389;SOFR;1D;4M;;;;4M;Act360;Act360;;ModifiedFollowing;ModifiedFollowing;;2D
16.09.2025;9Y;OIS;GBP;0,04027;SONIA;1D;1Y;;;;1Y;Act360;Act360;;ModifiedFollowing;ModifiedFollowing;;2D
16.09.2025;8Mx20M;FRA;EUR;0,02181;EURIBOR;3M;3M;;;;3M;Act360;Act360;;ModifiedFollowing;ModifiedFollowing;;2D
16.09.2025;1Mx4M;FRA;GBP;0,04046;LIBOR;3M;3M;;;;3M;Act360;Act360;;ModifiedFollowing;ModifiedFollowing;;2D
16.09.2025;1M;OIS;GBP;0,03971;SONIA;1D;1M;;;;1M;Act360;Act360;;ModifiedFollowing;ModifiedFollowing;;2D
16.09.2025;7Mx10M;FRA;EUR;0,01961;EURIBOR;3M;3M;;;;3M;Act360;Act360;;ModifiedFollowing;ModifiedFollowing;;2D
16.09.2025;5M;IRS;EUR;0,01909;EURIBOR;1M;1M;;;;1Y;Act360;Act360;;ModifiedFollowing;ModifiedFollowing;;2D
16.09.2025;5Y;IRS;EUR;0,022822;EURIBOR;3M;3M;;;;1Y;Act360;Act360;;ModifiedFollowing;ModifiedFollowing;;2D
16.09.2025;2Mx8M;FRA;EUR;0,02098;EURIBOR;3M;3M;;;;3M;Act360;Act360;;ModifiedFollowing;ModifiedFollowing;;2D
16.09.2025;10M;OIS;EUR;0,01976;EONIA;1D;1Y;;;;1Y;Act360;Act360;;ModifiedFollowing;ModifiedFollowing;;2D
16.09.2025;8Mx11M;FRA;USD;0,03503;LIBOR;3M;3M;;;;3M;Act360;Act360;;ModifiedFollowing;ModifiedFollowing;;2D
16.09.2025;3M;DEPOSIT;EUR;0,0219;EURIBOR;3M;3M;;;;3M;Act360;Act360;;ModifiedFollowing;ModifiedFollowing;;2D
16.09.2025;3M;OIS;EUR;0,02007;EONIA;1D;3M;;;;3M;Act360;Act360;;ModifiedFollowing;ModifiedFollowing;;2D
16.09.2025;30Y;OIS;GBP;0,04585;SONIA;1D;1Y;;;;1Y;Act360;Act360;;ModifiedFollowing;ModifiedFollowing;;2D
16.09.2025;3M;OIS;GBP;0,03967;SONIA;1D;3M;;;;3M;Act360;Act360;;ModifiedFollowing;ModifiedFollowing;;2D
16.09.2025;6Y;OIS;EUR;0,022903;EONIA;1D;1Y;;;;1Y;Act360;Act360;;ModifiedFollowing;ModifiedFollowing;;2D
16.09.2025;2M;OIS;USD;0,04021;SOFR;1D;2M;;;;2M;Act360;Act360;;ModifiedFollowing;ModifiedFollowing;;2D
15.09.2025;12M;DEPOSIT;EUR;0,02015;EURIBOR;12M;1Y;;;;1Y;Act360;Act360;;ModifiedFollowing;ModifiedFollowing;;2D
15.09.2025;7Y;OIS;GBP;0,03896;SONIA;1D;1Y;;;;1Y;Act360;Act360;;ModifiedFollowing;ModifiedFollowing;;2D
15.09.2025;4M;OIS;EUR;0,02;EONIA;1D;4M;;;;4M;Act360;Act360;;ModifiedFollowing;ModifiedFollowing;;2D
15.09.2025;2Y;IRS;EUR;0,020443;EURIBOR;3M;3M;;;;1Y;Act360;Act360;;ModifiedFollowing;ModifiedFollowing;;2D
15.09.2025;4Mx10M;FRA;USD;0,03892;LIBOR;3M;3M;;;;3M;Act360;Act360;;ModifiedFollowing;ModifiedFollowing;;2D
15.09.2025;8M;OIS;GBP;0,03896;SONIA;1D;8M;;;;8M;Act360;Act360;;ModifiedFollowing;ModifiedFollowing;;2D
15.09.2025;2M;OIS;EUR;0,02015;EONIA;1D;2M;;;;2M;Act360;Act360;;ModifiedFollowing;ModifiedFollowing;;2D
15.09.2025;9Mx21M;FRA;EUR;0,02179;EURIBOR;3M;3M;;;;3M;Act360;Act360;;ModifiedFollowing;ModifiedFollowing;;2D
15.09.2025;7M;IRS;EUR;0,01901;EURIBOR;1M;1M;;;;1Y;Act360;Act360;;ModifiedFollowing;ModifiedFollowing;;2D
15.09.2025;10M;OIS;EUR;0,01966;EONIA;1D;1Y;;;;1Y;Act360;Act360;;ModifiedFollowing;ModifiedFollowing;;2D
15.09.2025;15Y;OIS;EUR;0,02777;EONIA;1D;1Y;;;;1Y;Act360;Act360;;ModifiedFollowing;ModifiedFollowing;;2D
15.09.2025;1M;DEPOSIT;USD;0,04195;LIBOR;1M;1M;;;;1M;Act360;Act360;;ModifiedFollowing;ModifiedFollowing;;2D
15.09.2025;3M;IRS;EUR;0,01907;EURIBOR;1M;1M;;;;1Y;Act360;Act360;;ModifiedFollowing;ModifiedFollowing;;2D
15.09.2025;10Y;OIS;EUR;0,025545;EONIA;1D;1Y;;;;1Y;Act360;Act360;;ModifiedFollowing;ModifiedFollowing;;2D
15.09.2025;3M;OIS;GBP;0,03968;SONIA;1D;3M;;;;3M;Act360;Act360;;ModifiedFollowing;ModifiedFollowing;;2D
15.09.2025;9Y;OIS;GBP;0,04033;SONIA;1D;1Y;;;;1Y;Act360;Act360;;ModifiedFollowing;ModifiedFollowing;;2D
15.09.2025;30Y;OIS;USD;0,03792;SOFR;1D;1Y;;;;1Y;Act360;Act360;;ModifiedFollowing;ModifiedFollowing;;2D
15.09.2025;60Y;IRS;EUR;0,02795;EURIBOR;3M;3M;;;;1Y;Act360;Act360;;ModifiedFollowing;ModifiedFollowing;;2D
15.09.2025;25Y;OIS;USD;0,03827;SOFR;1D;1Y;;;;1Y;Act360;Act360;;ModifiedFollowing;ModifiedFollowing;;2D
15.09.2025;18M;OIS;GBP;0,03758;SONIA;1D;1Y;;;;1Y;Act360;Act360;;ModifiedFollowing;ModifiedFollowing;;2D
15.09.2025;4Y;OIS;USD;0,03162;SOFR;1D;1Y;;;;1Y;Act360;Act360;;ModifiedFollowing;ModifiedFollowing;;2D
15.09.2025;10Y;IRS;EUR;0,026035;EURIBOR;3M;3M;;;;1Y;Act360;Act360;;ModifiedFollowing;ModifiedFollowing;;2D
15.09.2025;1Mx4M;FRA;EUR;0,02015;EURIBOR;3M;3M;;;;3M;Act360;Act360;;ModifiedFollowing;ModifiedFollowing;;2D
15.09.2025;5M;OIS;USD;0,03832;SOFR;1D;5M;;;;5M;Act360;Act360;;ModifiedFollowing;ModifiedFollowing;;2D
15.09.2025;1Y;OIS;EUR;0,01958;EONIA;1D;1Y;;;;1Y;Act360;Act360;;ModifiedFollowing;ModifiedFollowing;;2D
15.09.2025;8M;IRS;EUR;0,01897;EURIBOR;1M;1M;;;;1Y;Act360;Act360;;ModifiedFollowing;ModifiedFollowing;;2D
15.09.2025;6Mx9M;FRA;GBP;0,03839;LIBOR;3M;3M;;;;3M;Act360;Act360;;ModifiedFollowing;ModifiedFollowing;;2D
15.09.2025;10Mx22M;FRA;EUR;0,02191;EURIBOR;3M;3M;;;;3M;Act360;Act360;;ModifiedFollowing;ModifiedFollowing;;2D
15.09.2025;14D;OIS;EUR;0,020085;EONIA;1D;14D;;;;14D;Act360;Act360;;ModifiedFollowing;ModifiedFollowing;;2D
15.09.2025;18M;OIS;EUR;0,01953;EONIA;1D;1Y;;;;1Y;Act360;Act360;;ModifiedFollowing;ModifiedFollowing;;2D
15.09.2025;11M;OIS;GBP;0,03855;SONIA;1D;1Y;;;;1Y;Act360;Act360;;ModifiedFollowing;ModifiedFollowing;;2D
15.09.2025;3Mx9M;FRA;EUR;0,02084;EURIBOR;3M;3M;;;;3M;Act360;Act360;;ModifiedFollowing;ModifiedFollowing;;2D
15.09.2025;2Mx5M;FRA;USD;0,04028;LIBOR;3M;3M;;;;3M;Act360;Act360;;ModifiedFollowing;ModifiedFollowing;;2D
15.09.2025;3M;OIS;EUR;0,02011;EONIA;1D;3M;;;;3M;Act360;Act360;;ModifiedFollowing;ModifiedFollowing;;2D
15.09.2025;7M;OIS;GBP;0,03911;SONIA;1D;7M;;;;7M;Act360;Act360;;ModifiedFollowing;ModifiedFollowing;;2D
15.09.2025;11M;OIS;EUR;0,019635;EONIA;1D;1Y;;;;1Y;Act360;Act360;;ModifiedFollowing;ModifiedFollowing;;2D
15.09.2025;8Y;IRS;EUR;0,02481;EURIBOR;3M;3M;;;;1Y;Act360;Act360;;ModifiedFollowing;ModifiedFollowing;;2D
15.09.2025;7Mx10M;FRA;USD;0,03603;LIBOR;3M;3M;;;;3M;Act360;Act360;;ModifiedFollowing;ModifiedFollowing;;2D
15.09.2025;12M;DEPOSIT;GBP;0,0419;LIBOR;12M;1Y;;;;1Y;Act360;Act360;;ModifiedFollowing;ModifiedFollowing;;2D
15.09.2025;9M;IRS;EUR;0,01893;EURIBOR;1M;1M;;;;1Y;Act360;Act360;;ModifiedFollowing;ModifiedFollowing;;2D
15.09.2025;1Mx4M;FRA;USD;0,04159;LIBOR;3M;3M;;;;3M;Act360;Act360;;ModifiedFollowing;ModifiedFollowing;;2D
15.09.2025;2Mx8M;FRA;USD;0,04075;LIBOR;3M;3M;;;;3M;Act360;Act360;;ModifiedFollowing;ModifiedFollowing;;2D
15.09.2025;1M;OIS;EUR;0,02009;EONIA;1D;1M;;;;1M;Act360;Act360;;ModifiedFollowing;ModifiedFollowing;;2D
15.09.2025;11Y;IRS;EUR;0,0266;EURIBOR;3M;3M;;;;1Y;Act360;Act360;;ModifiedFollowing;ModifiedFollowing;;2D
15.09.2025;2Mx5M;FRA;EUR;0,02032;EURIBOR;3M;3M;;;;3M;Act360;Act360;;ModifiedFollowing;ModifiedFollowing;;2D
15.09.2025;7Mx10M;FRA;GBP;0,03799;LIBOR;3M;3M;;;;3M;Act360;Act360;;ModifiedFollowing;ModifiedFollowing;;2D
15.09.2025;3M;OIS;USD;0,03966;SOFR;1D;3M;;;;3M;Act360;Act360;;ModifiedFollowing;ModifiedFollowing;;2D
15.09.2025;5M;OIS;EUR;0,019983;EONIA;1D;5M;;;;5M;Act360;Act360;;ModifiedFollowing;ModifiedFollowing;;2D
15.09.2025;4Mx10M;FRA;EUR;0,02064;EURIBOR;3M;3M;;;;3M;Act360;Act360;;ModifiedFollowing;ModifiedFollowing;;2D
15.09.2025;4M;IRS;EUR;0,01908;EURIBOR;1M;1M;;;;1Y;Act360;Act360;;ModifiedFollowing;ModifiedFollowing;;2D
15.09.2025;10M;IRS;EUR;0,01891;EURIBOR;1M;1M;;;;1Y;Act360;Act360;;ModifiedFollowing;ModifiedFollowing;;2D
15.09.2025;9Y;OIS;EUR;0,024945;EONIA;1D;1Y;;;;1Y;Act360;Act360;;ModifiedFollowing;ModifiedFollowing;;2D
15.09.2025;2Mx14M;FRA;EUR;0,02168;EURIBOR;3M;3M;;;;3M;Act360;Act360;;ModifiedFollowing;ModifiedFollowing;;2D
15.09.2025;7Mx19M;FRA;EUR;0,02162;EURIBOR;3M;3M;;;;3M;Act360;Act360;;ModifiedFollowing;ModifiedFollowing;;2D
15.09.2025;7Y;IRS;EUR;0,024145;EURIBOR;3M;3M;;;;1Y;Act360;Act360;;ModifiedFollowing;ModifiedFollowing;;2D
15.09.2025;6M;OIS;GBP;0,03927;SONIA;1D;6M;;;;6M;Act360;Act360;;ModifiedFollowing;ModifiedFollowing;;2D
15.09.2025;25Y;IRS;EUR;0,029135;EURIBOR;3M;3M;;;;1Y;Act360;Act360;;ModifiedFollowing;ModifiedFollowing;;2D
15.09.2025;3Y;OIS;USD;0,03163;SOFR;1D;1Y;;;;1Y;Act360;Act360;;ModifiedFollowing;ModifiedFollowing;;2D
15.09.2025;10Y;OIS;GBP;0,04101;SONIA;1D;1Y;;;;1Y;Act360;Act360;;ModifiedFollowing;ModifiedFollowing;;2D
15.09.2025;3Mx15M;FRA;EUR;0,02161;EURIBOR;3M;3M;;;;3M;Act360;Act360;;ModifiedFollowing;ModifiedFollowing;;2D
15.09.2025;1M;OIS;GBP;0,0397;SONIA;1D;1M;;;;1M;Act360;Act360;;ModifiedFollowing;ModifiedFollowing;;2D
15.09.2025;8Y;OIS;EUR;0,024295;EONIA;1D;1Y;;;;1Y;Act360;Act360;;ModifiedFollowing;ModifiedFollowing;;2D
15.09.2025;4Y;OIS;EUR;0,021331;EONIA;1D;1Y;;;;1Y;Act360;Act360;;ModifiedFollowing;ModifiedFollowing;;2D
15.09.2025;2Y;OIS;GBP;0,03734;SONIA;1D;1Y;;;;1Y;Act360;Act360;;ModifiedFollowing;ModifiedFollowing;;2D
15.09.2025;11M;IRS;EUR;0,01889;EURIBOR;1M;1M;;;;1Y;Act360;Act360;;ModifiedFollowing;ModifiedFollowing;;2D
15.09.2025;2Mx8M;FRA;GBP;0,0412;LIBOR;3M;3M;;;;3M;Act360;Act360;;ModifiedFollowing;ModifiedFollowing;;2D
15.09.2025;9Y;OIS;USD;0,03413;SOFR;1D;1Y;;;;1Y;Act360;Act360;;ModifiedFollowing;ModifiedFollowing;;2D
15.09.2025;3Y;OIS;GBP;0,03722;SONIA;1D;1Y;;;;1Y;Act360;Act360;;ModifiedFollowing;ModifiedFollowing;;2D
15.09.2025;30Y;IRS;EUR;0,029085;EURIBOR;3M;3M;;;;1Y;Act360;Act360;;ModifiedFollowing;ModifiedFollowing;;2D
15.09.2025;8Mx11M;FRA;GBP;0,03767;LIBOR;3M;3M;;;;3M;Act360;Act360;;ModifiedFollowing;ModifiedFollowing;;2D
15.09.2025;35Y;OIS;USD;0,0374;SOFR;1D;1Y;;;;1Y;Act360;Act360;;ModifiedFollowing;ModifiedFollowing;;2D
15.09.2025;18M;OIS;USD;0,03343;SOFR;1D;1Y;;;;1Y;Act360;Act360;;ModifiedFollowing;ModifiedFollowing;;2D
15.09.2025;3Mx9M;FRA;GBP;0,04081;LIBOR;3M;3M;;;;3M;Act360;Act360;;ModifiedFollowing;ModifiedFollowing;;2D
15.09.2025;10Y;OIS;USD;0,03475;SOFR;1D;1Y;;;;1Y;Act360;Act360;;ModifiedFollowing;ModifiedFollowing;;2D
15.09.2025;5Mx11M;FRA;EUR;0,02061;EURIBOR;3M;3M;;;;3M;Act360;Act360;;ModifiedFollowing;ModifiedFollowing;;2D
15.09.2025;5Mx8M;FRA;EUR;0,01967;EURIBOR;3M;3M;;;;3M;Act360;Act360;;ModifiedFollowing;ModifiedFollowing;;2D
15.09.2025;6M;OIS;EUR;0,01996;EONIA;1D;6M;;;;6M;Act360;Act360;;ModifiedFollowing;ModifiedFollowing;;2D
15.09.2025;10M;OIS;GBP;0,03868;SONIA;1D;1Y;;;;1Y;Act360;Act360;;ModifiedFollowing;ModifiedFollowing;;2D
15.09.2025;9Y;IRS;EUR;0,025445;EURIBOR;3M;3M;;;;1Y;Act360;Act360;;ModifiedFollowing;ModifiedFollowing;;2D
15.09.2025;7D;OIS;USD;0,04107;SOFR;1D;7D;;;;7D;Act360;Act360;;ModifiedFollowing;ModifiedFollowing;;2D
15.09.2025;15Y;OIS;USD;0,03719;SOFR;1D;1Y;;;;1Y;Act360;Act360;;ModifiedFollowing;ModifiedFollowing;;2D
15.09.2025;5M;OIS;GBP;0,03944;SONIA;1D;5M;;;;5M;Act360;Act360;;ModifiedFollowing;ModifiedFollowing;;2D
15.09.2025;1Mx4M;FRA;GBP;0,0405;LIBOR;3M;3M;;;;3M;Act360;Act360;;ModifiedFollowing;ModifiedFollowing;;2D
15.09.2025;40Y;OIS;USD;0,03686;SOFR;1D;1Y;;;;1Y;Act360;Act360;;ModifiedFollowing;ModifiedFollowing;;2D
15.09.2025;6Y;OIS;USD;0,03234;SOFR;1D;1Y;;;;1Y;Act360;Act360;;ModifiedFollowing;ModifiedFollowing;;2D
15.09.2025;2M;IRS;EUR;0,01898;EURIBOR;1M;1M;;;;1Y;Act360;Act360;;ModifiedFollowing;ModifiedFollowing;;2D
15.09.2025;3M;DEPOSIT;EUR;0,02075;EURIBOR;3M;3M;;;;3M;Act360;Act360;;ModifiedFollowing;ModifiedFollowing;;2D
15.09.2025;3M;DEPOSIT;USD;0,04135;LIBOR;3M;3M;;;;3M;Act360;Act360;;ModifiedFollowing;ModifiedFollowing;;2D
15.09.2025;4M;OIS;USD;0,03886;SOFR;1D;4M;;;;4M;Act360;Act360;;ModifiedFollowing;ModifiedFollowing;;2D
15.09.2025;30Y;OIS;GBP;0,04597;SONIA;1D;1Y;;;;1Y;Act360;Act360;;ModifiedFollowing;ModifiedFollowing;;2D
15.09.2025;6Mx9M;FRA;USD;0,03682;LIBOR;3M;3M;;;;3M;Act360;Act360;;ModifiedFollowing;ModifiedFollowing;;2D
15.09.2025;4Y;OIS;GBP;0,03742;SONIA;1D;1Y;;;;1Y;Act360;Act360;;ModifiedFollowing;ModifiedFollowing;;2D
15.09.2025;1Y;IRS;EUR;0,0197055;EURIBOR;3M;3M;;;;1Y;Act360;Act360;;ModifiedFollowing;ModifiedFollowing;;2D
15.09.2025;2Y;OIS;USD;0,03239;SOFR;1D;1Y;;;;1Y;Act360;Act360;;ModifiedFollowing;ModifiedFollowing;;2D
15.09.2025;11Mx23M;FRA;EUR;0,02203;EURIBOR;3M;3M;;;;3M;Act360;Act360;;ModifiedFollowing;ModifiedFollowing;;2D
15.09.2025;3Y;OIS;EUR;0,020555;EONIA;1D;1Y;;;;1Y;Act360;Act360;;ModifiedFollowing;ModifiedFollowing;;2D
15.09.2025;14D;OIS;USD;0,0409;SOFR;1D;14D;;;;14D;Act360;Act360;;ModifiedFollowing;ModifiedFollowing;;2D
15.09.2025;4Y;IRS;EUR;0,021996;EURIBOR;3M;3M;;;;1Y;Act360;Act360;;ModifiedFollowing;ModifiedFollowing;;2D
15.09.2025;5Y;OIS;GBP;0,03782;SONIA;1D;1Y;;;;1Y;Act360;Act360;;ModifiedFollowing;ModifiedFollowing;;2D
15.09.2025;1Y;OIS;USD;0,03546;SOFR;1D;1Y;;;;1Y;Act360;Act360;;ModifiedFollowing;ModifiedFollowing;;2D
15.09.2025;4Mx16M;FRA;EUR;0,02157;EURIBOR;3M;3M;;;;3M;Act360;Act360;;ModifiedFollowing;ModifiedFollowing;;2D
15.09.2025;20Y;OIS;USD;0,03818;SOFR;1D;1Y;;;;1Y;Act360;Act360;;ModifiedFollowing;ModifiedFollowing;;2D
15.09.2025;8Mx11M;FRA;EUR;0,01946;EURIBOR;3M;3M;;;;3M;Act360;Act360;;ModifiedFollowing;ModifiedFollowing;;2D
15.09.2025;7M;OIS;USD;0,03743;SOFR;1D;7M;;;;7M;Act360;Act360;;ModifiedFollowing;ModifiedFollowing;;2D
15.09.2025;4Mx10M;FRA;GBP;0,04044;LIBOR;3M;3M;;;;3M;Act360;Act360;;ModifiedFollowing;ModifiedFollowing;;2D
15.09.2025;3Mx6M;FRA;USD;0,03908;LIBOR;3M;3M;;;;3M;Act360;Act360;;ModifiedFollowing;ModifiedFollowing;;2D
15.09.2025;6M;OIS;USD;0,0379;SOFR;1D;6M;;;;6M;Act360;Act360;;ModifiedFollowing;ModifiedFollowing;;2D
15.09.2025;5Mx8M;FRA;USD;0,03752;LIBOR;3M;3M;;;;3M;Act360;Act360;;ModifiedFollowing;ModifiedFollowing;;2D
15.09.2025;3Mx6M;FRA;GBP;0,0397;LIBOR;3M;3M;;;;3M;Act360;Act360;;ModifiedFollowing;ModifiedFollowing;;2D
15.09.2025;6M;DEPOSIT;USD;0,0411;LIBOR;6M;6M;;;;6M;Act360;Act360;;ModifiedFollowing;ModifiedFollowing;;2D
15.09.2025;1M;DEPOSIT;EUR;0,0214;EURIBOR;1M;1M;;;;1M;Act360;Act360;;ModifiedFollowing;ModifiedFollowing;;2D
15.09.2025;14D;OIS;GBP;0,03967;SONIA;1D;14D;;;;14D;Act360;Act360;;ModifiedFollowing;ModifiedFollowing;;2D
15.09.2025;4Mx7M;FRA;GBP;0,03925;LIBOR;3M;3M;;;;3M;Act360;Act360;;ModifiedFollowing;ModifiedFollowing;;2D
15.09.2025;20Y;IRS;EUR;0,029025;EURIBOR;3M;3M;;;;1Y;Act360;Act360;;ModifiedFollowing;ModifiedFollowing;;2D
15.09.2025;7Y;OIS;EUR;0,023605;EONIA;1D;1Y;;;;1Y;Act360;Act360;;ModifiedFollowing;ModifiedFollowing;;2D
15.09.2025;2M;OIS;USD;0,04025;SOFR;1D;2M;;;;2M;Act360;Act360;;ModifiedFollowing;ModifiedFollowing;;2D
15.09.2025;15Y;IRS;EUR;0,02824;EURIBOR;3M;3M;;;;1Y;Act360;Act360;;ModifiedFollowing;ModifiedFollowing;;2D
15.09.2025;8M;OIS;USD;0,03699;SOFR;1D;8M;;;;8M;Act360;Act360;;ModifiedFollowing;ModifiedFollowing;;2D
15.09.2025;1Mx7M;FRA;EUR;0,02116;EURIBOR;3M;3M;;;;3M;Act360;Act360;;ModifiedFollowing;ModifiedFollowing;;2D
15.09.2025;30Y;OIS;EUR;0,02873;EONIA;1D;1Y;;;;1Y;Act360;Act360;;ModifiedFollowing;ModifiedFollowing;;2D
15.09.2025;1M;DEPOSIT;GBP;0,0408;LIBOR;1M;1M;;;;1M;Act360;Act360;;ModifiedFollowing;ModifiedFollowing;;2D
15.09.2025;20Y;OIS;GBP;0,04526;SONIA;1D;1Y;;;;1Y;Act360;Act360;;ModifiedFollowing;ModifiedFollowing;;2D
15.09.2025;7M;OIS;EUR;0,019845;EONIA;1D;7M;;;;7M;Act360;Act360;;ModifiedFollowing;ModifiedFollowing;;2D
15.09.2025;5Mx11M;FRA;GBP;0,04005;LIBOR;3M;3M;;;;3M;Act360;Act360;;ModifiedFollowing;ModifiedFollowing;;2D
15.09.2025;6M;DEPOSIT;EUR;0,0192;EURIBOR;6M;6M;;;;6M;Act360;Act360;;ModifiedFollowing;ModifiedFollowing;;2D
15.09.2025;6Mx18M;FRA;EUR;0,02157;EURIBOR;3M;3M;;;;3M;Act360;Act360;;ModifiedFollowing;ModifiedFollowing;;2D
15.09.2025;50Y;IRS;EUR;0,02844;EURIBOR;3M;3M;;;;1Y;Act360;Act360;;ModifiedFollowing;ModifiedFollowing;;2D
15.09.2025;1Mx13M;FRA;EUR;0,02175;EURIBOR;3M;3M;;;;3M;Act360;Act360;;ModifiedFollowing;ModifiedFollowing;;2D
15.09.2025;9M;OIS;USD;0,03663;SOFR;1D;9M;;;;9M;Act360;Act360;;ModifiedFollowing;ModifiedFollowing;;2D
15.09.2025;8Y;OIS;GBP;0,03964;SONIA;1D;1Y;;;;1Y;Act360;Act360;;ModifiedFollowing;ModifiedFollowing;;2D
15.09.2025;4Mx7M;FRA;USD;0,03822;LIBOR;3M;3M;;;;3M;Act360;Act360;;ModifiedFollowing;ModifiedFollowing;;2D
15.09.2025;6Mx9M;FRA;EUR;0,01955;EURIBOR;3M;3M;;;;3M;Act360;Act360;;ModifiedFollowing;ModifiedFollowing;;2D
15.09.2025;5Mx17M;FRA;EUR;0,02155;EURIBOR;3M;3M;;;;3M;Act360;Act360;;ModifiedFollowing;ModifiedFollowing;;2D
15.09.2025;5Mx11M;FRA;USD;0,03819;LIBOR;3M;3M;;;;3M;Act360;Act360;;ModifiedFollowing;ModifiedFollowing;;2D
15.09.2025;50Y;OIS;USD;0,03565;SOFR;1D;1Y;;;;1Y;Act360;Act360;;ModifiedFollowing;ModifiedFollowing;;2D
15.09.2025;7D;OIS;GBP;0,03967;SONIA;1D;7D;;;;7D;Act360;Act360;;ModifiedFollowing;ModifiedFollowing;;2D
15.09.2025;4M;OIS;GBP;0,03957;SONIA;1D;4M;;;;4M;Act360;Act360;;ModifiedFollowing;ModifiedFollowing;;2D
15.09.2025;11M;OIS;USD;0,03584;SOFR;1D;1Y;;;;1Y;Act360;Act360;;ModifiedFollowing;ModifiedFollowing;;2D
15.09.2025;6Y;OIS;EUR;0,022863;EONIA;1D;1Y;;;;1Y;Act360;Act360;;ModifiedFollowing;ModifiedFollowing;;2D
15.09.2025;1M;OIS;USD;0,04084;SOFR;1D;1M;;;;1M;Act360;Act360;;ModifiedFollowing;ModifiedFollowing;;2D
15.09.2025;6Y;IRS;EUR;0,02345;EURIBOR;3M;3M;;;;1Y;Act360;Act360;;ModifiedFollowing;ModifiedFollowing;;2D
15.09.2025;5Y;OIS;EUR;0,022109;EONIA;1D;1Y;;;;1Y;Act360;Act360;;ModifiedFollowing;ModifiedFollowing;;2D
15.09.2025;2M;OIS;GBP;0,03971;SONIA;1D;2M;;;;2M;Act360;Act360;;ModifiedFollowing;ModifiedFollowing;;2D
15.09.2025;10M;OIS;USD;0,03624;SOFR;1D;1Y;;;;1Y;Act360;Act360;;ModifiedFollowing;ModifiedFollowing;;2D
15.09.2025;2Mx5M;FRA;GBP;0,04007;LIBOR;3M;3M;;;;3M;Act360;Act360;;ModifiedFollowing;ModifiedFollowing;;2D
15.09.2025;15Y;OIS;GBP;0,04378;SONIA;1D;1Y;;;;1Y;Act360;Act360;;ModifiedFollowing;ModifiedFollowing;;2D
15.09.2025;20Y;OIS;EUR;0,028605;EONIA;1D;1Y;;;;1Y;Act360;Act360;;ModifiedFollowing;ModifiedFollowing;;2D
15.09.2025;12M;DEPOSIT;USD;0,03965;LIBOR;12M;1Y;;;;1Y;Act360;Act360;;ModifiedFollowing;ModifiedFollowing;;2D
15.09.2025;1Mx7M;FRA;USD;0,04178;LIBOR;3M;3M;;;;3M;Act360;Act360;;ModifiedFollowing;ModifiedFollowing;;2D
15.09.2025;1Y;OIS;GBP;0,03845;SONIA;1D;1Y;;;;1Y;Act360;Act360;;ModifiedFollowing;ModifiedFollowing;;2D
15.09.2025;25Y;OIS;GBP;0,04588;SONIA;1D;1Y;;;;1Y;Act360;Act360;;ModifiedFollowing;ModifiedFollowing;;2D
15.09.2025;5Y;OIS;USD;0,03184;SOFR;1D;1Y;;;;1Y;Act360;Act360;;ModifiedFollowing;ModifiedFollowing;;2D
15.09.2025;12Y;IRS;EUR;0,02711;EURIBOR;3M;3M;;;;1Y;Act360;Act360;;ModifiedFollowing;ModifiedFollowing;;2D
15.09.2025;2Y;OIS;EUR;0,0198;EONIA;1D;1Y;;;;1Y;Act360;Act360;;ModifiedFollowing;ModifiedFollowing;;2D
15.09.2025;3Mx6M;FRA;EUR;0,01995;EURIBOR;3M;3M;;;;3M;Act360;Act360;;ModifiedFollowing;ModifiedFollowing;;2D
15.09.2025;6M;DEPOSIT;GBP;0,0421;LIBOR;6M;6M;;;;6M;Act360;Act360;;ModifiedFollowing;ModifiedFollowing;;2D
15.09.2025;12Y;OIS;USD;0,03593;SOFR;1D;1Y;;;;1Y;Act360;Act360;;ModifiedFollowing;ModifiedFollowing;;2D
15.09.2025;50Y;OIS;GBP;0,0444;SONIA;1D;1Y;;;;1Y;Act360;Act360;;ModifiedFollowing;ModifiedFollowing;;2D
15.09.2025;9M;OIS;GBP;0,03881;SONIA;1D;9M;;;;9M;Act360;Act360;;ModifiedFollowing;ModifiedFollowing;;2D
15.09.2025;7D;OIS;EUR;0,02009;EONIA;1D;7D;;;;7D;Act360;Act360;;ModifiedFollowing;ModifiedFollowing;;2D
15.09.2025;5M;IRS;EUR;0,01908;EURIBOR;1M;1M;;;;1Y;Act360;Act360;;ModifiedFollowing;ModifiedFollowing;;2D
15.09.2025;1Mx7M;FRA;GBP;0,04168;LIBOR;3M;3M;;;;3M;Act360;Act360;;ModifiedFollowing;ModifiedFollowing;;2D
15.09.2025;6Y;OIS;GBP;0,03835;SONIA;1D;1Y;;;;1Y;Act360;Act360;;ModifiedFollowing;ModifiedFollowing;;2D
15.09.2025;3Mx9M;FRA;USD;0,03975;LIBOR;3M;3M;;;;3M;Act360;Act360;;ModifiedFollowing;ModifiedFollowing;;2D
15.09.2025;40Y;IRS;EUR;0,02887;EURIBOR;3M;3M;;;;1Y;Act360;Act360;;ModifiedFollowing;ModifiedFollowing;;2D
15.09.2025;3M;DEPOSIT;GBP;0,0414;LIBOR;3M;3M;;;;3M;Act360;Act360;;ModifiedFollowing;ModifiedFollowing;;2D
15.09.2025;40Y;OIS;GBP;0,04536;SONIA;1D;1Y;;;;1Y;Act360;Act360;;ModifiedFollowing;ModifiedFollowing;;2D
15.09.2025;7Mx10M;FRA;EUR;0,0195;EURIBOR;3M;3M;;;;3M;Act360;Act360;;ModifiedFollowing;ModifiedFollowing;;2D
15.09.2025;5Mx8M;FRA;GBP;0,03873;LIBOR;3M;3M;;;;3M;Act360;Act360;;ModifiedFollowing;ModifiedFollowing;;2D
15.09.2025;4Mx7M;FRA;EUR;0,01986;EURIBOR;3M;3M;;;;3M;Act360;Act360;;ModifiedFollowing;ModifiedFollowing;;2D
15.09.2025;9M;OIS;EUR;0,01971;EONIA;1D;9M;;;;9M;Act360;Act360;;ModifiedFollowing;ModifiedFollowing;;2D
15.09.2025;6M;IRS;EUR;0,01906;EURIBOR;1M;1M;;;;1Y;Act360;Act360;;ModifiedFollowing;ModifiedFollowing;;2D
15.09.2025;8Mx20M;FRA;EUR;0,0217;EURIBOR;3M;3M;;;;3M;Act360;Act360;;ModifiedFollowing;ModifiedFollowing;;2D
15.09.2025;12Y;OIS;GBP;0,04227;SONIA;1D;1Y;;;;1Y;Act360;Act360;;ModifiedFollowing;ModifiedFollowing;;2D
15.09.2025;8Y;OIS;USD;0,03355;SOFR;1D;1Y;;;;1Y;Act360;Act360;;ModifiedFollowing;ModifiedFollowing;;2D
15.09.2025;8Mx11M;FRA;USD;0,03527;LIBOR;3M;3M;;;;3M;Act360;Act360;;ModifiedFollowing;ModifiedFollowing;;2D
15.09.2025;3Y;IRS;EUR;0,021225;EURIBOR;3M;3M;;;;1Y;Act360;Act360;;ModifiedFollowing;ModifiedFollowing;;2D
15.09.2025;2Mx8M;FRA;EUR;0,02093;EURIBOR;3M;3M;;;;3M;Act360;Act360;;ModifiedFollowing;ModifiedFollowing;;2D
15.09.2025;7Y;OIS;USD;0,03293;SOFR;1D;1Y;;;;1Y;Act360;Act360;;ModifiedFollowing;ModifiedFollowing;;2D
15.09.2025;5Y;IRS;EUR;0,02274;EURIBOR;3M;3M;;;;1Y;Act360;Act360;;ModifiedFollowing;ModifiedFollowing;;2D
15.09.2025;8M;OIS;EUR;0,01979;EONIA;1D;8M;;;;8M;Act360;Act360;;ModifiedFollowing;ModifiedFollowing;;2D
12.09.2025;7D;OIS;USD;0,04139;SOFR;1D;7D;;;;7D;Act360;Act360;;ModifiedFollowing;ModifiedFollowing;;2D
12.09.2025;7Y;OIS;USD;0,03268;SOFR;1D;1Y;;;;1Y;Act360;Act360;;ModifiedFollowing;ModifiedFollowing;;2D
12.09.2025;20Y;OIS;USD;0,0378;SOFR;1D;1Y;;;;1Y;Act360;Act360;;ModifiedFollowing;ModifiedFollowing;;2D
12.09.2025;6M;DEPOSIT;EUR;0,02095;EURIBOR;6M;6M;;;;6M;Act360;Act360;;ModifiedFollowing;ModifiedFollowing;;2D
12.09.2025;8Y;OIS;USD;0,03327;SOFR;1D;1Y;;;;1Y;Act360;Act360;;ModifiedFollowing;ModifiedFollowing;;2D
12.09.2025;2Y;IRS;EUR;0,02047;EURIBOR;3M;3M;;;;1Y;Act360;Act360;;ModifiedFollowing;ModifiedFollowing;;2D
12.09.2025;8M;OIS;EUR;0,01978;EONIA;1D;8M;;;;8M;Act360;Act360;;ModifiedFollowing;ModifiedFollowing;;2D
12.09.2025;50Y;OIS;GBP;0,04403;SONIA;1D;1Y;;;;1Y;Act360;Act360;;ModifiedFollowing;ModifiedFollowing;;2D
12.09.2025;10Mx22M;FRA;EUR;0,02193;EURIBOR;3M;3M;;;;3M;Act360;Act360;;ModifiedFollowing;ModifiedFollowing;;2D
12.09.2025;9Y;OIS;EUR;0,02465;EONIA;1D;1Y;;;;1Y;Act360;Act360;;ModifiedFollowing;ModifiedFollowing;;2D
12.09.2025;9Y;OIS;USD;0,03383;SOFR;1D;1Y;;;;1Y;Act360;Act360;;ModifiedFollowing;ModifiedFollowing;;2D
12.09.2025;15Y;OIS;USD;0,03682;SOFR;1D;1Y;;;;1Y;Act360;Act360;;ModifiedFollowing;ModifiedFollowing;;2D
12.09.2025;3M;DEPOSIT;EUR;0,02035;EURIBOR;3M;3M;;;;3M;Act360;Act360;;ModifiedFollowing;ModifiedFollowing;;2D
12.09.2025;3Y;IRS;EUR;0,021215;EURIBOR;3M;3M;;;;1Y;Act360;Act360;;ModifiedFollowing;ModifiedFollowing;;2D
12.09.2025;5Mx8M;FRA;EUR;0,01972;EURIBOR;3M;3M;;;;3M;Act360;Act360;;ModifiedFollowing;ModifiedFollowing;;2D
12.09.2025;10Y;OIS;USD;0,03441;SOFR;1D;1Y;;;;1Y;Act360;Act360;;ModifiedFollowing;ModifiedFollowing;;2D
12.09.2025;4Y;OIS;GBP;0,03715;SONIA;1D;1Y;;;;1Y;Act360;Act360;;ModifiedFollowing;ModifiedFollowing;;2D
12.09.2025;5Y;OIS;EUR;0,022051;EONIA;1D;1Y;;;;1Y;Act360;Act360;;ModifiedFollowing;ModifiedFollowing;;2D
12.09.2025;2M;IRS;EUR;0,01896;EURIBOR;1M;1M;;;;1Y;Act360;Act360;;ModifiedFollowing;ModifiedFollowing;;2D
12.09.2025;1M;DEPOSIT;EUR;0,02125;EURIBOR;1M;1M;;;;1M;Act360;Act360;;ModifiedFollowing;ModifiedFollowing;;2D
12.09.2025;11Mx23M;FRA;EUR;0,02206;EURIBOR;3M;3M;;;;3M;Act360;Act360;;ModifiedFollowing;ModifiedFollowing;;2D
12.09.2025;12Y;OIS;USD;0,03557;SOFR;1D;1Y;;;;1Y;Act360;Act360;;ModifiedFollowing;ModifiedFollowing;;2D
12.09.2025;14D;OIS;EUR;0,02008;EONIA;1D;14D;;;;14D;Act360;Act360;;ModifiedFollowing;ModifiedFollowing;;2D
12.09.2025;4Mx7M;FRA;GBP;0,03914;LIBOR;3M;3M;;;;3M;Act360;Act360;;ModifiedFollowing;ModifiedFollowing;;2D
12.09.2025;1Y;OIS;GBP;0,03833;SONIA;1D;1Y;;;;1Y;Act360;Act360;;ModifiedFollowing;ModifiedFollowing;;2D
12.09.2025;8Y;OIS;GBP;0,03929;SONIA;1D;1Y;;;;1Y;Act360;Act360;;ModifiedFollowing;ModifiedFollowing;;2D
12.09.2025;5M;IRS;EUR;0,01906;EURIBOR;1M;1M;;;;1Y;Act360;Act360;;ModifiedFollowing;ModifiedFollowing;;2D
12.09.2025;3Mx6M;FRA;EUR;0,02005;EURIBOR;3M;3M;;;;3M;Act360;Act360;;ModifiedFollowing;ModifiedFollowing;;2D
12.09.2025;6Y;OIS;GBP;0,03803;SONIA;1D;1Y;;;;1Y;Act360;Act360;;ModifiedFollowing;ModifiedFollowing;;2D
12.09.2025;9M;OIS;GBP;0,03872;SONIA;1D;9M;;;;9M;Act360;Act360;;ModifiedFollowing;ModifiedFollowing;;2D
12.09.2025;7Mx10M;FRA;EUR;0,01955;EURIBOR;3M;3M;;;;3M;Act360;Act360;;ModifiedFollowing;ModifiedFollowing;;2D
12.09.2025;7D;OIS;EUR;0,02005;EONIA;1D;7D;;;;7D;Act360;Act360;;ModifiedFollowing;ModifiedFollowing;;2D
12.09.2025;40Y;IRS;EUR;0,02817;EURIBOR;3M;3M;;;;1Y;Act360;Act360;;ModifiedFollowing;ModifiedFollowing;;2D
12.09.2025;5Mx8M;FRA;GBP;0,03862;LIBOR;3M;3M;;;;3M;Act360;Act360;;ModifiedFollowing;ModifiedFollowing;;2D
12.09.2025;6M;IRS;EUR;0,01905;EURIBOR;1M;1M;;;;1Y;Act360;Act360;;ModifiedFollowing;ModifiedFollowing;;2D
12.09.2025;8Mx11M;FRA;USD;0,03515;LIBOR;3M;3M;;;;3M;Act360;Act360;;ModifiedFollowing;ModifiedFollowing;;2D
12.09.2025;2Mx8M;FRA;EUR;0,02101;EURIBOR;3M;3M;;;;3M;Act360;Act360;;ModifiedFollowing;ModifiedFollowing;;2D
12.09.2025;3M;IRS;EUR;0,01904;EURIBOR;1M;1M;;;;1Y;Act360;Act360;;ModifiedFollowing;ModifiedFollowing;;2D
12.09.2025;4Mx7M;FRA;EUR;0,0199;EURIBOR;3M;3M;;;;3M;Act360;Act360;;ModifiedFollowing;ModifiedFollowing;;2D
12.09.2025;8M;OIS;GBP;0,03888;SONIA;1D;8M;;;;8M;Act360;Act360;;ModifiedFollowing;ModifiedFollowing;;2D
12.09.2025;1Mx4M;FRA;EUR;0,02024;EURIBOR;3M;3M;;;;3M;Act360;Act360;;ModifiedFollowing;ModifiedFollowing;;2D
12.09.2025;7M;IRS;EUR;0,01901;EURIBOR;1M;1M;;;;1Y;Act360;Act360;;ModifiedFollowing;ModifiedFollowing;;2D
12.09.2025;15Y;OIS;EUR;0,0273;EONIA;1D;1Y;;;;1Y;Act360;Act360;;ModifiedFollowing;ModifiedFollowing;;2D
12.09.2025;9Y;OIS;GBP;0,03997;SONIA;1D;1Y;;;;1Y;Act360;Act360;;ModifiedFollowing;ModifiedFollowing;;2D
12.09.2025;10Y;IRS;EUR;0,025745;EURIBOR;3M;3M;;;;1Y;Act360;Act360;;ModifiedFollowing;ModifiedFollowing;;2D
12.09.2025;8M;IRS;EUR;0,01897;EURIBOR;1M;1M;;;;1Y;Act360;Act360;;ModifiedFollowing;ModifiedFollowing;;2D
12.09.2025;18M;OIS;GBP;0,03743;SONIA;1D;1Y;;;;1Y;Act360;Act360;;ModifiedFollowing;ModifiedFollowing;;2D
12.09.2025;6Mx9M;FRA;GBP;0,03822;LIBOR;3M;3M;;;;3M;Act360;Act360;;ModifiedFollowing;ModifiedFollowing;;2D
12.09.2025;18M;OIS;EUR;0,01957;EONIA;1D;1Y;;;;1Y;Act360;Act360;;ModifiedFollowing;ModifiedFollowing;;2D
12.09.2025;3Mx9M;FRA;EUR;0,02086;EURIBOR;3M;3M;;;;3M;Act360;Act360;;ModifiedFollowing;ModifiedFollowing;;2D
12.09.2025;7M;OIS;GBP;0,03903;SONIA;1D;7M;;;;7M;Act360;Act360;;ModifiedFollowing;ModifiedFollowing;;2D
12.09.2025;7Mx10M;FRA;USD;0,03592;LIBOR;3M;3M;;;;3M;Act360;Act360;;ModifiedFollowing;ModifiedFollowing;;2D
12.09.2025;9M;IRS;EUR;0,01895;EURIBOR;1M;1M;;;;1Y;Act360;Act360;;ModifiedFollowing;ModifiedFollowing;;2D
12.09.2025;7Mx10M;FRA;GBP;0,03783;LIBOR;3M;3M;;;;3M;Act360;Act360;;ModifiedFollowing;ModifiedFollowing;;2D
12.09.2025;5M;OIS;EUR;0,01999;EONIA;1D;5M;;;;5M;Act360;Act360;;ModifiedFollowing;ModifiedFollowing;;2D
12.09.2025;10Y;OIS;EUR;0,025221;EONIA;1D;1Y;;;;1Y;Act360;Act360;;ModifiedFollowing;ModifiedFollowing;;2D
12.09.2025;1M;OIS;EUR;0,02011;EONIA;1D;1M;;;;1M;Act360;Act360;;ModifiedFollowing;ModifiedFollowing;;2D
12.09.2025;4Mx10M;FRA;EUR;0,02071;EURIBOR;3M;3M;;;;3M;Act360;Act360;;ModifiedFollowing;ModifiedFollowing;;2D
12.09.2025;10M;IRS;EUR;0,01893;EURIBOR;1M;1M;;;;1Y;Act360;Act360;;ModifiedFollowing;ModifiedFollowing;;2D
12.09.2025;11Y;IRS;EUR;0,02627;EURIBOR;3M;3M;;;;1Y;Act360;Act360;;ModifiedFollowing;ModifiedFollowing;;2D
12.09.2025;2Mx5M;FRA;EUR;0,02035;EURIBOR;3M;3M;;;;3M;Act360;Act360;;ModifiedFollowing;ModifiedFollowing;;2D
12.09.2025;6M;OIS;GBP;0,03921;SONIA;1D;6M;;;;6M;Act360;Act360;;ModifiedFollowing;ModifiedFollowing;;2D
12.09.2025;50Y;IRS;EUR;0,02768;EURIBOR;3M;3M;;;;1Y;Act360;Act360;;ModifiedFollowing;ModifiedFollowing;;2D
12.09.2025;2Mx8M;FRA;USD;0,04055;LIBOR;3M;3M;;;;3M;Act360;Act360;;ModifiedFollowing;ModifiedFollowing;;2D
12.09.2025;30Y;IRS;EUR;0,02869;EURIBOR;3M;3M;;;;1Y;Act360;Act360;;ModifiedFollowing;ModifiedFollowing;;2D
12.09.2025;10Y;OIS;GBP;0,04064;SONIA;1D;1Y;;;;1Y;Act360;Act360;;ModifiedFollowing;ModifiedFollowing;;2D
12.09.2025;11M;IRS;EUR;0,01892;EURIBOR;1M;1M;;;;1Y;Act360;Act360;;ModifiedFollowing;ModifiedFollowing;;2D
12.09.2025;7M;OIS;EUR;0,01983;EONIA;1D;7M;;;;7M;Act360;Act360;;ModifiedFollowing;ModifiedFollowing;;2D
12.09.2025;5M;OIS;GBP;0,0394;SONIA;1D;5M;;;;5M;Act360;Act360;;ModifiedFollowing;ModifiedFollowing;;2D
12.09.2025;9Y;IRS;EUR;0,025194;EURIBOR;3M;3M;;;;1Y;Act360;Act360;;ModifiedFollowing;ModifiedFollowing;;2D
12.09.2025;4Mx10M;FRA;USD;0,0388;LIBOR;3M;3M;;;;3M;Act360;Act360;;ModifiedFollowing;ModifiedFollowing;;2D
12.09.2025;1Mx4M;FRA;GBP;0,04044;LIBOR;3M;3M;;;;3M;Act360;Act360;;ModifiedFollowing;ModifiedFollowing;;2D
12.09.2025;5Mx11M;FRA;EUR;0,02061;EURIBOR;3M;3M;;;;3M;Act360;Act360;;ModifiedFollowing;ModifiedFollowing;;2D
12.09.2025;8Mx11M;FRA;GBP;0,03751;LIBOR;3M;3M;;;;3M;Act360;Act360;;ModifiedFollowing;ModifiedFollowing;;2D
12.09.2025;6Mx9M;FRA;USD;0,03668;LIBOR;3M;3M;;;;3M;Act360;Act360;;ModifiedFollowing;ModifiedFollowing;;2D
12.09.2025;14D;OIS;USD;0,04102;SOFR;1D;14D;;;;14D;Act360;Act360;;ModifiedFollowing;ModifiedFollowing;;2D
12.09.2025;2M;OIS;EUR;0,02008;EONIA;1D;2M;;;;2M;Act360;Act360;;ModifiedFollowing;ModifiedFollowing;;2D
12.09.2025;4M;OIS;GBP;0,03952;SONIA;1D;4M;;;;4M;Act360;Act360;;ModifiedFollowing;ModifiedFollowing;;2D
12.09.2025;1Mx13M;FRA;EUR;0,0218;EURIBOR;3M;3M;;;;3M;Act360;Act360;;ModifiedFollowing;ModifiedFollowing;;2D
12.09.2025;1M;OIS;USD;0,04085;SOFR;1D;1M;;;;1M;Act360;Act360;;ModifiedFollowing;ModifiedFollowing;;2D
12.09.2025;20Y;OIS;EUR;0,028075;EONIA;1D;1Y;;;;1Y;Act360;Act360;;ModifiedFollowing;ModifiedFollowing;;2D
12.09.2025;2Y;OIS;EUR;0,019813;EONIA;1D;1Y;;;;1Y;Act360;Act360;;ModifiedFollowing;ModifiedFollowing;;2D
12.09.2025;1Mx7M;FRA;GBP;0,04159;LIBOR;3M;3M;;;;3M;Act360;Act360;;ModifiedFollowing;ModifiedFollowing;;2D
12.09.2025;12Y;OIS;GBP;0,04189;SONIA;1D;1Y;;;;1Y;Act360;Act360;;ModifiedFollowing;ModifiedFollowing;;2D
12.09.2025;2M;OIS;USD;0,0402;SOFR;1D;2M;;;;2M;Act360;Act360;;ModifiedFollowing;ModifiedFollowing;;2D
12.09.2025;3M;OIS;GBP;0,03964;SONIA;1D;3M;;;;3M;Act360;Act360;;ModifiedFollowing;ModifiedFollowing;;2D
12.09.2025;60Y;IRS;EUR;0,02719;EURIBOR;3M;3M;;;;1Y;Act360;Act360;;ModifiedFollowing;ModifiedFollowing;;2D
12.09.2025;12M;DEPOSIT;GBP;0,0422;LIBOR;12M;1Y;;;;1Y;Act360;Act360;;ModifiedFollowing;ModifiedFollowing;;2D
12.09.2025;8Y;IRS;EUR;0,024587;EURIBOR;3M;3M;;;;1Y;Act360;Act360;;ModifiedFollowing;ModifiedFollowing;;2D
12.09.2025;25Y;IRS;EUR;0,028757;EURIBOR;3M;3M;;;;1Y;Act360;Act360;;ModifiedFollowing;ModifiedFollowing;;2D
12.09.2025;3M;OIS;USD;0,03961;SOFR;1D;3M;;;;3M;Act360;Act360;;ModifiedFollowing;ModifiedFollowing;;2D
12.09.2025;2Mx14M;FRA;EUR;0,02173;EURIBOR;3M;3M;;;;3M;Act360;Act360;;ModifiedFollowing;ModifiedFollowing;;2D
12.09.2025;2Mx8M;FRA;GBP;0,04114;LIBOR;3M;3M;;;;3M;Act360;Act360;;ModifiedFollowing;ModifiedFollowing;;2D
12.09.2025;2Y;OIS;GBP;0,03715;SONIA;1D;1Y;;;;1Y;Act360;Act360;;ModifiedFollowing;ModifiedFollowing;;2D
12.09.2025;4M;OIS;USD;0,03884;SOFR;1D;4M;;;;4M;Act360;Act360;;ModifiedFollowing;ModifiedFollowing;;2D
12.09.2025;5Mx8M;FRA;USD;0,03732;LIBOR;3M;3M;;;;3M;Act360;Act360;;ModifiedFollowing;ModifiedFollowing;;2D
12.09.2025;7Y;OIS;EUR;0,023405;EONIA;1D;1Y;;;;1Y;Act360;Act360;;ModifiedFollowing;ModifiedFollowing;;2D
12.09.2025;7Y;OIS;GBP;0,03863;SONIA;1D;1Y;;;;1Y;Act360;Act360;;ModifiedFollowing;ModifiedFollowing;;2D
12.09.2025;2M;OIS;GBP;0,03973;SONIA;1D;2M;;;;2M;Act360;Act360;;ModifiedFollowing;ModifiedFollowing;;2D
12.09.2025;8Mx11M;FRA;EUR;0,01955;EURIBOR;3M;3M;;;;3M;Act360;Act360;;ModifiedFollowing;ModifiedFollowing;;2D
12.09.2025;6M;DEPOSIT;GBP;0,042;LIBOR;6M;6M;;;;6M;Act360;Act360;;ModifiedFollowing;ModifiedFollowing;;2D
12.09.2025;5M;OIS;USD;0,03822;SOFR;1D;5M;;;;5M;Act360;Act360;;ModifiedFollowing;ModifiedFollowing;;2D
12.09.2025;11M;OIS;GBP;0,03845;SONIA;1D;1Y;;;;1Y;Act360;Act360;;ModifiedFollowing;ModifiedFollowing;;2D
12.09.2025;3Mx15M;FRA;EUR;0,02167;EURIBOR;3M;3M;;;;3M;Act360;Act360;;ModifiedFollowing;ModifiedFollowing;;2D
12.09.2025;3Mx9M;FRA;GBP;0,0407;LIBOR;3M;3M;;;;3M;Act360;Act360;;ModifiedFollowing;ModifiedFollowing;;2D
12.09.2025;3M;DEPOSIT;GBP;0,0414;LIBOR;3M;3M;;;;3M;Act360;Act360;;ModifiedFollowing;ModifiedFollowing;;2D
12.09.2025;15Y;OIS;GBP;0,0434;SONIA;1D;1Y;;;;1Y;Act360;Act360;;ModifiedFollowing;ModifiedFollowing;;2D
12.09.2025;1M;OIS;GBP;0,03972;SONIA;1D;1M;;;;1M;Act360;Act360;;ModifiedFollowing;ModifiedFollowing;;2D
12.09.2025;7Y;IRS;EUR;0,023956;EURIBOR;3M;3M;;;;1Y;Act360;Act360;;ModifiedFollowing;ModifiedFollowing;;2D
12.09.2025;6M;OIS;USD;0,03781;SOFR;1D;6M;;;;6M;Act360;Act360;;ModifiedFollowing;ModifiedFollowing;;2D
12.09.2025;10M;OIS;EUR;0,01971;EONIA;1D;1Y;;;;1Y;Act360;Act360;;ModifiedFollowing;ModifiedFollowing;;2D
12.09.2025;3Y;OIS;EUR;0,020545;EONIA;1D;1Y;;;;1Y;Act360;Act360;;ModifiedFollowing;ModifiedFollowing;;2D
12.09.2025;4Mx16M;FRA;EUR;0,02163;EURIBOR;3M;3M;;;;3M;Act360;Act360;;ModifiedFollowing;ModifiedFollowing;;2D
12.09.2025;7M;OIS;USD;0,03733;SOFR;1D;7M;;;;7M;Act360;Act360;;ModifiedFollowing;ModifiedFollowing;;2D
12.09.2025;4Mx10M;FRA;GBP;0,04021;LIBOR;3M;3M;;;;3M;Act360;Act360;;ModifiedFollowing;ModifiedFollowing;;2D
12.09.2025;1Mx7M;FRA;EUR;0,02148;EURIBOR;3M;3M;;;;3M;Act360;Act360;;ModifiedFollowing;ModifiedFollowing;;2D
12.09.2025;3Mx6M;FRA;GBP;0,0396;LIBOR;3M;3M;;;;3M;Act360;Act360;;ModifiedFollowing;ModifiedFollowing;;2D
12.09.2025;14D;OIS;GBP;0,03969;SONIA;1D;14D;;;;14D;Act360;Act360;;ModifiedFollowing;ModifiedFollowing;;2D
12.09.2025;20Y;IRS;EUR;0,028505;EURIBOR;3M;3M;;;;1Y;Act360;Act360;;ModifiedFollowing;ModifiedFollowing;;2D
12.09.2025;15Y;IRS;EUR;0,027795;EURIBOR;3M;3M;;;;1Y;Act360;Act360;;ModifiedFollowing;ModifiedFollowing;;2D
12.09.2025;8M;OIS;USD;0,03688;SOFR;1D;8M;;;;8M;Act360;Act360;;ModifiedFollowing;ModifiedFollowing;;2D
12.09.2025;1Mx7M;FRA;USD;0,0416;LIBOR;3M;3M;;;;3M;Act360;Act360;;ModifiedFollowing;ModifiedFollowing;;2D
12.09.2025;1M;DEPOSIT;GBP;0,0409;LIBOR;1M;1M;;;;1M;Act360;Act360;;ModifiedFollowing;ModifiedFollowing;;2D
12.09.2025;30Y;OIS;EUR;0,028105;EONIA;1D;1Y;;;;1Y;Act360;Act360;;ModifiedFollowing;ModifiedFollowing;;2D
12.09.2025;2Mx5M;FRA;GBP;0,04002;LIBOR;3M;3M;;;;3M;Act360;Act360;;ModifiedFollowing;ModifiedFollowing;;2D
12.09.2025;20Y;OIS;GBP;0,0449;SONIA;1D;1Y;;;;1Y;Act360;Act360;;ModifiedFollowing;ModifiedFollowing;;2D
12.09.2025;6Mx9M;FRA;EUR;0,01962;EURIBOR;3M;3M;;;;3M;Act360;Act360;;ModifiedFollowing;ModifiedFollowing;;2D
12.09.2025;5Mx11M;FRA;GBP;0,03981;LIBOR;3M;3M;;;;3M;Act360;Act360;;ModifiedFollowing;ModifiedFollowing;;2D
12.09.2025;9M;OIS;USD;0,03652;SOFR;1D;9M;;;;9M;Act360;Act360;;ModifiedFollowing;ModifiedFollowing;;2D
12.09.2025;5Mx11M;FRA;USD;0,03803;LIBOR;3M;3M;;;;3M;Act360;Act360;;ModifiedFollowing;ModifiedFollowing;;2D
12.09.2025;4Mx7M;FRA;USD;0,03806;LIBOR;3M;3M;;;;3M;Act360;Act360;;ModifiedFollowing;ModifiedFollowing;;2D
12.09.2025;5Mx17M;FRA;EUR;0,02161;EURIBOR;3M;3M;;;;3M;Act360;Act360;;ModifiedFollowing;ModifiedFollowing;;2D
12.09.2025;7D;OIS;GBP;0,03969;SONIA;1D;7D;;;;7D;Act360;Act360;;ModifiedFollowing;ModifiedFollowing;;2D
12.09.2025;6Y;IRS;EUR;0,023302;EURIBOR;3M;3M;;;;1Y;Act360;Act360;;ModifiedFollowing;ModifiedFollowing;;2D
12.09.2025;10M;OIS;USD;0,03613;SOFR;1D;1Y;;;;1Y;Act360;Act360;;ModifiedFollowing;ModifiedFollowing;;2D
12.09.2025;12M;DEPOSIT;USD;0,03955;LIBOR;12M;1Y;;;;1Y;Act360;Act360;;ModifiedFollowing;ModifiedFollowing;;2D
12.09.2025;25Y;OIS;GBP;0,04553;SONIA;1D;1Y;;;;1Y;Act360;Act360;;ModifiedFollowing;ModifiedFollowing;;2D
12.09.2025;50Y;OIS;USD;0,0353;SOFR;1D;1Y;;;;1Y;Act360;Act360;;ModifiedFollowing;ModifiedFollowing;;2D
12.09.2025;11M;OIS;USD;0,03572;SOFR;1D;1Y;;;;1Y;Act360;Act360;;ModifiedFollowing;ModifiedFollowing;;2D
12.09.2025;6Mx18M;FRA;EUR;0,02162;EURIBOR;3M;3M;;;;3M;Act360;Act360;;ModifiedFollowing;ModifiedFollowing;;2D
12.09.2025;6M;DEPOSIT;USD;0,04045;LIBOR;6M;6M;;;;6M;Act360;Act360;;ModifiedFollowing;ModifiedFollowing;;2D
12.09.2025;3Mx6M;FRA;USD;0,03892;LIBOR;3M;3M;;;;3M;Act360;Act360;;ModifiedFollowing;ModifiedFollowing;;2D
12.09.2025;5Y;OIS;GBP;0,03751;SONIA;1D;1Y;;;;1Y;Act360;Act360;;ModifiedFollowing;ModifiedFollowing;;2D
12.09.2025;1Y;OIS;USD;0,03536;SOFR;1D;1Y;;;;1Y;Act360;Act360;;ModifiedFollowing;ModifiedFollowing;;2D
12.09.2025;6Y;OIS;EUR;0,022765;EONIA;1D;1Y;;;;1Y;Act360;Act360;;ModifiedFollowing;ModifiedFollowing;;2D
12.09.2025;40Y;OIS;USD;0,0365;SOFR;1D;1Y;;;;1Y;Act360;Act360;;ModifiedFollowing;ModifiedFollowing;;2D
12.09.2025;1Y;IRS;EUR;0,02026;EURIBOR;3M;3M;;;;1Y;Act360;Act360;;ModifiedFollowing;ModifiedFollowing;;2D
12.09.2025;18M;OIS;USD;0,03334;SOFR;1D;1Y;;;;1Y;Act360;Act360;;ModifiedFollowing;ModifiedFollowing;;2D
12.09.2025;3Y;OIS;GBP;0,03698;SONIA;1D;1Y;;;;1Y;Act360;Act360;;ModifiedFollowing;ModifiedFollowing;;2D
12.09.2025;5Y;IRS;EUR;0,02269;EURIBOR;3M;3M;;;;1Y;Act360;Act360;;ModifiedFollowing;ModifiedFollowing;;2D
12.09.2025;2Y;OIS;USD;0,032305;SOFR;1D;1Y;;;;1Y;Act360;Act360;;ModifiedFollowing;ModifiedFollowing;;2D
12.09.2025;3M;DEPOSIT;USD;0,04125;LIBOR;3M;3M;;;;3M;Act360;Act360;;ModifiedFollowing;ModifiedFollowing;;2D
12.09.2025;8Y;OIS;EUR;0,024027;EONIA;1D;1Y;;;;1Y;Act360;Act360;;ModifiedFollowing;ModifiedFollowing;;2D
12.09.2025;30Y;OIS;GBP;0,0456;SONIA;1D;1Y;;;;1Y;Act360;Act360;;ModifiedFollowing;ModifiedFollowing;;2D
12.09.2025;35Y;OIS;USD;0,03704;SOFR;1D;1Y;;;;1Y;Act360;Act360;;ModifiedFollowing;ModifiedFollowing;;2D
12.09.2025;4Y;OIS;EUR;0,021307;EONIA;1D;1Y;;;;1Y;Act360;Act360;;ModifiedFollowing;ModifiedFollowing;;2D
12.09.2025;3Y;OIS;USD;0,03152;SOFR;1D;1Y;;;;1Y;Act360;Act360;;ModifiedFollowing;ModifiedFollowing;;2D
12.09.2025;7Mx19M;FRA;EUR;0,02167;EURIBOR;3M;3M;;;;3M;Act360;Act360;;ModifiedFollowing;ModifiedFollowing;;2D
12.09.2025;4M;OIS;EUR;0,02004;EONIA;1D;4M;;;;4M;Act360;Act360;;ModifiedFollowing;ModifiedFollowing;;2D
12.09.2025;12Y;IRS;EUR;0,026735;EURIBOR;3M;3M;;;;1Y;Act360;Act360;;ModifiedFollowing;ModifiedFollowing;;2D
12.09.2025;2Mx5M;FRA;USD;0,04007;LIBOR;3M;3M;;;;3M;Act360;Act360;;ModifiedFollowing;ModifiedFollowing;;2D
12.09.2025;4Y;OIS;USD;0,03147;SOFR;1D;1Y;;;;1Y;Act360;Act360;;ModifiedFollowing;ModifiedFollowing;;2D
12.09.2025;11M;OIS;EUR;0,019663;EONIA;1D;1Y;;;;1Y;Act360;Act360;;ModifiedFollowing;ModifiedFollowing;;2D
12.09.2025;30Y;OIS;USD;0,03756;SOFR;1D;1Y;;;;1Y;Act360;Act360;;ModifiedFollowing;ModifiedFollowing;;2D
12.09.2025;1M;DEPOSIT;USD;0,04205;LIBOR;1M;1M;;;;1M;Act360;Act360;;ModifiedFollowing;ModifiedFollowing;;2D
12.09.2025;8Mx20M;FRA;EUR;0,02174;EURIBOR;3M;3M;;;;3M;Act360;Act360;;ModifiedFollowing;ModifiedFollowing;;2D
12.09.2025;6M;OIS;EUR;0,01993;EONIA;1D;6M;;;;6M;Act360;Act360;;ModifiedFollowing;ModifiedFollowing;;2D
12.09.2025;40Y;OIS;GBP;0,04499;SONIA;1D;1Y;;;;1Y;Act360;Act360;;ModifiedFollowing;ModifiedFollowing;;2D
12.09.2025;5Y;OIS;USD;0,03166;SOFR;1D;1Y;;;;1Y;Act360;Act360;;ModifiedFollowing;ModifiedFollowing;;2D
12.09.2025;3Mx9M;FRA;USD;0,03961;LIBOR;3M;3M;;;;3M;Act360;Act360;;ModifiedFollowing;ModifiedFollowing;;2D
12.09.2025;1Y;OIS;EUR;0,01962;EONIA;1D;1Y;;;;1Y;Act360;Act360;;ModifiedFollowing;ModifiedFollowing;;2D
12.09.2025;3M;OIS;EUR;0,02006;EONIA;1D;3M;;;;3M;Act360;Act360;;ModifiedFollowing;ModifiedFollowing;;2D
12.09.2025;4M;IRS;EUR;0,01906;EURIBOR;1M;1M;;;;1Y;Act360;Act360;;ModifiedFollowing;ModifiedFollowing;;2D
12.09.2025;12M;DEPOSIT;EUR;0,02225;EURIBOR;12M;1Y;;;;1Y;Act360;Act360;;ModifiedFollowing;ModifiedFollowing;;2D
12.09.2025;9M;OIS;EUR;0,019745;EONIA;1D;9M;;;;9M;Act360;Act360;;ModifiedFollowing;ModifiedFollowing;;2D
12.09.2025;25Y;OIS;USD;0,0379;SOFR;1D;1Y;;;;1Y;Act360;Act360;;ModifiedFollowing;ModifiedFollowing;;2D
12.09.2025;4Y;IRS;EUR;0,021962;EURIBOR;3M;3M;;;;1Y;Act360;Act360;;ModifiedFollowing;ModifiedFollowing;;2D
12.09.2025;10M;OIS;GBP;0,03858;SONIA;1D;1Y;;;;1Y;Act360;Act360;;ModifiedFollowing;ModifiedFollowing;;2D
12.09.2025;6Y;OIS;USD;0,03212;SOFR;1D;1Y;;;;1Y;Act360;Act360;;ModifiedFollowing;ModifiedFollowing;;2D
12.09.2025;9Mx21M;FRA;EUR;0,02183;EURIBOR;3M;3M;;;;3M;Act360;Act360;;ModifiedFollowing;ModifiedFollowing;;2D
12.09.2025;1Mx4M;FRA;USD;0,04143;LIBOR;3M;3M;;;;3M;Act360;Act360;;ModifiedFollowing;ModifiedFollowing;;2D
11.09.2025;4Y;IRS;EUR;0,02165;EURIBOR;3M;3M;;;;1Y;Act360;Act360;;ModifiedFollowing;ModifiedFollowing;;2D
11.09.2025;3Mx9M;FRA;GBP;0,04072;LIBOR;3M;3M;;;;3M;Act360;Act360;;ModifiedFollowing;ModifiedFollowing;;2D
11.09.2025;3Mx15M;FRA;EUR;0,02138;EURIBOR;3M;3M;;;;3M;Act360;Act360;;ModifiedFollowing;ModifiedFollowing;;2D
11.09.2025;5M;OIS;USD;0,03846;SOFR;1D;5M;;;;5M;Act360;Act360;;ModifiedFollowing;ModifiedFollowing;;2D
11.09.2025;11M;OIS;GBP;0,03851;SONIA;1D;1Y;;;;1Y;Act360;Act360;;ModifiedFollowing;ModifiedFollowing;;2D
11.09.2025;8Mx11M;FRA;EUR;0,01919;EURIBOR;3M;3M;;;;3M;Act360;Act360;;ModifiedFollowing;ModifiedFollowing;;2D
11.09.2025;6M;DEPOSIT;GBP;0,042;LIBOR;6M;6M;;;;6M;Act360;Act360;;ModifiedFollowing;ModifiedFollowing;;2D
11.09.2025;7Y;OIS;GBP;0,03894;SONIA;1D;1Y;;;;1Y;Act360;Act360;;ModifiedFollowing;ModifiedFollowing;;2D
11.09.2025;12M;DEPOSIT;EUR;0,02005;EURIBOR;12M;1Y;;;;1Y;Act360;Act360;;ModifiedFollowing;ModifiedFollowing;;2D
11.09.2025;2M;OIS;GBP;0,03974;SONIA;1D;2M;;;;2M;Act360;Act360;;ModifiedFollowing;ModifiedFollowing;;2D
11.09.2025;2Y;OIS;GBP;0,0373;SONIA;1D;1Y;;;;1Y;Act360;Act360;;ModifiedFollowing;ModifiedFollowing;;2D
11.09.2025;4M;OIS;USD;0,03905;SOFR;1D;4M;;;;4M;Act360;Act360;;ModifiedFollowing;ModifiedFollowing;;2D
11.09.2025;9Mx21M;FRA;EUR;0,02138;EURIBOR;3M;3M;;;;3M;Act360;Act360;;ModifiedFollowing;ModifiedFollowing;;2D
11.09.2025;5Mx8M;FRA;USD;0,03765;LIBOR;3M;3M;;;;3M;Act360;Act360;;ModifiedFollowing;ModifiedFollowing;;2D
11.09.2025;8M;OIS;EUR;0,01959;EONIA;1D;8M;;;;8M;Act360;Act360;;ModifiedFollowing;ModifiedFollowing;;2D
11.09.2025;11Mx23M;FRA;EUR;0,0216;EURIBOR;3M;3M;;;;3M;Act360;Act360;;ModifiedFollowing;ModifiedFollowing;;2D
11.09.2025;18M;OIS;USD;0,03344;SOFR;1D;1Y;;;;1Y;Act360;Act360;;ModifiedFollowing;ModifiedFollowing;;2D
11.09.2025;1Y;IRS;EUR;0,0195585;EURIBOR;3M;3M;;;;1Y;Act360;Act360;;ModifiedFollowing;ModifiedFollowing;;2D
11.09.2025;2Mx8M;FRA;GBP;0,04119;LIBOR;3M;3M;;;;3M;Act360;Act360;;ModifiedFollowing;ModifiedFollowing;;2D
11.09.2025;2Mx14M;FRA;EUR;0,0215;EURIBOR;3M;3M;;;;3M;Act360;Act360;;ModifiedFollowing;ModifiedFollowing;;2D
11.09.2025;3M;OIS;USD;0,03979;SOFR;1D;3M;;;;3M;Act360;Act360;;ModifiedFollowing;ModifiedFollowing;;2D
11.09.2025;2M;IRS;EUR;0,01904;EURIBOR;1M;1M;;;;1Y;Act360;Act360;;ModifiedFollowing;ModifiedFollowing;;2D
11.09.2025;25Y;IRS;EUR;0,028935;EURIBOR;3M;3M;;;;1Y;Act360;Act360;;ModifiedFollowing;ModifiedFollowing;;2D
11.09.2025;60Y;IRS;EUR;0,02781;EURIBOR;3M;3M;;;;1Y;Act360;Act360;;ModifiedFollowing;ModifiedFollowing;;2D
11.09.2025;1M;DEPOSIT;EUR;0,02005;EURIBOR;1M;1M;;;;1M;Act360;Act360;;ModifiedFollowing;ModifiedFollowing;;2D
11.09.2025;3Y;OIS;GBP;0,03717;SONIA;1D;1Y;;;;1Y;Act360;Act360;;ModifiedFollowing;ModifiedFollowing;;2D
11.09.2025;4Y;OIS;GBP;0,03738;SONIA;1D;1Y;;;;1Y;Act360;Act360;;ModifiedFollowing;ModifiedFollowing;;2D
11.09.2025;7Y;OIS;EUR;0,023235;EONIA;1D;1Y;;;;1Y;Act360;Act360;;ModifiedFollowing;ModifiedFollowing;;2D
11.09.2025;10M;OIS;GBP;0,03862;SONIA;1D;1Y;;;;1Y;Act360;Act360;;ModifiedFollowing;ModifiedFollowing;;2D
11.09.2025;12M;DEPOSIT;GBP;0,0423;LIBOR;12M;1Y;;;;1Y;Act360;Act360;;ModifiedFollowing;ModifiedFollowing;;2D
11.09.2025;3M;OIS;GBP;0,03964;SONIA;1D;3M;;;;3M;Act360;Act360;;ModifiedFollowing;ModifiedFollowing;;2D
11.09.2025;2M;OIS;USD;0,04029;SOFR;1D;2M;;;;2M;Act360;Act360;;ModifiedFollowing;ModifiedFollowing;;2D
11.09.2025;5Y;IRS;EUR;0,022398;EURIBOR;3M;3M;;;;1Y;Act360;Act360;;ModifiedFollowing;ModifiedFollowing;;2D
11.09.2025;1Y;OIS;EUR;0,01939;EONIA;1D;1Y;;;;1Y;Act360;Act360;;ModifiedFollowing;ModifiedFollowing;;2D
11.09.2025;8Y;IRS;EUR;0,024494;EURIBOR;3M;3M;;;;1Y;Act360;Act360;;ModifiedFollowing;ModifiedFollowing;;2D
11.09.2025;12Y;OIS;GBP;0,04231;SONIA;1D;1Y;;;;1Y;Act360;Act360;;ModifiedFollowing;ModifiedFollowing;;2D
11.09.2025;1Mx7M;FRA;GBP;0,04161;LIBOR;3M;3M;;;;3M;Act360;Act360;;ModifiedFollowing;ModifiedFollowing;;2D
11.09.2025;20Y;OIS;EUR;0,02836;EONIA;1D;1Y;;;;1Y;Act360;Act360;;ModifiedFollowing;ModifiedFollowing;;2D
11.09.2025;2Y;OIS;EUR;0,01946;EONIA;1D;1Y;;;;1Y;Act360;Act360;;ModifiedFollowing;ModifiedFollowing;;2D
11.09.2025;1M;OIS;USD;0,04092;SOFR;1D;1M;;;;1M;Act360;Act360;;ModifiedFollowing;ModifiedFollowing;;2D
11.09.2025;1Mx13M;FRA;EUR;0,02166;EURIBOR;3M;3M;;;;3M;Act360;Act360;;ModifiedFollowing;ModifiedFollowing;;2D
11.09.2025;4M;OIS;GBP;0,03952;SONIA;1D;4M;;;;4M;Act360;Act360;;ModifiedFollowing;ModifiedFollowing;;2D
11.09.2025;14D;OIS;USD;0,04119;SOFR;1D;14D;;;;14D;Act360;Act360;;ModifiedFollowing;ModifiedFollowing;;2D
11.09.2025;25Y;OIS;USD;0,03833;SOFR;1D;1Y;;;;1Y;Act360;Act360;;ModifiedFollowing;ModifiedFollowing;;2D
11.09.2025;2Y;OIS;USD;0,032328;SOFR;1D;1Y;;;;1Y;Act360;Act360;;ModifiedFollowing;ModifiedFollowing;;2D
11.09.2025;8Y;OIS;EUR;0,023927;EONIA;1D;1Y;;;;1Y;Act360;Act360;;ModifiedFollowing;ModifiedFollowing;;2D
11.09.2025;6Mx9M;FRA;USD;0,03696;LIBOR;3M;3M;;;;3M;Act360;Act360;;ModifiedFollowing;ModifiedFollowing;;2D
11.09.2025;3M;DEPOSIT;USD;0,04145;LIBOR;3M;3M;;;;3M;Act360;Act360;;ModifiedFollowing;ModifiedFollowing;;2D
11.09.2025;5Y;OIS;EUR;0,021756;EONIA;1D;1Y;;;;1Y;Act360;Act360;;ModifiedFollowing;ModifiedFollowing;;2D
11.09.2025;8Mx11M;FRA;GBP;0,03761;LIBOR;3M;3M;;;;3M;Act360;Act360;;ModifiedFollowing;ModifiedFollowing;;2D
11.09.2025;4M;OIS;EUR;0,01995;EONIA;1D;4M;;;;4M;Act360;Act360;;ModifiedFollowing;ModifiedFollowing;;2D
11.09.2025;5Mx11M;FRA;EUR;0,02027;EURIBOR;3M;3M;;;;3M;Act360;Act360;;ModifiedFollowing;ModifiedFollowing;;2D
11.09.2025;7D;OIS;USD;0,04176;SOFR;1D;7D;;;;7D;Act360;Act360;;ModifiedFollowing;ModifiedFollowing;;2D
11.09.2025;9Y;IRS;EUR;0,025144;EURIBOR;3M;3M;;;;1Y;Act360;Act360;;ModifiedFollowing;ModifiedFollowing;;2D
11.09.2025;4Mx10M;FRA;USD;0,03911;LIBOR;3M;3M;;;;3M;Act360;Act360;;ModifiedFollowing;ModifiedFollowing;;2D
11.09.2025;30Y;OIS;GBP;0,04614;SONIA;1D;1Y;;;;1Y;Act360;Act360;;ModifiedFollowing;ModifiedFollowing;;2D
11.09.2025;5M;IRS;EUR;0,019;EURIBOR;1M;1M;;;;1Y;Act360;Act360;;ModifiedFollowing;ModifiedFollowing;;2D
11.09.2025;5Mx8M;FRA;EUR;0,01942;EURIBOR;3M;3M;;;;3M;Act360;Act360;;ModifiedFollowing;ModifiedFollowing;;2D
11.09.2025;1Mx4M;FRA;GBP;0,04055;LIBOR;3M;3M;;;;3M;Act360;Act360;;ModifiedFollowing;ModifiedFollowing;;2D
11.09.2025;5M;OIS;GBP;0,03942;SONIA;1D;5M;;;;5M;Act360;Act360;;ModifiedFollowing;ModifiedFollowing;;2D
11.09.2025;2M;OIS;EUR;0,02005;EONIA;1D;2M;;;;2M;Act360;Act360;;ModifiedFollowing;ModifiedFollowing;;2D
11.09.2025;35Y;OIS;USD;0,03753;SOFR;1D;1Y;;;;1Y;Act360;Act360;;ModifiedFollowing;ModifiedFollowing;;2D
11.09.2025;10Y;OIS;USD;0,03462;SOFR;1D;1Y;;;;1Y;Act360;Act360;;ModifiedFollowing;ModifiedFollowing;;2D
11.09.2025;11M;IRS;EUR;0,0187;EURIBOR;1M;1M;;;;1Y;Act360;Act360;;ModifiedFollowing;ModifiedFollowing;;2D
11.09.2025;10Y;OIS;GBP;0,04102;SONIA;1D;1Y;;;;1Y;Act360;Act360;;ModifiedFollowing;ModifiedFollowing;;2D
11.09.2025;2Mx8M;FRA;USD;0,04086;LIBOR;3M;3M;;;;3M;Act360;Act360;;ModifiedFollowing;ModifiedFollowing;;2D
11.09.2025;4Y;OIS;EUR;0,020971;EONIA;1D;1Y;;;;1Y;Act360;Act360;;ModifiedFollowing;ModifiedFollowing;;2D
11.09.2025;1M;OIS;EUR;0,02011;EONIA;1D;1M;;;;1M;Act360;Act360;;ModifiedFollowing;ModifiedFollowing;;2D
11.09.2025;14D;OIS;EUR;0,020489;EONIA;1D;14D;;;;14D;Act360;Act360;;ModifiedFollowing;ModifiedFollowing;;2D
11.09.2025;11Y;IRS;EUR;0,026321;EURIBOR;3M;3M;;;;1Y;Act360;Act360;;ModifiedFollowing;ModifiedFollowing;;2D
11.09.2025;3Y;OIS;USD;0,03147;SOFR;1D;1Y;;;;1Y;Act360;Act360;;ModifiedFollowing;ModifiedFollowing;;2D
11.09.2025;30Y;IRS;EUR;0,0289;EURIBOR;3M;3M;;;;1Y;Act360;Act360;;ModifiedFollowing;ModifiedFollowing;;2D
11.09.2025;50Y;IRS;EUR;0,028305;EURIBOR;3M;3M;;;;1Y;Act360;Act360;;ModifiedFollowing;ModifiedFollowing;;2D
11.09.2025;20Y;OIS;USD;0,03817;SOFR;1D;1Y;;;;1Y;Act360;Act360;;ModifiedFollowing;ModifiedFollowing;;2D
11.09.2025;6M;OIS;GBP;0,03923;SONIA;1D;6M;;;;6M;Act360;Act360;;ModifiedFollowing;ModifiedFollowing;;2D
11.09.2025;7Mx19M;FRA;EUR;0,02124;EURIBOR;3M;3M;;;;3M;Act360;Act360;;ModifiedFollowing;ModifiedFollowing;;2D
11.09.2025;5M;OIS;EUR;0,019855;EONIA;1D;5M;;;;5M;Act360;Act360;;ModifiedFollowing;ModifiedFollowing;;2D
11.09.2025;10M;IRS;EUR;0,01874;EURIBOR;1M;1M;;;;1Y;Act360;Act360;;ModifiedFollowing;ModifiedFollowing;;2D
11.09.2025;3M;DEPOSIT;EUR;0,0199;EURIBOR;3M;3M;;;;3M;Act360;Act360;;ModifiedFollowing;ModifiedFollowing;;2D
11.09.2025;4Mx10M;FRA;EUR;0,02041;EURIBOR;3M;3M;;;;3M;Act360;Act360;;ModifiedFollowing;ModifiedFollowing;;2D
11.09.2025;6M;OIS;EUR;0,01978;EONIA;1D;6M;;;;6M;Act360;Act360;;ModifiedFollowing;ModifiedFollowing;;2D
11.09.2025;10Y;OIS;EUR;0,025214;EONIA;1D;1Y;;;;1Y;Act360;Act360;;ModifiedFollowing;ModifiedFollowing;;2D
11.09.2025;7M;OIS;EUR;0,01971;EONIA;1D;7M;;;;7M;Act360;Act360;;ModifiedFollowing;ModifiedFollowing;;2D
11.09.2025;3M;OIS;EUR;0,02009;EONIA;1D;3M;;;;3M;Act360;Act360;;ModifiedFollowing;ModifiedFollowing;;2D
11.09.2025;7Mx10M;FRA;GBP;0,03788;LIBOR;3M;3M;;;;3M;Act360;Act360;;ModifiedFollowing;ModifiedFollowing;;2D
11.09.2025;6Y;OIS;USD;0,03212;SOFR;1D;1Y;;;;1Y;Act360;Act360;;ModifiedFollowing;ModifiedFollowing;;2D
11.09.2025;9M;IRS;EUR;0,01878;EURIBOR;1M;1M;;;;1Y;Act360;Act360;;ModifiedFollowing;ModifiedFollowing;;2D
11.09.2025;15Y;OIS;USD;0,03711;SOFR;1D;1Y;;;;1Y;Act360;Act360;;ModifiedFollowing;ModifiedFollowing;;2D
11.09.2025;7Mx10M;FRA;USD;0,03616;LIBOR;3M;3M;;;;3M;Act360;Act360;;ModifiedFollowing;ModifiedFollowing;;2D
11.09.2025;2Mx5M;FRA;USD;0,04037;LIBOR;3M;3M;;;;3M;Act360;Act360;;ModifiedFollowing;ModifiedFollowing;;2D
11.09.2025;7M;OIS;GBP;0,03906;SONIA;1D;7M;;;;7M;Act360;Act360;;ModifiedFollowing;ModifiedFollowing;;2D
11.09.2025;18M;OIS;GBP;0,03754;SONIA;1D;1Y;;;;1Y;Act360;Act360;;ModifiedFollowing;ModifiedFollowing;;2D
11.09.2025;3Mx9M;FRA;EUR;0,02059;EURIBOR;3M;3M;;;;3M;Act360;Act360;;ModifiedFollowing;ModifiedFollowing;;2D
11.09.2025;18M;OIS;EUR;0,01925;EONIA;1D;1Y;;;;1Y;Act360;Act360;;ModifiedFollowing;ModifiedFollowing;;2D
11.09.2025;9Y;OIS;USD;0,03398;SOFR;1D;1Y;;;;1Y;Act360;Act360;;ModifiedFollowing;ModifiedFollowing;;2D
11.09.2025;6Mx9M;FRA;GBP;0,03833;LIBOR;3M;3M;;;;3M;Act360;Act360;;ModifiedFollowing;ModifiedFollowing;;2D
11.09.2025;8M;IRS;EUR;0,01882;EURIBOR;1M;1M;;;;1Y;Act360;Act360;;ModifiedFollowing;ModifiedFollowing;;2D
11.09.2025;10Y;IRS;EUR;0,02573;EURIBOR;3M;3M;;;;1Y;Act360;Act360;;ModifiedFollowing;ModifiedFollowing;;2D
11.09.2025;9M;OIS;EUR;0,01955;EONIA;1D;9M;;;;9M;Act360;Act360;;ModifiedFollowing;ModifiedFollowing;;2D
11.09.2025;4Y;OIS;USD;0,03141;SOFR;1D;1Y;;;;1Y;Act360;Act360;;ModifiedFollowing;ModifiedFollowing;;2D
11.09.2025;30Y;OIS;USD;0,03804;SOFR;1D;1Y;;;;1Y;Act360;Act360;;ModifiedFollowing;ModifiedFollowing;;2D
11.09.2025;3Y;IRS;EUR;0,020865;EURIBOR;3M;3M;;;;1Y;Act360;Act360;;ModifiedFollowing;ModifiedFollowing;;2D
11.09.2025;9Y;OIS;GBP;0,04034;SONIA;1D;1Y;;;;1Y;Act360;Act360;;ModifiedFollowing;ModifiedFollowing;;2D
11.09.2025;4Mx7M;FRA;EUR;0,01962;EURIBOR;3M;3M;;;;3M;Act360;Act360;;ModifiedFollowing;ModifiedFollowing;;2D
11.09.2025;1M;DEPOSIT;USD;0,0421;LIBOR;1M;1M;;;;1M;Act360;Act360;;ModifiedFollowing;ModifiedFollowing;;2D
11.09.2025;10Mx22M;FRA;EUR;0,02147;EURIBOR;3M;3M;;;;3M;Act360;Act360;;ModifiedFollowing;ModifiedFollowing;;2D
11.09.2025;15Y;OIS;EUR;0,02749;EONIA;1D;1Y;;;;1Y;Act360;Act360;;ModifiedFollowing;ModifiedFollowing;;2D
11.09.2025;7M;IRS;EUR;0,01889;EURIBOR;1M;1M;;;;1Y;Act360;Act360;;ModifiedFollowing;ModifiedFollowing;;2D
11.09.2025;1Mx4M;FRA;EUR;0,02025;EURIBOR;3M;3M;;;;3M;Act360;Act360;;ModifiedFollowing;ModifiedFollowing;;2D
11.09.2025;8M;OIS;GBP;0,03892;SONIA;1D;8M;;;;8M;Act360;Act360;;ModifiedFollowing;ModifiedFollowing;;2D
11.09.2025;2Mx8M;FRA;EUR;0,02077;EURIBOR;3M;3M;;;;3M;Act360;Act360;;ModifiedFollowing;ModifiedFollowing;;2D
11.09.2025;8Mx11M;FRA;USD;0,0353;LIBOR;3M;3M;;;;3M;Act360;Act360;;ModifiedFollowing;ModifiedFollowing;;2D
11.09.2025;6M;IRS;EUR;0,01895;EURIBOR;1M;1M;;;;1Y;Act360;Act360;;ModifiedFollowing;ModifiedFollowing;;2D
11.09.2025;7Y;OIS;USD;0,03272;SOFR;1D;1Y;;;;1Y;Act360;Act360;;ModifiedFollowing;ModifiedFollowing;;2D
11.09.2025;8Mx20M;FRA;EUR;0,02131;EURIBOR;3M;3M;;;;3M;Act360;Act360;;ModifiedFollowing;ModifiedFollowing;;2D
11.09.2025;5Mx8M;FRA;GBP;0,03875;LIBOR;3M;3M;;;;3M;Act360;Act360;;ModifiedFollowing;ModifiedFollowing;;2D
11.09.2025;40Y;IRS;EUR;0,0287;EURIBOR;3M;3M;;;;1Y;Act360;Act360;;ModifiedFollowing;ModifiedFollowing;;2D
11.09.2025;7D;OIS;EUR;0,02011;EONIA;1D;7D;;;;7D;Act360;Act360;;ModifiedFollowing;ModifiedFollowing;;2D
11.09.2025;9M;OIS;GBP;0,03876;SONIA;1D;9M;;;;9M;Act360;Act360;;ModifiedFollowing;ModifiedFollowing;;2D
11.09.2025;40Y;OIS;GBP;0,04556;SONIA;1D;1Y;;;;1Y;Act360;Act360;;ModifiedFollowing;ModifiedFollowing;;2D
11.09.2025;4M;IRS;EUR;0,01905;EURIBOR;1M;1M;;;;1Y;Act360;Act360;;ModifiedFollowing;ModifiedFollowing;;2D
11.09.2025;11M;OIS;EUR;0,01944;EONIA;1D;1Y;;;;1Y;Act360;Act360;;ModifiedFollowing;ModifiedFollowing;;2D
11.09.2025;1Mx4M;FRA;USD;0,04163;LIBOR;3M;3M;;;;3M;Act360;Act360;;ModifiedFollowing;ModifiedFollowing;;2D
11.09.2025;9Y;OIS;EUR;0,024597;EONIA;1D;1Y;;;;1Y;Act360;Act360;;ModifiedFollowing;ModifiedFollowing;;2D
11.09.2025;7Mx10M;FRA;EUR;0,01924;EURIBOR;3M;3M;;;;3M;Act360;Act360;;ModifiedFollowing;ModifiedFollowing;;2D
11.09.2025;6Y;OIS;GBP;0,03832;SONIA;1D;1Y;;;;1Y;Act360;Act360;;ModifiedFollowing;ModifiedFollowing;;2D
11.09.2025;3Mx6M;FRA;EUR;0,01975;EURIBOR;3M;3M;;;;3M;Act360;Act360;;ModifiedFollowing;ModifiedFollowing;;2D
11.09.2025;10M;OIS;EUR;0,01945;EONIA;1D;1Y;;;;1Y;Act360;Act360;;ModifiedFollowing;ModifiedFollowing;;2D
11.09.2025;5Y;OIS;USD;0,03162;SOFR;1D;1Y;;;;1Y;Act360;Act360;;ModifiedFollowing;ModifiedFollowing;;2D
11.09.2025;50Y;OIS;GBP;0,04461;SONIA;1D;1Y;;;;1Y;Act360;Act360;;ModifiedFollowing;ModifiedFollowing;;2D
11.09.2025;3M;IRS;EUR;0,0191;EURIBOR;1M;1M;;;;1Y;Act360;Act360;;ModifiedFollowing;ModifiedFollowing;;2D
11.09.2025;8Y;OIS;GBP;0,03963;SONIA;1D;1Y;;;;1Y;Act360;Act360;;ModifiedFollowing;ModifiedFollowing;;2D
11.09.2025;50Y;OIS;USD;0,03577;SOFR;1D;1Y;;;;1Y;Act360;Act360;;ModifiedFollowing;ModifiedFollowing;;2D
11.09.2025;1Mx7M;FRA;EUR;0,02108;EURIBOR;3M;3M;;;;3M;Act360;Act360;;ModifiedFollowing;ModifiedFollowing;;2D
11.09.2025;25Y;OIS;GBP;0,04604;SONIA;1D;1Y;;;;1Y;Act360;Act360;;ModifiedFollowing;ModifiedFollowing;;2D
11.09.2025;12M;DEPOSIT;USD;0,0397;LIBOR;12M;1Y;;;;1Y;Act360;Act360;;ModifiedFollowing;ModifiedFollowing;;2D
11.09.2025;10M;OIS;USD;0,03641;SOFR;1D;1Y;;;;1Y;Act360;Act360;;ModifiedFollowing;ModifiedFollowing;;2D
11.09.2025;6Y;IRS;EUR;0,023105;EURIBOR;3M;3M;;;;1Y;Act360;Act360;;ModifiedFollowing;ModifiedFollowing;;2D
11.09.2025;11M;OIS;USD;0,03597;SOFR;1D;1Y;;;;1Y;Act360;Act360;;ModifiedFollowing;ModifiedFollowing;;2D
11.09.2025;7D;OIS;GBP;0,03969;SONIA;1D;7D;;;;7D;Act360;Act360;;ModifiedFollowing;ModifiedFollowing;;2D
11.09.2025;5Mx17M;FRA;EUR;0,02124;EURIBOR;3M;3M;;;;3M;Act360;Act360;;ModifiedFollowing;ModifiedFollowing;;2D
11.09.2025;9M;OIS;USD;0,03681;SOFR;1D;9M;;;;9M;Act360;Act360;;ModifiedFollowing;ModifiedFollowing;;2D
11.09.2025;4Mx7M;FRA;USD;0,03845;LIBOR;3M;3M;;;;3M;Act360;Act360;;ModifiedFollowing;ModifiedFollowing;;2D
11.09.2025;5Mx11M;FRA;GBP;0,04001;LIBOR;3M;3M;;;;3M;Act360;Act360;;ModifiedFollowing;ModifiedFollowing;;2D
11.09.2025;2Y;IRS;EUR;0,020151;EURIBOR;3M;3M;;;;1Y;Act360;Act360;;ModifiedFollowing;ModifiedFollowing;;2D
11.09.2025;6Mx18M;FRA;EUR;0,02122;EURIBOR;3M;3M;;;;3M;Act360;Act360;;ModifiedFollowing;ModifiedFollowing;;2D
11.09.2025;20Y;OIS;GBP;0,04538;SONIA;1D;1Y;;;;1Y;Act360;Act360;;ModifiedFollowing;ModifiedFollowing;;2D
11.09.2025;6Mx9M;FRA;EUR;0,0193;EURIBOR;3M;3M;;;;3M;Act360;Act360;;ModifiedFollowing;ModifiedFollowing;;2D
11.09.2025;30Y;OIS;EUR;0,02852;EONIA;1D;1Y;;;;1Y;Act360;Act360;;ModifiedFollowing;ModifiedFollowing;;2D
11.09.2025;5Mx11M;FRA;USD;0,03827;LIBOR;3M;3M;;;;3M;Act360;Act360;;ModifiedFollowing;ModifiedFollowing;;2D
11.09.2025;15Y;IRS;EUR;0,027994;EURIBOR;3M;3M;;;;1Y;Act360;Act360;;ModifiedFollowing;ModifiedFollowing;;2D
11.09.2025;1Mx7M;FRA;USD;0,04189;LIBOR;3M;3M;;;;3M;Act360;Act360;;ModifiedFollowing;ModifiedFollowing;;2D
11.09.2025;8M;OIS;USD;0,0372;SOFR;1D;8M;;;;8M;Act360;Act360;;ModifiedFollowing;ModifiedFollowing;;2D
11.09.2025;1Y;OIS;GBP;0,0384;SONIA;1D;1Y;;;;1Y;Act360;Act360;;ModifiedFollowing;ModifiedFollowing;;2D
11.09.2025;2Mx5M;FRA;EUR;0,02014;EURIBOR;3M;3M;;;;3M;Act360;Act360;;ModifiedFollowing;ModifiedFollowing;;2D
11.09.2025;1M;DEPOSIT;GBP;0,0408;LIBOR;1M;1M;;;;1M;Act360;Act360;;ModifiedFollowing;ModifiedFollowing;;2D
11.09.2025;6M;DEPOSIT;USD;0,04075;LIBOR;6M;6M;;;;6M;Act360;Act360;;ModifiedFollowing;ModifiedFollowing;;2D
11.09.2025;8Y;OIS;USD;0,03336;SOFR;1D;1Y;;;;1Y;Act360;Act360;;ModifiedFollowing;ModifiedFollowing;;2D
11.09.2025;3Mx6M;FRA;GBP;0,03966;LIBOR;3M;3M;;;;3M;Act360;Act360;;ModifiedFollowing;ModifiedFollowing;;2D
11.09.2025;4Mx7M;FRA;GBP;0,03913;LIBOR;3M;3M;;;;3M;Act360;Act360;;ModifiedFollowing;ModifiedFollowing;;2D
11.09.2025;14D;OIS;GBP;0,03969;SONIA;1D;14D;;;;14D;Act360;Act360;;ModifiedFollowing;ModifiedFollowing;;2D
11.09.2025;20Y;IRS;EUR;0,028804;EURIBOR;3M;3M;;;;1Y;Act360;Act360;;ModifiedFollowing;ModifiedFollowing;;2D
11.09.2025;3Y;OIS;EUR;0,02017;EONIA;1D;1Y;;;;1Y;Act360;Act360;;ModifiedFollowing;ModifiedFollowing;;2D
11.09.2025;3Mx6M;FRA;USD;0,03931;LIBOR;3M;3M;;;;3M;Act360;Act360;;ModifiedFollowing;ModifiedFollowing;;2D
11.09.2025;12Y;IRS;EUR;0,02682;EURIBOR;3M;3M;;;;1Y;Act360;Act360;;ModifiedFollowing;ModifiedFollowing;;2D
11.09.2025;4Mx10M;FRA;GBP;0,04036;LIBOR;3M;3M;;;;3M;Act360;Act360;;ModifiedFollowing;ModifiedFollowing;;2D
11.09.2025;5Y;OIS;GBP;0,03778;SONIA;1D;1Y;;;;1Y;Act360;Act360;;ModifiedFollowing;ModifiedFollowing;;2D
11.09.2025;7M;OIS;USD;0,03762;SOFR;1D;7M;;;;7M;Act360;Act360;;ModifiedFollowing;ModifiedFollowing;;2D
11.09.2025;4Mx16M;FRA;EUR;0,0213;EURIBOR;3M;3M;;;;3M;Act360;Act360;;ModifiedFollowing;ModifiedFollowing;;2D
11.09.2025;6M;DEPOSIT;EUR;0,0189;EURIBOR;6M;6M;;;;6M;Act360;Act360;;ModifiedFollowing;ModifiedFollowing;;2D
11.09.2025;1Y;OIS;USD;0,0356;SOFR;1D;1Y;;;;1Y;Act360;Act360;;ModifiedFollowing;ModifiedFollowing;;2D
11.09.2025;2Mx5M;FRA;GBP;0,04014;LIBOR;3M;3M;;;;3M;Act360;Act360;;ModifiedFollowing;ModifiedFollowing;;2D
11.09.2025;6M;OIS;USD;0,03807;SOFR;1D;6M;;;;6M;Act360;Act360;;ModifiedFollowing;ModifiedFollowing;;2D
11.09.2025;6Y;OIS;EUR;0,022513;EONIA;1D;1Y;;;;1Y;Act360;Act360;;ModifiedFollowing;ModifiedFollowing;;2D
11.09.2025;12Y;OIS;USD;0,03581;SOFR;1D;1Y;;;;1Y;Act360;Act360;;ModifiedFollowing;ModifiedFollowing;;2D
11.09.2025;7Y;IRS;EUR;0,023795;EURIBOR;3M;3M;;;;1Y;Act360;Act360;;ModifiedFollowing;ModifiedFollowing;;2D
11.09.2025;40Y;OIS;USD;0,03696;SOFR;1D;1Y;;;;1Y;Act360;Act360;;ModifiedFollowing;ModifiedFollowing;;2D
11.09.2025;3Mx9M;FRA;USD;0,03996;LIBOR;3M;3M;;;;3M;Act360;Act360;;ModifiedFollowing;ModifiedFollowing;;2D
11.09.2025;1M;OIS;GBP;0,03972;SONIA;1D;1M;;;;1M;Act360;Act360;;ModifiedFollowing;ModifiedFollowing;;2D
11.09.2025;15Y;OIS;GBP;0,04386;SONIA;1D;1Y;;;;1Y;Act360;Act360;;ModifiedFollowing;ModifiedFollowing;;2D
11.09.2025;3M;DEPOSIT;GBP;0,0414;LIBOR;3M;3M;;;;3M;Act360;Act360;;ModifiedFollowing;ModifiedFollowing;;2D
10.09.2025;6Y;OIS;GBP;0,03817;SONIA;1D;1Y;;;;1Y;Act360;Act360;;ModifiedFollowing;ModifiedFollowing;;2D
10.09.2025;18M;OIS;GBP;0,03739;SONIA;1D;1Y;;;;1Y;Act360;Act360;;ModifiedFollowing;ModifiedFollowing;;2D
10.09.2025;2Mx8M;FRA;USD;0,04097;LIBOR;3M;3M;;;;3M;Act360;Act360;;ModifiedFollowing;ModifiedFollowing;;2D
10.09.2025;1Mx4M;FRA;GBP;0,04054;LIBOR;3M;3M;;;;3M;Act360;Act360;;ModifiedFollowing;ModifiedFollowing;;2D
10.09.2025;2Y;OIS;GBP;0,03711;SONIA;1D;1Y;;;;1Y;Act360;Act360;;ModifiedFollowing;ModifiedFollowing;;2D
10.09.2025;5Mx11M;FRA;USD;0,03834;LIBOR;3M;3M;;;;3M;Act360;Act360;;ModifiedFollowing;ModifiedFollowing;;2D
10.09.2025;5Y;OIS;GBP;0,03761;SONIA;1D;1Y;;;;1Y;Act360;Act360;;ModifiedFollowing;ModifiedFollowing;;2D
10.09.2025;3Y;OIS;GBP;0,03697;SONIA;1D;1Y;;;;1Y;Act360;Act360;;ModifiedFollowing;ModifiedFollowing;;2D
10.09.2025;12Y;IRS;EUR;0,02674;EURIBOR;3M;3M;;;;1Y;Act360;Act360;;ModifiedFollowing;ModifiedFollowing;;2D
10.09.2025;3Mx9M;FRA;USD;0,04001;LIBOR;3M;3M;;;;3M;Act360;Act360;;ModifiedFollowing;ModifiedFollowing;;2D
10.09.2025;4Mx10M;FRA;USD;0,03926;LIBOR;3M;3M;;;;3M;Act360;Act360;;ModifiedFollowing;ModifiedFollowing;;2D
10.09.2025;9Y;OIS;EUR;0,024525;EONIA;1D;1Y;;;;1Y;Act360;Act360;;ModifiedFollowing;ModifiedFollowing;;2D
10.09.2025;4Y;OIS;GBP;0,0372;SONIA;1D;1Y;;;;1Y;Act360;Act360;;ModifiedFollowing;ModifiedFollowing;;2D
10.09.2025;6M;OIS;EUR;0,019763;EONIA;1D;6M;;;;6M;Act360;Act360;;ModifiedFollowing;ModifiedFollowing;;2D
10.09.2025;2Mx5M;FRA;EUR;0,01997;EURIBOR;3M;3M;;;;3M;Act360;Act360;;ModifiedFollowing;ModifiedFollowing;;2D
10.09.2025;8M;OIS;EUR;0,019555;EONIA;1D;8M;;;;8M;Act360;Act360;;ModifiedFollowing;ModifiedFollowing;;2D
10.09.2025;1Mx7M;FRA;EUR;0,02088;EURIBOR;3M;3M;;;;3M;Act360;Act360;;ModifiedFollowing;ModifiedFollowing;;2D
10.09.2025;3Mx6M;FRA;EUR;0,01976;EURIBOR;3M;3M;;;;3M;Act360;Act360;;ModifiedFollowing;ModifiedFollowing;;2D
10.09.2025;7Mx10M;FRA;EUR;0,01905;EURIBOR;3M;3M;;;;3M;Act360;Act360;;ModifiedFollowing;ModifiedFollowing;;2D
10.09.2025;40Y;IRS;EUR;0,028615;EURIBOR;3M;3M;;;;1Y;Act360;Act360;;ModifiedFollowing;ModifiedFollowing;;2D
10.09.2025;6M;IRS;EUR;0,01893;EURIBOR;1M;1M;;;;1Y;Act360;Act360;;ModifiedFollowing;ModifiedFollowing;;2D
10.09.2025;2Mx8M;FRA;EUR;0,02065;EURIBOR;3M;3M;;;;3M;Act360;Act360;;ModifiedFollowing;ModifiedFollowing;;2D
10.09.2025;1Mx4M;FRA;EUR;0,02015;EURIBOR;3M;3M;;;;3M;Act360;Act360;;ModifiedFollowing;ModifiedFollowing;;2D
10.09.2025;7M;IRS;EUR;0,01884;EURIBOR;1M;1M;;;;1Y;Act360;Act360;;ModifiedFollowing;ModifiedFollowing;;2D
10.09.2025;10Y;IRS;EUR;0,025635;EURIBOR;3M;3M;;;;1Y;Act360;Act360;;ModifiedFollowing;ModifiedFollowing;;2D
10.09.2025;8M;IRS;EUR;0,01877;EURIBOR;1M;1M;;;;1Y;Act360;Act360;;ModifiedFollowing;ModifiedFollowing;;2D
10.09.2025;3Mx9M;FRA;EUR;0,02045;EURIBOR;3M;3M;;;;3M;Act360;Act360;;ModifiedFollowing;ModifiedFollowing;;2D
10.09.2025;18M;OIS;EUR;0,019095;EONIA;1D;1Y;;;;1Y;Act360;Act360;;ModifiedFollowing;ModifiedFollowing;;2D
10.09.2025;9M;IRS;EUR;0,0187;EURIBOR;1M;1M;;;;1Y;Act360;Act360;;ModifiedFollowing;ModifiedFollowing;;2D
10.09.2025;50Y;IRS;EUR;0,02823;EURIBOR;3M;3M;;;;1Y;Act360;Act360;;ModifiedFollowing;ModifiedFollowing;;2D
10.09.2025;10M;IRS;EUR;0,01865;EURIBOR;1M;1M;;;;1Y;Act360;Act360;;ModifiedFollowing;ModifiedFollowing;;2D
10.09.2025;4Mx10M;FRA;EUR;0,02028;EURIBOR;3M;3M;;;;3M;Act360;Act360;;ModifiedFollowing;ModifiedFollowing;;2D
10.09.2025;30Y;IRS;EUR;0,028818;EURIBOR;3M;3M;;;;1Y;Act360;Act360;;ModifiedFollowing;ModifiedFollowing;;2D
10.09.2025;1M;OIS;EUR;0,02008;EONIA;1D;1M;;;;1M;Act360;Act360;;ModifiedFollowing;ModifiedFollowing;;2D
10.09.2025;11M;IRS;EUR;0,0186;EURIBOR;1M;1M;;;;1Y;Act360;Act360;;ModifiedFollowing;ModifiedFollowing;;2D
10.09.2025;7D;OIS;EUR;0,02008;EONIA;1D;7D;;;;7D;Act360;Act360;;ModifiedFollowing;ModifiedFollowing;;2D
10.09.2025;9Y;IRS;EUR;0,02503;EURIBOR;3M;3M;;;;1Y;Act360;Act360;;ModifiedFollowing;ModifiedFollowing;;2D
10.09.2025;7D;OIS;USD;0,04293;SOFR;1D;7D;;;;7D;Act360;Act360;;ModifiedFollowing;ModifiedFollowing;;2D
10.09.2025;5Mx11M;FRA;EUR;0,0201;EURIBOR;3M;3M;;;;3M;Act360;Act360;;ModifiedFollowing;ModifiedFollowing;;2D
10.09.2025;14D;OIS;USD;0,0418;SOFR;1D;14D;;;;14D;Act360;Act360;;ModifiedFollowing;ModifiedFollowing;;2D
10.09.2025;1M;OIS;USD;0,04119;SOFR;1D;1M;;;;1M;Act360;Act360;;ModifiedFollowing;ModifiedFollowing;;2D
10.09.2025;2Y;OIS;EUR;0,01927;EONIA;1D;1Y;;;;1Y;Act360;Act360;;ModifiedFollowing;ModifiedFollowing;;2D
10.09.2025;1Mx13M;FRA;EUR;0,02152;EURIBOR;3M;3M;;;;3M;Act360;Act360;;ModifiedFollowing;ModifiedFollowing;;2D
10.09.2025;8Y;IRS;EUR;0,02437;EURIBOR;3M;3M;;;;1Y;Act360;Act360;;ModifiedFollowing;ModifiedFollowing;;2D
10.09.2025;2M;OIS;USD;0,04062;SOFR;1D;2M;;;;2M;Act360;Act360;;ModifiedFollowing;ModifiedFollowing;;2D
10.09.2025;12M;DEPOSIT;GBP;0,0422;LIBOR;12M;1Y;;;;1Y;Act360;Act360;;ModifiedFollowing;ModifiedFollowing;;2D
10.09.2025;25Y;IRS;EUR;0,028863;EURIBOR;3M;3M;;;;1Y;Act360;Act360;;ModifiedFollowing;ModifiedFollowing;;2D
10.09.2025;3M;OIS;USD;0,04008;SOFR;1D;3M;;;;3M;Act360;Act360;;ModifiedFollowing;ModifiedFollowing;;2D
10.09.2025;60Y;IRS;EUR;0,02774;EURIBOR;3M;3M;;;;1Y;Act360;Act360;;ModifiedFollowing;ModifiedFollowing;;2D
10.09.2025;2Mx14M;FRA;EUR;0,02135;EURIBOR;3M;3M;;;;3M;Act360;Act360;;ModifiedFollowing;ModifiedFollowing;;2D
10.09.2025;4M;OIS;USD;0,03929;SOFR;1D;4M;;;;4M;Act360;Act360;;ModifiedFollowing;ModifiedFollowing;;2D
10.09.2025;6M;DEPOSIT;GBP;0,0419;LIBOR;6M;6M;;;;6M;Act360;Act360;;ModifiedFollowing;ModifiedFollowing;;2D
10.09.2025;5M;OIS;USD;0,03873;SOFR;1D;5M;;;;5M;Act360;Act360;;ModifiedFollowing;ModifiedFollowing;;2D
10.09.2025;8Mx11M;FRA;EUR;0,01897;EURIBOR;3M;3M;;;;3M;Act360;Act360;;ModifiedFollowing;ModifiedFollowing;;2D
10.09.2025;3Mx15M;FRA;EUR;0,0212;EURIBOR;3M;3M;;;;3M;Act360;Act360;;ModifiedFollowing;ModifiedFollowing;;2D
10.09.2025;3M;DEPOSIT;GBP;0,0414;LIBOR;3M;3M;;;;3M;Act360;Act360;;ModifiedFollowing;ModifiedFollowing;;2D
10.09.2025;7Y;IRS;EUR;0,02366;EURIBOR;3M;3M;;;;1Y;Act360;Act360;;ModifiedFollowing;ModifiedFollowing;;2D
10.09.2025;6M;OIS;USD;0,03831;SOFR;1D;6M;;;;6M;Act360;Act360;;ModifiedFollowing;ModifiedFollowing;;2D
10.09.2025;4Mx16M;FRA;EUR;0,02111;EURIBOR;3M;3M;;;;3M;Act360;Act360;;ModifiedFollowing;ModifiedFollowing;;2D
10.09.2025;7M;OIS;USD;0,03784;SOFR;1D;7M;;;;7M;Act360;Act360;;ModifiedFollowing;ModifiedFollowing;;2D
10.09.2025;20Y;IRS;EUR;0,02874;EURIBOR;3M;3M;;;;1Y;Act360;Act360;;ModifiedFollowing;ModifiedFollowing;;2D
10.09.2025;1M;DEPOSIT;GBP;0,0409;LIBOR;1M;1M;;;;1M;Act360;Act360;;ModifiedFollowing;ModifiedFollowing;;2D
10.09.2025;8M;OIS;USD;0,03743;SOFR;1D;8M;;;;8M;Act360;Act360;;ModifiedFollowing;ModifiedFollowing;;2D
10.09.2025;6Mx9M;FRA;EUR;0,01915;EURIBOR;3M;3M;;;;3M;Act360;Act360;;ModifiedFollowing;ModifiedFollowing;;2D
10.09.2025;3Y;OIS;EUR;0,019963;EONIA;1D;1Y;;;;1Y;Act360;Act360;;ModifiedFollowing;ModifiedFollowing;;2D
10.09.2025;15Y;IRS;EUR;0,027923;EURIBOR;3M;3M;;;;1Y;Act360;Act360;;ModifiedFollowing;ModifiedFollowing;;2D
10.09.2025;9M;OIS;USD;0,03702;SOFR;1D;9M;;;;9M;Act360;Act360;;ModifiedFollowing;ModifiedFollowing;;2D
10.09.2025;5Mx17M;FRA;EUR;0,02103;EURIBOR;3M;3M;;;;3M;Act360;Act360;;ModifiedFollowing;ModifiedFollowing;;2D
10.09.2025;6Y;IRS;EUR;0,022935;EURIBOR;3M;3M;;;;1Y;Act360;Act360;;ModifiedFollowing;ModifiedFollowing;;2D
10.09.2025;10M;OIS;USD;0,0366;SOFR;1D;1Y;;;;1Y;Act360;Act360;;ModifiedFollowing;ModifiedFollowing;;2D
10.09.2025;12M;DEPOSIT;USD;0,03975;LIBOR;12M;1Y;;;;1Y;Act360;Act360;;ModifiedFollowing;ModifiedFollowing;;2D
10.09.2025;11M;OIS;USD;0,0362;SOFR;1D;1Y;;;;1Y;Act360;Act360;;ModifiedFollowing;ModifiedFollowing;;2D
10.09.2025;6Mx18M;FRA;EUR;0,02099;EURIBOR;3M;3M;;;;3M;Act360;Act360;;ModifiedFollowing;ModifiedFollowing;;2D
10.09.2025;6M;DEPOSIT;USD;0,04075;LIBOR;6M;6M;;;;6M;Act360;Act360;;ModifiedFollowing;ModifiedFollowing;;2D
10.09.2025;1Y;OIS;USD;0,03577;SOFR;1D;1Y;;;;1Y;Act360;Act360;;ModifiedFollowing;ModifiedFollowing;;2D
10.09.2025;5Y;IRS;EUR;0,022201;EURIBOR;3M;3M;;;;1Y;Act360;Act360;;ModifiedFollowing;ModifiedFollowing;;2D
10.09.2025;18M;OIS;USD;0,03359;SOFR;1D;1Y;;;;1Y;Act360;Act360;;ModifiedFollowing;ModifiedFollowing;;2D
10.09.2025;4M;OIS;EUR;0,01993;EONIA;1D;4M;;;;4M;Act360;Act360;;ModifiedFollowing;ModifiedFollowing;;2D
10.09.2025;2Y;OIS;USD;0,032443;SOFR;1D;1Y;;;;1Y;Act360;Act360;;ModifiedFollowing;ModifiedFollowing;;2D
10.09.2025;3M;DEPOSIT;USD;0,04155;LIBOR;3M;3M;;;;3M;Act360;Act360;;ModifiedFollowing;ModifiedFollowing;;2D
10.09.2025;3Y;OIS;USD;0,03154;SOFR;1D;1Y;;;;1Y;Act360;Act360;;ModifiedFollowing;ModifiedFollowing;;2D
10.09.2025;7Mx19M;FRA;EUR;0,021;EURIBOR;3M;3M;;;;3M;Act360;Act360;;ModifiedFollowing;ModifiedFollowing;;2D
10.09.2025;4Y;OIS;EUR;0,020785;EONIA;1D;1Y;;;;1Y;Act360;Act360;;ModifiedFollowing;ModifiedFollowing;;2D
10.09.2025;4Y;OIS;USD;0,03149;SOFR;1D;1Y;;;;1Y;Act360;Act360;;ModifiedFollowing;ModifiedFollowing;;2D
10.09.2025;1M;DEPOSIT;USD;0,04205;LIBOR;1M;1M;;;;1M;Act360;Act360;;ModifiedFollowing;ModifiedFollowing;;2D
10.09.2025;8Mx20M;FRA;EUR;0,02105;EURIBOR;3M;3M;;;;3M;Act360;Act360;;ModifiedFollowing;ModifiedFollowing;;2D
10.09.2025;5Y;OIS;USD;0,03172;SOFR;1D;1Y;;;;1Y;Act360;Act360;;ModifiedFollowing;ModifiedFollowing;;2D
10.09.2025;4Y;IRS;EUR;0,021456;EURIBOR;3M;3M;;;;1Y;Act360;Act360;;ModifiedFollowing;ModifiedFollowing;;2D
10.09.2025;12M;DEPOSIT;EUR;0,0219;EURIBOR;12M;1Y;;;;1Y;Act360;Act360;;ModifiedFollowing;ModifiedFollowing;;2D
10.09.2025;1Y;OIS;EUR;0,01925;EONIA;1D;1Y;;;;1Y;Act360;Act360;;ModifiedFollowing;ModifiedFollowing;;2D
10.09.2025;6Y;OIS;USD;0,03225;SOFR;1D;1Y;;;;1Y;Act360;Act360;;ModifiedFollowing;ModifiedFollowing;;2D
10.09.2025;7Y;OIS;USD;0,03289;SOFR;1D;1Y;;;;1Y;Act360;Act360;;ModifiedFollowing;ModifiedFollowing;;2D
10.09.2025;9Mx21M;FRA;EUR;0,02112;EURIBOR;3M;3M;;;;3M;Act360;Act360;;ModifiedFollowing;ModifiedFollowing;;2D
10.09.2025;6M;DEPOSIT;EUR;0,0189;EURIBOR;6M;6M;;;;6M;Act360;Act360;;ModifiedFollowing;ModifiedFollowing;;2D
10.09.2025;8Y;OIS;USD;0,03357;SOFR;1D;1Y;;;;1Y;Act360;Act360;;ModifiedFollowing;ModifiedFollowing;;2D
10.09.2025;10Mx22M;FRA;EUR;0,02121;EURIBOR;3M;3M;;;;3M;Act360;Act360;;ModifiedFollowing;ModifiedFollowing;;2D
10.09.2025;3M;OIS;EUR;0,02006;EONIA;1D;3M;;;;3M;Act360;Act360;;ModifiedFollowing;ModifiedFollowing;;2D
10.09.2025;3Y;IRS;EUR;0,02064;EURIBOR;3M;3M;;;;1Y;Act360;Act360;;ModifiedFollowing;ModifiedFollowing;;2D
10.09.2025;9Y;OIS;USD;0,03421;SOFR;1D;1Y;;;;1Y;Act360;Act360;;ModifiedFollowing;ModifiedFollowing;;2D
10.09.2025;3M;DEPOSIT;EUR;0,0199;EURIBOR;3M;3M;;;;3M;Act360;Act360;;ModifiedFollowing;ModifiedFollowing;;2D
10.09.2025;10Y;OIS;USD;0,03486;SOFR;1D;1Y;;;;1Y;Act360;Act360;;ModifiedFollowing;ModifiedFollowing;;2D
10.09.2025;10M;OIS;EUR;0,01937;EONIA;1D;1Y;;;;1Y;Act360;Act360;;ModifiedFollowing;ModifiedFollowing;;2D
10.09.2025;5Y;OIS;EUR;0,021585;EONIA;1D;1Y;;;;1Y;Act360;Act360;;ModifiedFollowing;ModifiedFollowing;;2D
10.09.2025;11Mx23M;FRA;EUR;0,02132;EURIBOR;3M;3M;;;;3M;Act360;Act360;;ModifiedFollowing;ModifiedFollowing;;2D
10.09.2025;12Y;OIS;USD;0,03608;SOFR;1D;1Y;;;;1Y;Act360;Act360;;ModifiedFollowing;ModifiedFollowing;;2D
10.09.2025;5Mx8M;FRA;EUR;0,01931;EURIBOR;3M;3M;;;;3M;Act360;Act360;;ModifiedFollowing;ModifiedFollowing;;2D
10.09.2025;1M;DEPOSIT;EUR;0,0214;EURIBOR;1M;1M;;;;1M;Act360;Act360;;ModifiedFollowing;ModifiedFollowing;;2D
10.09.2025;2M;IRS;EUR;0,01906;EURIBOR;1M;1M;;;;1Y;Act360;Act360;;ModifiedFollowing;ModifiedFollowing;;2D
10.09.2025;15Y;OIS;USD;0,03739;SOFR;1D;1Y;;;;1Y;Act360;Act360;;ModifiedFollowing;ModifiedFollowing;;2D
10.09.2025;2Y;IRS;EUR;0,019933;EURIBOR;3M;3M;;;;1Y;Act360;Act360;;ModifiedFollowing;ModifiedFollowing;;2D
10.09.2025;50Y;OIS;GBP;0,04456;SONIA;1D;1Y;;;;1Y;Act360;Act360;;ModifiedFollowing;ModifiedFollowing;;2D
10.09.2025;20Y;OIS;USD;0,03846;SOFR;1D;1Y;;;;1Y;Act360;Act360;;ModifiedFollowing;ModifiedFollowing;;2D
10.09.2025;4M;IRS;EUR;0,01905;EURIBOR;1M;1M;;;;1Y;Act360;Act360;;ModifiedFollowing;ModifiedFollowing;;2D
10.09.2025;1Mx4M;FRA;USD;0,04182;LIBOR;3M;3M;;;;3M;Act360;Act360;;ModifiedFollowing;ModifiedFollowing;;2D
10.09.2025;9M;OIS;EUR;0,01948;EONIA;1D;9M;;;;9M;Act360;Act360;;ModifiedFollowing;ModifiedFollowing;;2D
10.09.2025;25Y;OIS;USD;0,03862;SOFR;1D;1Y;;;;1Y;Act360;Act360;;ModifiedFollowing;ModifiedFollowing;;2D
10.09.2025;11M;OIS;EUR;0,01936;EONIA;1D;1Y;;;;1Y;Act360;Act360;;ModifiedFollowing;ModifiedFollowing;;2D
10.09.2025;40Y;OIS;GBP;0,04551;SONIA;1D;1Y;;;;1Y;Act360;Act360;;ModifiedFollowing;ModifiedFollowing;;2D
10.09.2025;30Y;OIS;USD;0,03831;SOFR;1D;1Y;;;;1Y;Act360;Act360;;ModifiedFollowing;ModifiedFollowing;;2D
10.09.2025;2Mx5M;FRA;USD;0,04054;LIBOR;3M;3M;;;;3M;Act360;Act360;;ModifiedFollowing;ModifiedFollowing;;2D
10.09.2025;1Y;IRS;EUR;0,019405;EURIBOR;3M;3M;;;;1Y;Act360;Act360;;ModifiedFollowing;ModifiedFollowing;;2D
10.09.2025;35Y;OIS;USD;0,0378;SOFR;1D;1Y;;;;1Y;Act360;Act360;;ModifiedFollowing;ModifiedFollowing;;2D
10.09.2025;30Y;OIS;GBP;0,04609;SONIA;1D;1Y;;;;1Y;Act360;Act360;;ModifiedFollowing;ModifiedFollowing;;2D
10.09.2025;40Y;OIS;USD;0,03725;SOFR;1D;1Y;;;;1Y;Act360;Act360;;ModifiedFollowing;ModifiedFollowing;;2D
10.09.2025;6Y;OIS;EUR;0,022365;EONIA;1D;1Y;;;;1Y;Act360;Act360;;ModifiedFollowing;ModifiedFollowing;;2D
10.09.2025;3Mx6M;FRA;USD;0,04002;LIBOR;3M;3M;;;;3M;Act360;Act360;;ModifiedFollowing;ModifiedFollowing;;2D
10.09.2025;50Y;OIS;USD;0,03604;SOFR;1D;1Y;;;;1Y;Act360;Act360;;ModifiedFollowing;ModifiedFollowing;;2D
10.09.2025;25Y;OIS;GBP;0,04599;SONIA;1D;1Y;;;;1Y;Act360;Act360;;ModifiedFollowing;ModifiedFollowing;;2D
10.09.2025;5M;OIS;EUR;0,019855;EONIA;1D;5M;;;;5M;Act360;Act360;;ModifiedFollowing;ModifiedFollowing;;2D
10.09.2025;5Mx11M;FRA;GBP;0,03974;LIBOR;3M;3M;;;;3M;Act360;Act360;;ModifiedFollowing;ModifiedFollowing;;2D
10.09.2025;7D;OIS;GBP;0,03971;SONIA;1D;7D;;;;7D;Act360;Act360;;ModifiedFollowing;ModifiedFollowing;;2D
10.09.2025;4Mx7M;FRA;USD;0,03861;LIBOR;3M;3M;;;;3M;Act360;Act360;;ModifiedFollowing;ModifiedFollowing;;2D
10.09.2025;20Y;OIS;GBP;0,04533;SONIA;1D;1Y;;;;1Y;Act360;Act360;;ModifiedFollowing;ModifiedFollowing;;2D
10.09.2025;30Y;OIS;EUR;0,028435;EONIA;1D;1Y;;;;1Y;Act360;Act360;;ModifiedFollowing;ModifiedFollowing;;2D
10.09.2025;14D;OIS;GBP;0,0397;SONIA;1D;14D;;;;14D;Act360;Act360;;ModifiedFollowing;ModifiedFollowing;;2D
10.09.2025;4Mx10M;FRA;GBP;0,04023;LIBOR;3M;3M;;;;3M;Act360;Act360;;ModifiedFollowing;ModifiedFollowing;;2D
10.09.2025;1M;OIS;GBP;0,03973;SONIA;1D;1M;;;;1M;Act360;Act360;;ModifiedFollowing;ModifiedFollowing;;2D
10.09.2025;15Y;OIS;GBP;0,04379;SONIA;1D;1Y;;;;1Y;Act360;Act360;;ModifiedFollowing;ModifiedFollowing;;2D
10.09.2025;3Mx9M;FRA;GBP;0,04066;LIBOR;3M;3M;;;;3M;Act360;Act360;;ModifiedFollowing;ModifiedFollowing;;2D
10.09.2025;2M;OIS;GBP;0,03975;SONIA;1D;2M;;;;2M;Act360;Act360;;ModifiedFollowing;ModifiedFollowing;;2D
10.09.2025;5Mx8M;FRA;USD;0,03771;LIBOR;3M;3M;;;;3M;Act360;Act360;;ModifiedFollowing;ModifiedFollowing;;2D
10.09.2025;2Mx8M;FRA;GBP;0,04112;LIBOR;3M;3M;;;;3M;Act360;Act360;;ModifiedFollowing;ModifiedFollowing;;2D
10.09.2025;3M;OIS;GBP;0,03964;SONIA;1D;3M;;;;3M;Act360;Act360;;ModifiedFollowing;ModifiedFollowing;;2D
10.09.2025;7Y;OIS;EUR;0,023105;EONIA;1D;1Y;;;;1Y;Act360;Act360;;ModifiedFollowing;ModifiedFollowing;;2D
10.09.2025;20Y;OIS;EUR;0,028305;EONIA;1D;1Y;;;;1Y;Act360;Act360;;ModifiedFollowing;ModifiedFollowing;;2D
10.09.2025;12Y;OIS;GBP;0,04223;SONIA;1D;1Y;;;;1Y;Act360;Act360;;ModifiedFollowing;ModifiedFollowing;;2D
10.09.2025;5M;IRS;EUR;0,01899;EURIBOR;1M;1M;;;;1Y;Act360;Act360;;ModifiedFollowing;ModifiedFollowing;;2D
10.09.2025;1Mx7M;FRA;GBP;0,0416;LIBOR;3M;3M;;;;3M;Act360;Act360;;ModifiedFollowing;ModifiedFollowing;;2D
10.09.2025;4M;OIS;GBP;0,03951;SONIA;1D;4M;;;;4M;Act360;Act360;;ModifiedFollowing;ModifiedFollowing;;2D
10.09.2025;6Mx9M;FRA;USD;0,03701;LIBOR;3M;3M;;;;3M;Act360;Act360;;ModifiedFollowing;ModifiedFollowing;;2D
10.09.2025;8Mx11M;FRA;GBP;0,03741;LIBOR;3M;3M;;;;3M;Act360;Act360;;ModifiedFollowing;ModifiedFollowing;;2D
10.09.2025;5M;OIS;GBP;0,0394;SONIA;1D;5M;;;;5M;Act360;Act360;;ModifiedFollowing;ModifiedFollowing;;2D
10.09.2025;11Y;IRS;EUR;0,026219;EURIBOR;3M;3M;;;;1Y;Act360;Act360;;ModifiedFollowing;ModifiedFollowing;;2D
10.09.2025;10Y;OIS;GBP;0,04093;SONIA;1D;1Y;;;;1Y;Act360;Act360;;ModifiedFollowing;ModifiedFollowing;;2D
10.09.2025;6M;OIS;GBP;0,03922;SONIA;1D;6M;;;;6M;Act360;Act360;;ModifiedFollowing;ModifiedFollowing;;2D
10.09.2025;7Mx10M;FRA;GBP;0,03774;LIBOR;3M;3M;;;;3M;Act360;Act360;;ModifiedFollowing;ModifiedFollowing;;2D
10.09.2025;7Mx10M;FRA;USD;0,03626;LIBOR;3M;3M;;;;3M;Act360;Act360;;ModifiedFollowing;ModifiedFollowing;;2D
10.09.2025;7M;OIS;GBP;0,03904;SONIA;1D;7M;;;;7M;Act360;Act360;;ModifiedFollowing;ModifiedFollowing;;2D
10.09.2025;7M;OIS;EUR;0,01965;EONIA;1D;7M;;;;7M;Act360;Act360;;ModifiedFollowing;ModifiedFollowing;;2D
10.09.2025;9Y;OIS;GBP;0,04024;SONIA;1D;1Y;;;;1Y;Act360;Act360;;ModifiedFollowing;ModifiedFollowing;;2D
10.09.2025;4Mx7M;FRA;EUR;0,01954;EURIBOR;3M;3M;;;;3M;Act360;Act360;;ModifiedFollowing;ModifiedFollowing;;2D
10.09.2025;6Mx9M;FRA;GBP;0,03814;LIBOR;3M;3M;;;;3M;Act360;Act360;;ModifiedFollowing;ModifiedFollowing;;2D
10.09.2025;15Y;OIS;EUR;0,02744;EONIA;1D;1Y;;;;1Y;Act360;Act360;;ModifiedFollowing;ModifiedFollowing;;2D
10.09.2025;8M;OIS;GBP;0,03887;SONIA;1D;8M;;;;8M;Act360;Act360;;ModifiedFollowing;ModifiedFollowing;;2D
10.09.2025;2M;OIS;EUR;0,02012;EONIA;1D;2M;;;;2M;Act360;Act360;;ModifiedFollowing;ModifiedFollowing;;2D
10.09.2025;8Mx11M;FRA;USD;0,03538;LIBOR;3M;3M;;;;3M;Act360;Act360;;ModifiedFollowing;ModifiedFollowing;;2D
10.09.2025;5Mx8M;FRA;GBP;0,03857;LIBOR;3M;3M;;;;3M;Act360;Act360;;ModifiedFollowing;ModifiedFollowing;;2D
10.09.2025;9M;OIS;GBP;0,0387;SONIA;1D;9M;;;;9M;Act360;Act360;;ModifiedFollowing;ModifiedFollowing;;2D
10.09.2025;3M;IRS;EUR;0,01909;EURIBOR;1M;1M;;;;1Y;Act360;Act360;;ModifiedFollowing;ModifiedFollowing;;2D
10.09.2025;8Y;OIS;GBP;0,03952;SONIA;1D;1Y;;;;1Y;Act360;Act360;;ModifiedFollowing;ModifiedFollowing;;2D
10.09.2025;4Mx7M;FRA;GBP;0,03909;LIBOR;3M;3M;;;;3M;Act360;Act360;;ModifiedFollowing;ModifiedFollowing;;2D
10.09.2025;10M;OIS;GBP;0,03855;SONIA;1D;1Y;;;;1Y;Act360;Act360;;ModifiedFollowing;ModifiedFollowing;;2D
10.09.2025;8Y;OIS;EUR;0,023845;EONIA;1D;1Y;;;;1Y;Act360;Act360;;ModifiedFollowing;ModifiedFollowing;;2D
10.09.2025;1Mx7M;FRA;USD;0,04206;LIBOR;3M;3M;;;;3M;Act360;Act360;;ModifiedFollowing;ModifiedFollowing;;2D
10.09.2025;14D;OIS;EUR;0,0203375;EONIA;1D;14D;;;;14D;Act360;Act360;;ModifiedFollowing;ModifiedFollowing;;2D
10.09.2025;3Mx6M;FRA;GBP;0,03961;LIBOR;3M;3M;;;;3M;Act360;Act360;;ModifiedFollowing;ModifiedFollowing;;2D
10.09.2025;11M;OIS;GBP;0,03842;SONIA;1D;1Y;;;;1Y;Act360;Act360;;ModifiedFollowing;ModifiedFollowing;;2D
10.09.2025;7Y;OIS;GBP;0,03881;SONIA;1D;1Y;;;;1Y;Act360;Act360;;ModifiedFollowing;ModifiedFollowing;;2D
10.09.2025;2Mx5M;FRA;GBP;0,04003;LIBOR;3M;3M;;;;3M;Act360;Act360;;ModifiedFollowing;ModifiedFollowing;;2D
10.09.2025;10Y;OIS;EUR;0,025133;EONIA;1D;1Y;;;;1Y;Act360;Act360;;ModifiedFollowing;ModifiedFollowing;;2D
10.09.2025;1Y;OIS;GBP;0,0383;SONIA;1D;1Y;;;;1Y;Act360;Act360;;ModifiedFollowing;ModifiedFollowing;;2D
09.09.2025;15Y;IRS;EUR;0,028085;EURIBOR;3M;3M;;;;1Y;Act360;Act360;;ModifiedFollowing;ModifiedFollowing;;2D
09.09.2025;6M;OIS;GBP;0,0392;SONIA;1D;6M;;;;6M;Act360;Act360;;ModifiedFollowing;ModifiedFollowing;;2D
09.09.2025;30Y;IRS;EUR;0,028828;EURIBOR;3M;3M;;;;1Y;Act360;Act360;;ModifiedFollowing;ModifiedFollowing;;2D
09.09.2025;4Y;OIS;GBP;0,03714;SONIA;1D;1Y;;;;1Y;Act360;Act360;;ModifiedFollowing;ModifiedFollowing;;2D
09.09.2025;20Y;OIS;GBP;0,04545;SONIA;1D;1Y;;;;1Y;Act360;Act360;;ModifiedFollowing;ModifiedFollowing;;2D
09.09.2025;3M;OIS;EUR;0,02006;EONIA;1D;3M;;;;3M;Act360;Act360;;ModifiedFollowing;ModifiedFollowing;;2D
09.09.2025;1M;OIS;EUR;0,02007;EONIA;1D;1M;;;;1M;Act360;Act360;;ModifiedFollowing;ModifiedFollowing;;2D
09.09.2025;2Mx8M;FRA;USD;0,04061;LIBOR;3M;3M;;;;3M;Act360;Act360;;ModifiedFollowing;ModifiedFollowing;;2D
09.09.2025;30Y;OIS;EUR;0,028585;EONIA;1D;1Y;;;;1Y;Act360;Act360;;ModifiedFollowing;ModifiedFollowing;;2D
09.09.2025;10Y;OIS;GBP;0,04099;SONIA;1D;1Y;;;;1Y;Act360;Act360;;ModifiedFollowing;ModifiedFollowing;;2D
09.09.2025;3Y;OIS;EUR;0,019943;EONIA;1D;1Y;;;;1Y;Act360;Act360;;ModifiedFollowing;ModifiedFollowing;;2D
09.09.2025;11M;IRS;EUR;0,01854;EURIBOR;1M;1M;;;;1Y;Act360;Act360;;ModifiedFollowing;ModifiedFollowing;;2D
09.09.2025;2Mx5M;FRA;USD;0,04023;LIBOR;3M;3M;;;;3M;Act360;Act360;;ModifiedFollowing;ModifiedFollowing;;2D
09.09.2025;8M;OIS;USD;0,03718;SOFR;1D;8M;;;;8M;Act360;Act360;;ModifiedFollowing;ModifiedFollowing;;2D
09.09.2025;11Y;IRS;EUR;0,026415;EURIBOR;3M;3M;;;;1Y;Act360;Act360;;ModifiedFollowing;ModifiedFollowing;;2D
09.09.2025;1M;DEPOSIT;GBP;0,0408;LIBOR;1M;1M;;;;1M;Act360;Act360;;ModifiedFollowing;ModifiedFollowing;;2D
09.09.2025;5Y;OIS;GBP;0,03757;SONIA;1D;1Y;;;;1Y;Act360;Act360;;ModifiedFollowing;ModifiedFollowing;;2D
09.09.2025;14D;OIS;GBP;0,0397;SONIA;1D;14D;;;;14D;Act360;Act360;;ModifiedFollowing;ModifiedFollowing;;2D
09.09.2025;6Y;OIS;USD;0,03213;SOFR;1D;1Y;;;;1Y;Act360;Act360;;ModifiedFollowing;ModifiedFollowing;;2D
09.09.2025;5Mx8M;FRA;EUR;0,01923;EURIBOR;3M;3M;;;;3M;Act360;Act360;;ModifiedFollowing;ModifiedFollowing;;2D
09.09.2025;7Y;OIS;USD;0,03278;SOFR;1D;1Y;;;;1Y;Act360;Act360;;ModifiedFollowing;ModifiedFollowing;;2D
09.09.2025;9Y;IRS;EUR;0,025058;EURIBOR;3M;3M;;;;1Y;Act360;Act360;;ModifiedFollowing;ModifiedFollowing;;2D
09.09.2025;20Y;IRS;EUR;0,0289;EURIBOR;3M;3M;;;;1Y;Act360;Act360;;ModifiedFollowing;ModifiedFollowing;;2D
09.09.2025;5M;OIS;GBP;0,0394;SONIA;1D;5M;;;;5M;Act360;Act360;;ModifiedFollowing;ModifiedFollowing;;2D
09.09.2025;4Mx10M;FRA;GBP;0,04009;LIBOR;3M;3M;;;;3M;Act360;Act360;;ModifiedFollowing;ModifiedFollowing;;2D
09.09.2025;7D;OIS;USD;0,04331;SOFR;1D;7D;;;;7D;Act360;Act360;;ModifiedFollowing;ModifiedFollowing;;2D
09.09.2025;5Mx11M;FRA;EUR;0,01999;EURIBOR;3M;3M;;;;3M;Act360;Act360;;ModifiedFollowing;ModifiedFollowing;;2D
09.09.2025;6Mx9M;FRA;EUR;0,01904;EURIBOR;3M;3M;;;;3M;Act360;Act360;;ModifiedFollowing;ModifiedFollowing;;2D
09.09.2025;7M;OIS;USD;0,0376;SOFR;1D;7M;;;;7M;Act360;Act360;;ModifiedFollowing;ModifiedFollowing;;2D
09.09.2025;4Mx16M;FRA;EUR;0,02102;EURIBOR;3M;3M;;;;3M;Act360;Act360;;ModifiedFollowing;ModifiedFollowing;;2D
09.09.2025;4Y;OIS;EUR;0,020815;EONIA;1D;1Y;;;;1Y;Act360;Act360;;ModifiedFollowing;ModifiedFollowing;;2D
09.09.2025;14D;OIS;EUR;0,02026;EONIA;1D;14D;;;;14D;Act360;Act360;;ModifiedFollowing;ModifiedFollowing;;2D
09.09.2025;8Mx11M;FRA;GBP;0,03729;LIBOR;3M;3M;;;;3M;Act360;Act360;;ModifiedFollowing;ModifiedFollowing;;2D
09.09.2025;10Y;OIS;EUR;0,025294;EONIA;1D;1Y;;;;1Y;Act360;Act360;;ModifiedFollowing;ModifiedFollowing;;2D
09.09.2025;6Mx9M;FRA;USD;0,03655;LIBOR;3M;3M;;;;3M;Act360;Act360;;ModifiedFollowing;ModifiedFollowing;;2D
09.09.2025;4Mx7M;FRA;GBP;0,03904;LIBOR;3M;3M;;;;3M;Act360;Act360;;ModifiedFollowing;ModifiedFollowing;;2D
09.09.2025;2Y;OIS;GBP;0,03701;SONIA;1D;1Y;;;;1Y;Act360;Act360;;ModifiedFollowing;ModifiedFollowing;;2D
09.09.2025;7Mx19M;FRA;EUR;0,02091;EURIBOR;3M;3M;;;;3M;Act360;Act360;;ModifiedFollowing;ModifiedFollowing;;2D
09.09.2025;14D;OIS;USD;0,04195;SOFR;1D;14D;;;;14D;Act360;Act360;;ModifiedFollowing;ModifiedFollowing;;2D
09.09.2025;2Mx5M;FRA;EUR;0,01994;EURIBOR;3M;3M;;;;3M;Act360;Act360;;ModifiedFollowing;ModifiedFollowing;;2D
09.09.2025;9M;OIS;EUR;0,01941;EONIA;1D;9M;;;;9M;Act360;Act360;;ModifiedFollowing;ModifiedFollowing;;2D
09.09.2025;6M;OIS;USD;0,03812;SOFR;1D;6M;;;;6M;Act360;Act360;;ModifiedFollowing;ModifiedFollowing;;2D
09.09.2025;7Y;IRS;EUR;0,023664;EURIBOR;3M;3M;;;;1Y;Act360;Act360;;ModifiedFollowing;ModifiedFollowing;;2D
09.09.2025;3Y;OIS;USD;0,0313;SOFR;1D;1Y;;;;1Y;Act360;Act360;;ModifiedFollowing;ModifiedFollowing;;2D
09.09.2025;1M;OIS;GBP;0,03972;SONIA;1D;1M;;;;1M;Act360;Act360;;ModifiedFollowing;ModifiedFollowing;;2D
09.09.2025;25Y;OIS;USD;0,03848;SOFR;1D;1Y;;;;1Y;Act360;Act360;;ModifiedFollowing;ModifiedFollowing;;2D
09.09.2025;8Y;OIS;GBP;0,03954;SONIA;1D;1Y;;;;1Y;Act360;Act360;;ModifiedFollowing;ModifiedFollowing;;2D
09.09.2025;10M;OIS;GBP;0,0385;SONIA;1D;1Y;;;;1Y;Act360;Act360;;ModifiedFollowing;ModifiedFollowing;;2D
09.09.2025;15Y;OIS;GBP;0,04389;SONIA;1D;1Y;;;;1Y;Act360;Act360;;ModifiedFollowing;ModifiedFollowing;;2D
09.09.2025;1Y;IRS;EUR;0,01987;EURIBOR;3M;3M;;;;1Y;Act360;Act360;;ModifiedFollowing;ModifiedFollowing;;2D
09.09.2025;3M;DEPOSIT;GBP;0,0414;LIBOR;3M;3M;;;;3M;Act360;Act360;;ModifiedFollowing;ModifiedFollowing;;2D
09.09.2025;10Mx22M;FRA;EUR;0,02111;EURIBOR;3M;3M;;;;3M;Act360;Act360;;ModifiedFollowing;ModifiedFollowing;;2D
09.09.2025;1Y;OIS;GBP;0,03823;SONIA;1D;1Y;;;;1Y;Act360;Act360;;ModifiedFollowing;ModifiedFollowing;;2D
09.09.2025;4M;OIS;GBP;0,03951;SONIA;1D;4M;;;;4M;Act360;Act360;;ModifiedFollowing;ModifiedFollowing;;2D
09.09.2025;8Mx11M;FRA;EUR;0,01889;EURIBOR;3M;3M;;;;3M;Act360;Act360;;ModifiedFollowing;ModifiedFollowing;;2D
09.09.2025;1M;OIS;USD;0,0412;SOFR;1D;1M;;;;1M;Act360;Act360;;ModifiedFollowing;ModifiedFollowing;;2D
09.09.2025;3Mx9M;FRA;GBP;0,04057;LIBOR;3M;3M;;;;3M;Act360;Act360;;ModifiedFollowing;ModifiedFollowing;;2D
09.09.2025;1Mx7M;FRA;EUR;0,02078;EURIBOR;3M;3M;;;;3M;Act360;Act360;;ModifiedFollowing;ModifiedFollowing;;2D
09.09.2025;7Mx10M;FRA;EUR;0,01896;EURIBOR;3M;3M;;;;3M;Act360;Act360;;ModifiedFollowing;ModifiedFollowing;;2D
09.09.2025;3Mx15M;FRA;EUR;0,02112;EURIBOR;3M;3M;;;;3M;Act360;Act360;;ModifiedFollowing;ModifiedFollowing;;2D
09.09.2025;11M;OIS;EUR;0,01927;EONIA;1D;1Y;;;;1Y;Act360;Act360;;ModifiedFollowing;ModifiedFollowing;;2D
09.09.2025;5M;OIS;USD;0,03857;SOFR;1D;5M;;;;5M;Act360;Act360;;ModifiedFollowing;ModifiedFollowing;;2D
09.09.2025;2Y;OIS;EUR;0,019205;EONIA;1D;1Y;;;;1Y;Act360;Act360;;ModifiedFollowing;ModifiedFollowing;;2D
09.09.2025;35Y;OIS;USD;0,03767;SOFR;1D;1Y;;;;1Y;Act360;Act360;;ModifiedFollowing;ModifiedFollowing;;2D
09.09.2025;1Mx13M;FRA;EUR;0,02144;EURIBOR;3M;3M;;;;3M;Act360;Act360;;ModifiedFollowing;ModifiedFollowing;;2D
09.09.2025;1Y;OIS;EUR;0,019215;EONIA;1D;1Y;;;;1Y;Act360;Act360;;ModifiedFollowing;ModifiedFollowing;;2D
09.09.2025;1Mx7M;FRA;GBP;0,04157;LIBOR;3M;3M;;;;3M;Act360;Act360;;ModifiedFollowing;ModifiedFollowing;;2D
09.09.2025;2Mx5M;FRA;GBP;0,04009;LIBOR;3M;3M;;;;3M;Act360;Act360;;ModifiedFollowing;ModifiedFollowing;;2D
09.09.2025;3Mx6M;FRA;EUR;0,01969;EURIBOR;3M;3M;;;;3M;Act360;Act360;;ModifiedFollowing;ModifiedFollowing;;2D
09.09.2025;7Y;OIS;GBP;0,03881;SONIA;1D;1Y;;;;1Y;Act360;Act360;;ModifiedFollowing;ModifiedFollowing;;2D
09.09.2025;12Y;OIS;GBP;0,04231;SONIA;1D;1Y;;;;1Y;Act360;Act360;;ModifiedFollowing;ModifiedFollowing;;2D
09.09.2025;8Y;IRS;EUR;0,02439;EURIBOR;3M;3M;;;;1Y;Act360;Act360;;ModifiedFollowing;ModifiedFollowing;;2D
09.09.2025;2M;OIS;GBP;0,03975;SONIA;1D;2M;;;;2M;Act360;Act360;;ModifiedFollowing;ModifiedFollowing;;2D
09.09.2025;3Y;IRS;EUR;0,02063;EURIBOR;3M;3M;;;;1Y;Act360;Act360;;ModifiedFollowing;ModifiedFollowing;;2D
09.09.2025;2M;OIS;USD;0,04056;SOFR;1D;2M;;;;2M;Act360;Act360;;ModifiedFollowing;ModifiedFollowing;;2D
09.09.2025;30Y;OIS;GBP;0,04623;SONIA;1D;1Y;;;;1Y;Act360;Act360;;ModifiedFollowing;ModifiedFollowing;;2D
09.09.2025;6M;DEPOSIT;GBP;0,042;LIBOR;6M;6M;;;;6M;Act360;Act360;;ModifiedFollowing;ModifiedFollowing;;2D
09.09.2025;8Y;OIS;EUR;0,023985;EONIA;1D;1Y;;;;1Y;Act360;Act360;;ModifiedFollowing;ModifiedFollowing;;2D
09.09.2025;7Y;OIS;EUR;0,023245;EONIA;1D;1Y;;;;1Y;Act360;Act360;;ModifiedFollowing;ModifiedFollowing;;2D
09.09.2025;3M;OIS;GBP;0,03964;SONIA;1D;3M;;;;3M;Act360;Act360;;ModifiedFollowing;ModifiedFollowing;;2D
09.09.2025;25Y;IRS;EUR;0,02887;EURIBOR;3M;3M;;;;1Y;Act360;Act360;;ModifiedFollowing;ModifiedFollowing;;2D
09.09.2025;4M;OIS;USD;0,03914;SOFR;1D;4M;;;;4M;Act360;Act360;;ModifiedFollowing;ModifiedFollowing;;2D
09.09.2025;12M;DEPOSIT;GBP;0,0422;LIBOR;12M;1Y;;;;1Y;Act360;Act360;;ModifiedFollowing;ModifiedFollowing;;2D
09.09.2025;4Y;IRS;EUR;0,02147;EURIBOR;3M;3M;;;;1Y;Act360;Act360;;ModifiedFollowing;ModifiedFollowing;;2D
09.09.2025;6Y;OIS;GBP;0,03814;SONIA;1D;1Y;;;;1Y;Act360;Act360;;ModifiedFollowing;ModifiedFollowing;;2D
09.09.2025;5Mx8M;FRA;USD;0,03729;LIBOR;3M;3M;;;;3M;Act360;Act360;;ModifiedFollowing;ModifiedFollowing;;2D
09.09.2025;20Y;OIS;EUR;0,02845;EONIA;1D;1Y;;;;1Y;Act360;Act360;;ModifiedFollowing;ModifiedFollowing;;2D
09.09.2025;3M;OIS;USD;0,04;SOFR;1D;3M;;;;3M;Act360;Act360;;ModifiedFollowing;ModifiedFollowing;;2D
09.09.2025;20Y;OIS;USD;0,03832;SOFR;1D;1Y;;;;1Y;Act360;Act360;;ModifiedFollowing;ModifiedFollowing;;2D
09.09.2025;2Mx8M;FRA;GBP;0,04105;LIBOR;3M;3M;;;;3M;Act360;Act360;;ModifiedFollowing;ModifiedFollowing;;2D
09.09.2025;11M;OIS;GBP;0,03836;SONIA;1D;1Y;;;;1Y;Act360;Act360;;ModifiedFollowing;ModifiedFollowing;;2D
09.09.2025;9M;OIS;GBP;0,03866;SONIA;1D;9M;;;;9M;Act360;Act360;;ModifiedFollowing;ModifiedFollowing;;2D
09.09.2025;60Y;IRS;EUR;0,02787;EURIBOR;3M;3M;;;;1Y;Act360;Act360;;ModifiedFollowing;ModifiedFollowing;;2D
09.09.2025;2Mx14M;FRA;EUR;0,02127;EURIBOR;3M;3M;;;;3M;Act360;Act360;;ModifiedFollowing;ModifiedFollowing;;2D
09.09.2025;9Y;OIS;USD;0,03407;SOFR;1D;1Y;;;;1Y;Act360;Act360;;ModifiedFollowing;ModifiedFollowing;;2D
09.09.2025;50Y;IRS;EUR;0,028365;EURIBOR;3M;3M;;;;1Y;Act360;Act360;;ModifiedFollowing;ModifiedFollowing;;2D
09.09.2025;15Y;OIS;USD;0,03726;SOFR;1D;1Y;;;;1Y;Act360;Act360;;ModifiedFollowing;ModifiedFollowing;;2D
09.09.2025;2Y;OIS;USD;0,03213;SOFR;1D;1Y;;;;1Y;Act360;Act360;;ModifiedFollowing;ModifiedFollowing;;2D
09.09.2025;3M;DEPOSIT;USD;0,04155;LIBOR;3M;3M;;;;3M;Act360;Act360;;ModifiedFollowing;ModifiedFollowing;;2D
09.09.2025;8M;OIS;EUR;0,019505;EONIA;1D;8M;;;;8M;Act360;Act360;;ModifiedFollowing;ModifiedFollowing;;2D
09.09.2025;6M;DEPOSIT;EUR;0,0189;EURIBOR;6M;6M;;;;6M;Act360;Act360;;ModifiedFollowing;ModifiedFollowing;;2D
09.09.2025;40Y;IRS;EUR;0,028603;EURIBOR;3M;3M;;;;1Y;Act360;Act360;;ModifiedFollowing;ModifiedFollowing;;2D
09.09.2025;3M;DEPOSIT;EUR;0,0199;EURIBOR;3M;3M;;;;3M;Act360;Act360;;ModifiedFollowing;ModifiedFollowing;;2D
09.09.2025;18M;OIS;USD;0,03326;SOFR;1D;1Y;;;;1Y;Act360;Act360;;ModifiedFollowing;ModifiedFollowing;;2D
09.09.2025;3M;IRS;EUR;0,01905;EURIBOR;1M;1M;;;;1Y;Act360;Act360;;ModifiedFollowing;ModifiedFollowing;;2D
09.09.2025;5Y;IRS;EUR;0,0223;EURIBOR;3M;3M;;;;1Y;Act360;Act360;;ModifiedFollowing;ModifiedFollowing;;2D
09.09.2025;12Y;IRS;EUR;0,026925;EURIBOR;3M;3M;;;;1Y;Act360;Act360;;ModifiedFollowing;ModifiedFollowing;;2D
09.09.2025;10M;OIS;EUR;0,019335;EONIA;1D;1Y;;;;1Y;Act360;Act360;;ModifiedFollowing;ModifiedFollowing;;2D
09.09.2025;5Mx8M;FRA;GBP;0,03849;LIBOR;3M;3M;;;;3M;Act360;Act360;;ModifiedFollowing;ModifiedFollowing;;2D
09.09.2025;8Mx11M;FRA;USD;0,03492;LIBOR;3M;3M;;;;3M;Act360;Act360;;ModifiedFollowing;ModifiedFollowing;;2D
09.09.2025;3Y;OIS;GBP;0,03689;SONIA;1D;1Y;;;;1Y;Act360;Act360;;ModifiedFollowing;ModifiedFollowing;;2D
09.09.2025;6M;IRS;EUR;0,01888;EURIBOR;1M;1M;;;;1Y;Act360;Act360;;ModifiedFollowing;ModifiedFollowing;;2D
09.09.2025;4M;OIS;EUR;0,01994;EONIA;1D;4M;;;;4M;Act360;Act360;;ModifiedFollowing;ModifiedFollowing;;2D
09.09.2025;12M;DEPOSIT;EUR;0,0214;EURIBOR;12M;1Y;;;;1Y;Act360;Act360;;ModifiedFollowing;ModifiedFollowing;;2D
09.09.2025;40Y;OIS;USD;0,03711;SOFR;1D;1Y;;;;1Y;Act360;Act360;;ModifiedFollowing;ModifiedFollowing;;2D
09.09.2025;7M;OIS;EUR;0,019605;EONIA;1D;7M;;;;7M;Act360;Act360;;ModifiedFollowing;ModifiedFollowing;;2D
09.09.2025;6M;OIS;EUR;0,01974;EONIA;1D;6M;;;;6M;Act360;Act360;;ModifiedFollowing;ModifiedFollowing;;2D
09.09.2025;5M;IRS;EUR;0,01894;EURIBOR;1M;1M;;;;1Y;Act360;Act360;;ModifiedFollowing;ModifiedFollowing;;2D
09.09.2025;6Mx18M;FRA;EUR;0,0209;EURIBOR;3M;3M;;;;3M;Act360;Act360;;ModifiedFollowing;ModifiedFollowing;;2D
09.09.2025;2M;OIS;EUR;0,02007;EONIA;1D;2M;;;;2M;Act360;Act360;;ModifiedFollowing;ModifiedFollowing;;2D
09.09.2025;6Y;OIS;EUR;0,022475;EONIA;1D;1Y;;;;1Y;Act360;Act360;;ModifiedFollowing;ModifiedFollowing;;2D
09.09.2025;2Mx8M;FRA;EUR;0,02057;EURIBOR;3M;3M;;;;3M;Act360;Act360;;ModifiedFollowing;ModifiedFollowing;;2D
09.09.2025;8Y;OIS;USD;0,03344;SOFR;1D;1Y;;;;1Y;Act360;Act360;;ModifiedFollowing;ModifiedFollowing;;2D
09.09.2025;1Y;OIS;USD;0,03546;SOFR;1D;1Y;;;;1Y;Act360;Act360;;ModifiedFollowing;ModifiedFollowing;;2D
09.09.2025;5Y;OIS;USD;0,03157;SOFR;1D;1Y;;;;1Y;Act360;Act360;;ModifiedFollowing;ModifiedFollowing;;2D
09.09.2025;8M;OIS;GBP;0,03883;SONIA;1D;8M;;;;8M;Act360;Act360;;ModifiedFollowing;ModifiedFollowing;;2D
09.09.2025;3Mx6M;FRA;USD;0,04002;LIBOR;3M;3M;;;;3M;Act360;Act360;;ModifiedFollowing;ModifiedFollowing;;2D
09.09.2025;5Mx11M;FRA;USD;0,03787;LIBOR;3M;3M;;;;3M;Act360;Act360;;ModifiedFollowing;ModifiedFollowing;;2D
09.09.2025;6M;DEPOSIT;USD;0,0411;LIBOR;6M;6M;;;;6M;Act360;Act360;;ModifiedFollowing;ModifiedFollowing;;2D
09.09.2025;8Mx20M;FRA;EUR;0,02096;EURIBOR;3M;3M;;;;3M;Act360;Act360;;ModifiedFollowing;ModifiedFollowing;;2D
09.09.2025;1Mx4M;FRA;EUR;0,02016;EURIBOR;3M;3M;;;;3M;Act360;Act360;;ModifiedFollowing;ModifiedFollowing;;2D
09.09.2025;7M;IRS;EUR;0,01879;EURIBOR;1M;1M;;;;1Y;Act360;Act360;;ModifiedFollowing;ModifiedFollowing;;2D
09.09.2025;40Y;OIS;GBP;0,04567;SONIA;1D;1Y;;;;1Y;Act360;Act360;;ModifiedFollowing;ModifiedFollowing;;2D
09.09.2025;1Mx4M;FRA;USD;0,04157;LIBOR;3M;3M;;;;3M;Act360;Act360;;ModifiedFollowing;ModifiedFollowing;;2D
09.09.2025;15Y;OIS;EUR;0,02759;EONIA;1D;1Y;;;;1Y;Act360;Act360;;ModifiedFollowing;ModifiedFollowing;;2D
09.09.2025;3Mx9M;FRA;USD;0,03964;LIBOR;3M;3M;;;;3M;Act360;Act360;;ModifiedFollowing;ModifiedFollowing;;2D
09.09.2025;11M;OIS;USD;0,03587;SOFR;1D;1Y;;;;1Y;Act360;Act360;;ModifiedFollowing;ModifiedFollowing;;2D
09.09.2025;11Mx23M;FRA;EUR;0,02121;EURIBOR;3M;3M;;;;3M;Act360;Act360;;ModifiedFollowing;ModifiedFollowing;;2D
09.09.2025;50Y;OIS;GBP;0,04474;SONIA;1D;1Y;;;;1Y;Act360;Act360;;ModifiedFollowing;ModifiedFollowing;;2D
09.09.2025;50Y;OIS;USD;0,03591;SOFR;1D;1Y;;;;1Y;Act360;Act360;;ModifiedFollowing;ModifiedFollowing;;2D
09.09.2025;10Y;IRS;EUR;0,02582;EURIBOR;3M;3M;;;;1Y;Act360;Act360;;ModifiedFollowing;ModifiedFollowing;;2D
09.09.2025;5M;OIS;EUR;0,0198;EONIA;1D;5M;;;;5M;Act360;Act360;;ModifiedFollowing;ModifiedFollowing;;2D
09.09.2025;8M;IRS;EUR;0,01871;EURIBOR;1M;1M;;;;1Y;Act360;Act360;;ModifiedFollowing;ModifiedFollowing;;2D
09.09.2025;25Y;OIS;GBP;0,04612;SONIA;1D;1Y;;;;1Y;Act360;Act360;;ModifiedFollowing;ModifiedFollowing;;2D
09.09.2025;4M;IRS;EUR;0,01901;EURIBOR;1M;1M;;;;1Y;Act360;Act360;;ModifiedFollowing;ModifiedFollowing;;2D
09.09.2025;6Mx9M;FRA;GBP;0,03805;LIBOR;3M;3M;;;;3M;Act360;Act360;;ModifiedFollowing;ModifiedFollowing;;2D
09.09.2025;1Mx4M;FRA;GBP;0,04046;LIBOR;3M;3M;;;;3M;Act360;Act360;;ModifiedFollowing;ModifiedFollowing;;2D
09.09.2025;2M;IRS;EUR;0,019;EURIBOR;1M;1M;;;;1Y;Act360;Act360;;ModifiedFollowing;ModifiedFollowing;;2D
09.09.2025;3Mx9M;FRA;EUR;0,02034;EURIBOR;3M;3M;;;;3M;Act360;Act360;;ModifiedFollowing;ModifiedFollowing;;2D
09.09.2025;9Y;OIS;GBP;0,04028;SONIA;1D;1Y;;;;1Y;Act360;Act360;;ModifiedFollowing;ModifiedFollowing;;2D
09.09.2025;4Mx7M;FRA;EUR;0,01945;EURIBOR;3M;3M;;;;3M;Act360;Act360;;ModifiedFollowing;ModifiedFollowing;;2D
09.09.2025;1Mx7M;FRA;USD;0,04175;LIBOR;3M;3M;;;;3M;Act360;Act360;;ModifiedFollowing;ModifiedFollowing;;2D
09.09.2025;1M;DEPOSIT;USD;0,04215;LIBOR;1M;1M;;;;1M;Act360;Act360;;ModifiedFollowing;ModifiedFollowing;;2D
09.09.2025;7M;OIS;GBP;0,03901;SONIA;1D;7M;;;;7M;Act360;Act360;;ModifiedFollowing;ModifiedFollowing;;2D
09.09.2025;10Y;OIS;USD;0,03472;SOFR;1D;1Y;;;;1Y;Act360;Act360;;ModifiedFollowing;ModifiedFollowing;;2D
09.09.2025;4Mx10M;FRA;USD;0,03882;LIBOR;3M;3M;;;;3M;Act360;Act360;;ModifiedFollowing;ModifiedFollowing;;2D
09.09.2025;30Y;OIS;USD;0,03818;SOFR;1D;1Y;;;;1Y;Act360;Act360;;ModifiedFollowing;ModifiedFollowing;;2D
09.09.2025;5Mx11M;FRA;GBP;0,03977;LIBOR;3M;3M;;;;3M;Act360;Act360;;ModifiedFollowing;ModifiedFollowing;;2D
09.09.2025;7Mx10M;FRA;USD;0,03567;LIBOR;3M;3M;;;;3M;Act360;Act360;;ModifiedFollowing;ModifiedFollowing;;2D
09.09.2025;10M;OIS;USD;0,03628;SOFR;1D;1Y;;;;1Y;Act360;Act360;;ModifiedFollowing;ModifiedFollowing;;2D
09.09.2025;9M;IRS;EUR;0,01865;EURIBOR;1M;1M;;;;1Y;Act360;Act360;;ModifiedFollowing;ModifiedFollowing;;2D
09.09.2025;2Y;IRS;EUR;0,019844;EURIBOR;3M;3M;;;;1Y;Act360;Act360;;ModifiedFollowing;ModifiedFollowing;;2D
09.09.2025;12M;DEPOSIT;USD;0,03975;LIBOR;12M;1Y;;;;1Y;Act360;Act360;;ModifiedFollowing;ModifiedFollowing;;2D
09.09.2025;5Y;OIS;EUR;0,021675;EONIA;1D;1Y;;;;1Y;Act360;Act360;;ModifiedFollowing;ModifiedFollowing;;2D
09.09.2025;7D;OIS;EUR;0,02011;EONIA;1D;7D;;;;7D;Act360;Act360;;ModifiedFollowing;ModifiedFollowing;;2D
09.09.2025;4Y;OIS;USD;0,0313;SOFR;1D;1Y;;;;1Y;Act360;Act360;;ModifiedFollowing;ModifiedFollowing;;2D
09.09.2025;5Mx17M;FRA;EUR;0,02094;EURIBOR;3M;3M;;;;3M;Act360;Act360;;ModifiedFollowing;ModifiedFollowing;;2D
09.09.2025;9Y;OIS;EUR;0,024695;EONIA;1D;1Y;;;;1Y;Act360;Act360;;ModifiedFollowing;ModifiedFollowing;;2D
09.09.2025;7D;OIS;GBP;0,03971;SONIA;1D;7D;;;;7D;Act360;Act360;;ModifiedFollowing;ModifiedFollowing;;2D
09.09.2025;9Mx21M;FRA;EUR;0,02102;EURIBOR;3M;3M;;;;3M;Act360;Act360;;ModifiedFollowing;ModifiedFollowing;;2D
09.09.2025;18M;OIS;EUR;0,019025;EONIA;1D;1Y;;;;1Y;Act360;Act360;;ModifiedFollowing;ModifiedFollowing;;2D
09.09.2025;7Mx10M;FRA;GBP;0,03764;LIBOR;3M;3M;;;;3M;Act360;Act360;;ModifiedFollowing;ModifiedFollowing;;2D
09.09.2025;9M;OIS;USD;0,03673;SOFR;1D;9M;;;;9M;Act360;Act360;;ModifiedFollowing;ModifiedFollowing;;2D
09.09.2025;6Y;IRS;EUR;0,022929;EURIBOR;3M;3M;;;;1Y;Act360;Act360;;ModifiedFollowing;ModifiedFollowing;;2D
09.09.2025;3Mx6M;FRA;GBP;0,03959;LIBOR;3M;3M;;;;3M;Act360;Act360;;ModifiedFollowing;ModifiedFollowing;;2D
09.09.2025;1M;DEPOSIT;EUR;0,0196;EURIBOR;1M;1M;;;;1M;Act360;Act360;;ModifiedFollowing;ModifiedFollowing;;2D
09.09.2025;18M;OIS;GBP;0,0373;SONIA;1D;1Y;;;;1Y;Act360;Act360;;ModifiedFollowing;ModifiedFollowing;;2D
09.09.2025;4Mx7M;FRA;USD;0,03811;LIBOR;3M;3M;;;;3M;Act360;Act360;;ModifiedFollowing;ModifiedFollowing;;2D
09.09.2025;12Y;OIS;USD;0,03593;SOFR;1D;1Y;;;;1Y;Act360;Act360;;ModifiedFollowing;ModifiedFollowing;;2D
09.09.2025;10M;IRS;EUR;0,01859;EURIBOR;1M;1M;;;;1Y;Act360;Act360;;ModifiedFollowing;ModifiedFollowing;;2D
09.09.2025;4Mx10M;FRA;EUR;0,02015;EURIBOR;3M;3M;;;;3M;Act360;Act360;;ModifiedFollowing;ModifiedFollowing;;2D
08.09.2025;2Mx14M;FRA;EUR;0,0212;EURIBOR;3M;3M;;;;3M;Act360;Act360;;ModifiedFollowing;ModifiedFollowing;;2D
08.09.2025;9Mx21M;FRA;EUR;0,02093;EURIBOR;3M;3M;;;;3M;Act360;Act360;;ModifiedFollowing;ModifiedFollowing;;2D
08.09.2025;9M;OIS;EUR;0,019385;EONIA;1D;9M;;;;9M;Act360;Act360;;ModifiedFollowing;ModifiedFollowing;;2D
08.09.2025;1Y;OIS;GBP;0,03823;SONIA;1D;1Y;;;;1Y;Act360;Act360;;ModifiedFollowing;ModifiedFollowing;;2D
08.09.2025;7Y;OIS;USD;0,03276;SOFR;1D;1Y;;;;1Y;Act360;Act360;;ModifiedFollowing;ModifiedFollowing;;2D
08.09.2025;10M;OIS;GBP;0,03849;SONIA;1D;1Y;;;;1Y;Act360;Act360;;ModifiedFollowing;ModifiedFollowing;;2D
08.09.2025;1Mx4M;FRA;USD;0,04174;LIBOR;3M;3M;;;;3M;Act360;Act360;;ModifiedFollowing;ModifiedFollowing;;2D
08.09.2025;5M;OIS;EUR;0,01979;EONIA;1D;5M;;;;5M;Act360;Act360;;ModifiedFollowing;ModifiedFollowing;;2D
08.09.2025;6Y;OIS;USD;0,03208;SOFR;1D;1Y;;;;1Y;Act360;Act360;;ModifiedFollowing;ModifiedFollowing;;2D
08.09.2025;25Y;OIS;USD;0,03888;SOFR;1D;1Y;;;;1Y;Act360;Act360;;ModifiedFollowing;ModifiedFollowing;;2D
08.09.2025;4Y;IRS;EUR;0,021376;EURIBOR;3M;3M;;;;1Y;Act360;Act360;;ModifiedFollowing;ModifiedFollowing;;2D
08.09.2025;3Y;OIS;GBP;0,03696;SONIA;1D;1Y;;;;1Y;Act360;Act360;;ModifiedFollowing;ModifiedFollowing;;2D
08.09.2025;12M;DEPOSIT;EUR;0,02035;EURIBOR;12M;1Y;;;;1Y;Act360;Act360;;ModifiedFollowing;ModifiedFollowing;;2D
08.09.2025;5Y;OIS;USD;0,03151;SOFR;1D;1Y;;;;1Y;Act360;Act360;;ModifiedFollowing;ModifiedFollowing;;2D
08.09.2025;8Mx20M;FRA;EUR;0,02088;EURIBOR;3M;3M;;;;3M;Act360;Act360;;ModifiedFollowing;ModifiedFollowing;;2D
08.09.2025;40Y;OIS;GBP;0,04581;SONIA;1D;1Y;;;;1Y;Act360;Act360;;ModifiedFollowing;ModifiedFollowing;;2D
08.09.2025;50Y;IRS;EUR;0,02842;EURIBOR;3M;3M;;;;1Y;Act360;Act360;;ModifiedFollowing;ModifiedFollowing;;2D
08.09.2025;3M;IRS;EUR;0,01903;EURIBOR;1M;1M;;;;1Y;Act360;Act360;;ModifiedFollowing;ModifiedFollowing;;2D
08.09.2025;10M;OIS;EUR;0,019303;EONIA;1D;1Y;;;;1Y;Act360;Act360;;ModifiedFollowing;ModifiedFollowing;;2D
08.09.2025;4Y;OIS;USD;0,03124;SOFR;1D;1Y;;;;1Y;Act360;Act360;;ModifiedFollowing;ModifiedFollowing;;2D
08.09.2025;30Y;OIS;USD;0,03864;SOFR;1D;1Y;;;;1Y;Act360;Act360;;ModifiedFollowing;ModifiedFollowing;;2D
08.09.2025;1M;DEPOSIT;USD;0,04225;LIBOR;1M;1M;;;;1M;Act360;Act360;;ModifiedFollowing;ModifiedFollowing;;2D
08.09.2025;2Mx5M;FRA;USD;0,04044;LIBOR;3M;3M;;;;3M;Act360;Act360;;ModifiedFollowing;ModifiedFollowing;;2D
08.09.2025;4Y;OIS;EUR;0,020715;EONIA;1D;1Y;;;;1Y;Act360;Act360;;ModifiedFollowing;ModifiedFollowing;;2D
08.09.2025;7Mx19M;FRA;EUR;0,02083;EURIBOR;3M;3M;;;;3M;Act360;Act360;;ModifiedFollowing;ModifiedFollowing;;2D
08.09.2025;3Y;OIS;USD;0,03126;SOFR;1D;1Y;;;;1Y;Act360;Act360;;ModifiedFollowing;ModifiedFollowing;;2D
08.09.2025;1Y;IRS;EUR;0,019359;EURIBOR;3M;3M;;;;1Y;Act360;Act360;;ModifiedFollowing;ModifiedFollowing;;2D
08.09.2025;35Y;OIS;USD;0,03809;SOFR;1D;1Y;;;;1Y;Act360;Act360;;ModifiedFollowing;ModifiedFollowing;;2D
08.09.2025;30Y;OIS;GBP;0,04639;SONIA;1D;1Y;;;;1Y;Act360;Act360;;ModifiedFollowing;ModifiedFollowing;;2D
08.09.2025;8Y;OIS;EUR;0,023925;EONIA;1D;1Y;;;;1Y;Act360;Act360;;ModifiedFollowing;ModifiedFollowing;;2D
08.09.2025;2Y;OIS;USD;0,032126;SOFR;1D;1Y;;;;1Y;Act360;Act360;;ModifiedFollowing;ModifiedFollowing;;2D
08.09.2025;3M;DEPOSIT;USD;0,04165;LIBOR;3M;3M;;;;3M;Act360;Act360;;ModifiedFollowing;ModifiedFollowing;;2D
08.09.2025;18M;OIS;USD;0,03326;SOFR;1D;1Y;;;;1Y;Act360;Act360;;ModifiedFollowing;ModifiedFollowing;;2D
08.09.2025;5Y;IRS;EUR;0,022164;EURIBOR;3M;3M;;;;1Y;Act360;Act360;;ModifiedFollowing;ModifiedFollowing;;2D
08.09.2025;40Y;OIS;USD;0,03754;SOFR;1D;1Y;;;;1Y;Act360;Act360;;ModifiedFollowing;ModifiedFollowing;;2D
08.09.2025;6Mx18M;FRA;EUR;0,02083;EURIBOR;3M;3M;;;;3M;Act360;Act360;;ModifiedFollowing;ModifiedFollowing;;2D
08.09.2025;1Y;OIS;USD;0,03549;SOFR;1D;1Y;;;;1Y;Act360;Act360;;ModifiedFollowing;ModifiedFollowing;;2D
08.09.2025;6Y;OIS;EUR;0,022345;EONIA;1D;1Y;;;;1Y;Act360;Act360;;ModifiedFollowing;ModifiedFollowing;;2D
08.09.2025;3Mx6M;FRA;USD;0,04002;LIBOR;3M;3M;;;;3M;Act360;Act360;;ModifiedFollowing;ModifiedFollowing;;2D
08.09.2025;6M;DEPOSIT;USD;0,04105;LIBOR;6M;6M;;;;6M;Act360;Act360;;ModifiedFollowing;ModifiedFollowing;;2D
08.09.2025;4M;OIS;EUR;0,01992;EONIA;1D;4M;;;;4M;Act360;Act360;;ModifiedFollowing;ModifiedFollowing;;2D
08.09.2025;11M;OIS;USD;0,03592;SOFR;1D;1Y;;;;1Y;Act360;Act360;;ModifiedFollowing;ModifiedFollowing;;2D
08.09.2025;5Mx11M;FRA;USD;0,03783;LIBOR;3M;3M;;;;3M;Act360;Act360;;ModifiedFollowing;ModifiedFollowing;;2D
08.09.2025;50Y;OIS;USD;0,03634;SOFR;1D;1Y;;;;1Y;Act360;Act360;;ModifiedFollowing;ModifiedFollowing;;2D
08.09.2025;25Y;OIS;GBP;0,04628;SONIA;1D;1Y;;;;1Y;Act360;Act360;;ModifiedFollowing;ModifiedFollowing;;2D
08.09.2025;5M;IRS;EUR;0,01892;EURIBOR;1M;1M;;;;1Y;Act360;Act360;;ModifiedFollowing;ModifiedFollowing;;2D
08.09.2025;10M;OIS;USD;0,03636;SOFR;1D;1Y;;;;1Y;Act360;Act360;;ModifiedFollowing;ModifiedFollowing;;2D
08.09.2025;18M;OIS;GBP;0,03733;SONIA;1D;1Y;;;;1Y;Act360;Act360;;ModifiedFollowing;ModifiedFollowing;;2D
08.09.2025;5Mx11M;FRA;GBP;0,03976;LIBOR;3M;3M;;;;3M;Act360;Act360;;ModifiedFollowing;ModifiedFollowing;;2D
08.09.2025;12M;DEPOSIT;USD;0,03985;LIBOR;12M;1Y;;;;1Y;Act360;Act360;;ModifiedFollowing;ModifiedFollowing;;2D
08.09.2025;5Mx17M;FRA;EUR;0,02088;EURIBOR;3M;3M;;;;3M;Act360;Act360;;ModifiedFollowing;ModifiedFollowing;;2D
08.09.2025;3Mx6M;FRA;GBP;0,03954;LIBOR;3M;3M;;;;3M;Act360;Act360;;ModifiedFollowing;ModifiedFollowing;;2D
08.09.2025;7D;OIS;GBP;0,0397;SONIA;1D;7D;;;;7D;Act360;Act360;;ModifiedFollowing;ModifiedFollowing;;2D
08.09.2025;9M;OIS;USD;0,03679;SOFR;1D;9M;;;;9M;Act360;Act360;;ModifiedFollowing;ModifiedFollowing;;2D
08.09.2025;6Y;IRS;EUR;0,022925;EURIBOR;3M;3M;;;;1Y;Act360;Act360;;ModifiedFollowing;ModifiedFollowing;;2D
08.09.2025;15Y;IRS;EUR;0,028075;EURIBOR;3M;3M;;;;1Y;Act360;Act360;;ModifiedFollowing;ModifiedFollowing;;2D
08.09.2025;30Y;OIS;EUR;0,02863;EONIA;1D;1Y;;;;1Y;Act360;Act360;;ModifiedFollowing;ModifiedFollowing;;2D
08.09.2025;20Y;OIS;GBP;0,0456;SONIA;1D;1Y;;;;1Y;Act360;Act360;;ModifiedFollowing;ModifiedFollowing;;2D
08.09.2025;3Y;OIS;EUR;0,019883;EONIA;1D;1Y;;;;1Y;Act360;Act360;;ModifiedFollowing;ModifiedFollowing;;2D
08.09.2025;8M;OIS;USD;0,03723;SOFR;1D;8M;;;;8M;Act360;Act360;;ModifiedFollowing;ModifiedFollowing;;2D
08.09.2025;14D;OIS;GBP;0,0397;SONIA;1D;14D;;;;14D;Act360;Act360;;ModifiedFollowing;ModifiedFollowing;;2D
08.09.2025;1M;DEPOSIT;GBP;0,0406;LIBOR;1M;1M;;;;1M;Act360;Act360;;ModifiedFollowing;ModifiedFollowing;;2D
08.09.2025;4Mx7M;FRA;USD;0,03813;LIBOR;3M;3M;;;;3M;Act360;Act360;;ModifiedFollowing;ModifiedFollowing;;2D
08.09.2025;5Y;OIS;GBP;0,03765;SONIA;1D;1Y;;;;1Y;Act360;Act360;;ModifiedFollowing;ModifiedFollowing;;2D
08.09.2025;4Mx10M;FRA;GBP;0,04017;LIBOR;3M;3M;;;;3M;Act360;Act360;;ModifiedFollowing;ModifiedFollowing;;2D
08.09.2025;7M;OIS;USD;0,0377;SOFR;1D;7M;;;;7M;Act360;Act360;;ModifiedFollowing;ModifiedFollowing;;2D
08.09.2025;4Mx16M;FRA;EUR;0,02095;EURIBOR;3M;3M;;;;3M;Act360;Act360;;ModifiedFollowing;ModifiedFollowing;;2D
08.09.2025;6Mx9M;FRA;EUR;0,01901;EURIBOR;3M;3M;;;;3M;Act360;Act360;;ModifiedFollowing;ModifiedFollowing;;2D
08.09.2025;20Y;IRS;EUR;0,02891;EURIBOR;3M;3M;;;;1Y;Act360;Act360;;ModifiedFollowing;ModifiedFollowing;;2D
08.09.2025;14D;OIS;EUR;0,0202305;EONIA;1D;14D;;;;14D;Act360;Act360;;ModifiedFollowing;ModifiedFollowing;;2D
08.09.2025;6M;OIS;USD;0,03821;SOFR;1D;6M;;;;6M;Act360;Act360;;ModifiedFollowing;ModifiedFollowing;;2D
08.09.2025;1M;OIS;GBP;0,0397;SONIA;1D;1M;;;;1M;Act360;Act360;;ModifiedFollowing;ModifiedFollowing;;2D
08.09.2025;15Y;OIS;GBP;0,04401;SONIA;1D;1Y;;;;1Y;Act360;Act360;;ModifiedFollowing;ModifiedFollowing;;2D
08.09.2025;8Mx11M;FRA;EUR;0,01881;EURIBOR;3M;3M;;;;3M;Act360;Act360;;ModifiedFollowing;ModifiedFollowing;;2D
08.09.2025;3M;DEPOSIT;GBP;0,0413;LIBOR;3M;3M;;;;3M;Act360;Act360;;ModifiedFollowing;ModifiedFollowing;;2D
08.09.2025;7Y;IRS;EUR;0,023705;EURIBOR;3M;3M;;;;1Y;Act360;Act360;;ModifiedFollowing;ModifiedFollowing;;2D
08.09.2025;3Mx9M;FRA;GBP;0,04055;LIBOR;3M;3M;;;;3M;Act360;Act360;;ModifiedFollowing;ModifiedFollowing;;2D
08.09.2025;3Mx15M;FRA;EUR;0,02106;EURIBOR;3M;3M;;;;3M;Act360;Act360;;ModifiedFollowing;ModifiedFollowing;;2D
08.09.2025;5M;OIS;USD;0,03867;SOFR;1D;5M;;;;5M;Act360;Act360;;ModifiedFollowing;ModifiedFollowing;;2D
08.09.2025;2M;OIS;GBP;0,03973;SONIA;1D;2M;;;;2M;Act360;Act360;;ModifiedFollowing;ModifiedFollowing;;2D
08.09.2025;6M;DEPOSIT;GBP;0,042;LIBOR;6M;6M;;;;6M;Act360;Act360;;ModifiedFollowing;ModifiedFollowing;;2D
08.09.2025;4M;OIS;USD;0,03922;SOFR;1D;4M;;;;4M;Act360;Act360;;ModifiedFollowing;ModifiedFollowing;;2D
08.09.2025;60Y;IRS;EUR;0,02793;EURIBOR;3M;3M;;;;1Y;Act360;Act360;;ModifiedFollowing;ModifiedFollowing;;2D
08.09.2025;5Mx8M;FRA;USD;0,03725;LIBOR;3M;3M;;;;3M;Act360;Act360;;ModifiedFollowing;ModifiedFollowing;;2D
08.09.2025;2Mx8M;FRA;GBP;0,04103;LIBOR;3M;3M;;;;3M;Act360;Act360;;ModifiedFollowing;ModifiedFollowing;;2D
08.09.2025;11M;OIS;EUR;0,01926;EONIA;1D;1Y;;;;1Y;Act360;Act360;;ModifiedFollowing;ModifiedFollowing;;2D
08.09.2025;3M;OIS;USD;0,0401;SOFR;1D;3M;;;;3M;Act360;Act360;;ModifiedFollowing;ModifiedFollowing;;2D
08.09.2025;20Y;OIS;EUR;0,02848;EONIA;1D;1Y;;;;1Y;Act360;Act360;;ModifiedFollowing;ModifiedFollowing;;2D
08.09.2025;12M;DEPOSIT;GBP;0,0423;LIBOR;12M;1Y;;;;1Y;Act360;Act360;;ModifiedFollowing;ModifiedFollowing;;2D
08.09.2025;25Y;IRS;EUR;0,02903;EURIBOR;3M;3M;;;;1Y;Act360;Act360;;ModifiedFollowing;ModifiedFollowing;;2D
08.09.2025;11M;OIS;GBP;0,03835;SONIA;1D;1Y;;;;1Y;Act360;Act360;;ModifiedFollowing;ModifiedFollowing;;2D
08.09.2025;3M;OIS;GBP;0,03963;SONIA;1D;3M;;;;3M;Act360;Act360;;ModifiedFollowing;ModifiedFollowing;;2D
08.09.2025;2M;OIS;USD;0,04069;SOFR;1D;2M;;;;2M;Act360;Act360;;ModifiedFollowing;ModifiedFollowing;;2D
08.09.2025;12Y;OIS;GBP;0,04242;SONIA;1D;1Y;;;;1Y;Act360;Act360;;ModifiedFollowing;ModifiedFollowing;;2D
08.09.2025;7Y;OIS;GBP;0,03892;SONIA;1D;1Y;;;;1Y;Act360;Act360;;ModifiedFollowing;ModifiedFollowing;;2D
08.09.2025;8Y;IRS;EUR;0,02444;EURIBOR;3M;3M;;;;1Y;Act360;Act360;;ModifiedFollowing;ModifiedFollowing;;2D
08.09.2025;2Y;OIS;EUR;0,01915;EONIA;1D;1Y;;;;1Y;Act360;Act360;;ModifiedFollowing;ModifiedFollowing;;2D
08.09.2025;1Mx7M;FRA;GBP;0,04154;LIBOR;3M;3M;;;;3M;Act360;Act360;;ModifiedFollowing;ModifiedFollowing;;2D
08.09.2025;6Y;OIS;GBP;0,03824;SONIA;1D;1Y;;;;1Y;Act360;Act360;;ModifiedFollowing;ModifiedFollowing;;2D
08.09.2025;1Mx13M;FRA;EUR;0,02136;EURIBOR;3M;3M;;;;3M;Act360;Act360;;ModifiedFollowing;ModifiedFollowing;;2D
08.09.2025;1M;OIS;USD;0,04135;SOFR;1D;1M;;;;1M;Act360;Act360;;ModifiedFollowing;ModifiedFollowing;;2D
08.09.2025;2Y;OIS;GBP;0,03706;SONIA;1D;1Y;;;;1Y;Act360;Act360;;ModifiedFollowing;ModifiedFollowing;;2D
08.09.2025;4M;OIS;GBP;0,0395;SONIA;1D;4M;;;;4M;Act360;Act360;;ModifiedFollowing;ModifiedFollowing;;2D
08.09.2025;7Y;OIS;EUR;0,023155;EONIA;1D;1Y;;;;1Y;Act360;Act360;;ModifiedFollowing;ModifiedFollowing;;2D
08.09.2025;14D;OIS;USD;0,04215;SOFR;1D;14D;;;;14D;Act360;Act360;;ModifiedFollowing;ModifiedFollowing;;2D
08.09.2025;8Mx11M;FRA;GBP;0,03732;LIBOR;3M;3M;;;;3M;Act360;Act360;;ModifiedFollowing;ModifiedFollowing;;2D
08.09.2025;5Mx11M;FRA;EUR;0,01992;EURIBOR;3M;3M;;;;3M;Act360;Act360;;ModifiedFollowing;ModifiedFollowing;;2D
08.09.2025;7D;OIS;USD;0,04331;SOFR;1D;7D;;;;7D;Act360;Act360;;ModifiedFollowing;ModifiedFollowing;;2D
08.09.2025;5M;OIS;GBP;0,03938;SONIA;1D;5M;;;;5M;Act360;Act360;;ModifiedFollowing;ModifiedFollowing;;2D
08.09.2025;6Mx9M;FRA;USD;0,0365;LIBOR;3M;3M;;;;3M;Act360;Act360;;ModifiedFollowing;ModifiedFollowing;;2D
08.09.2025;9Y;IRS;EUR;0,025135;EURIBOR;3M;3M;;;;1Y;Act360;Act360;;ModifiedFollowing;ModifiedFollowing;;2D
08.09.2025;11Y;IRS;EUR;0,02637;EURIBOR;3M;3M;;;;1Y;Act360;Act360;;ModifiedFollowing;ModifiedFollowing;;2D
08.09.2025;1M;OIS;EUR;0,02011;EONIA;1D;1M;;;;1M;Act360;Act360;;ModifiedFollowing;ModifiedFollowing;;2D
08.09.2025;8M;OIS;EUR;0,019475;EONIA;1D;8M;;;;8M;Act360;Act360;;ModifiedFollowing;ModifiedFollowing;;2D
08.09.2025;11M;IRS;EUR;0,01851;EURIBOR;1M;1M;;;;1Y;Act360;Act360;;ModifiedFollowing;ModifiedFollowing;;2D
08.09.2025;2Mx8M;FRA;USD;0,0407;LIBOR;3M;3M;;;;3M;Act360;Act360;;ModifiedFollowing;ModifiedFollowing;;2D
08.09.2025;10Y;OIS;GBP;0,0411;SONIA;1D;1Y;;;;1Y;Act360;Act360;;ModifiedFollowing;ModifiedFollowing;;2D
08.09.2025;7Mx10M;FRA;GBP;0,03765;LIBOR;3M;3M;;;;3M;Act360;Act360;;ModifiedFollowing;ModifiedFollowing;;2D
08.09.2025;30Y;IRS;EUR;0,029;EURIBOR;3M;3M;;;;1Y;Act360;Act360;;ModifiedFollowing;ModifiedFollowing;;2D
08.09.2025;4Mx10M;FRA;EUR;0,02011;EURIBOR;3M;3M;;;;3M;Act360;Act360;;ModifiedFollowing;ModifiedFollowing;;2D
08.09.2025;6M;OIS;GBP;0,03917;SONIA;1D;6M;;;;6M;Act360;Act360;;ModifiedFollowing;ModifiedFollowing;;2D
08.09.2025;10M;IRS;EUR;0,01855;EURIBOR;1M;1M;;;;1Y;Act360;Act360;;ModifiedFollowing;ModifiedFollowing;;2D
08.09.2025;4Mx7M;FRA;EUR;0,01944;EURIBOR;3M;3M;;;;3M;Act360;Act360;;ModifiedFollowing;ModifiedFollowing;;2D
08.09.2025;1Mx7M;FRA;USD;0,0418;LIBOR;3M;3M;;;;3M;Act360;Act360;;ModifiedFollowing;ModifiedFollowing;;2D
08.09.2025;18M;OIS;EUR;0,018983;EONIA;1D;1Y;;;;1Y;Act360;Act360;;ModifiedFollowing;ModifiedFollowing;;2D
08.09.2025;9M;IRS;EUR;0,01861;EURIBOR;1M;1M;;;;1Y;Act360;Act360;;ModifiedFollowing;ModifiedFollowing;;2D
08.09.2025;7Mx10M;FRA;USD;0,03568;LIBOR;3M;3M;;;;3M;Act360;Act360;;ModifiedFollowing;ModifiedFollowing;;2D
08.09.2025;7M;OIS;GBP;0,03899;SONIA;1D;7M;;;;7M;Act360;Act360;;ModifiedFollowing;ModifiedFollowing;;2D
08.09.2025;3Mx9M;FRA;EUR;0,0203;EURIBOR;3M;3M;;;;3M;Act360;Act360;;ModifiedFollowing;ModifiedFollowing;;2D
08.09.2025;9Y;OIS;GBP;0,04038;SONIA;1D;1Y;;;;1Y;Act360;Act360;;ModifiedFollowing;ModifiedFollowing;;2D
08.09.2025;7D;OIS;EUR;0,02011;EONIA;1D;7D;;;;7D;Act360;Act360;;ModifiedFollowing;ModifiedFollowing;;2D
08.09.2025;6Mx9M;FRA;GBP;0,03803;LIBOR;3M;3M;;;;3M;Act360;Act360;;ModifiedFollowing;ModifiedFollowing;;2D
08.09.2025;8M;IRS;EUR;0,01868;EURIBOR;1M;1M;;;;1Y;Act360;Act360;;ModifiedFollowing;ModifiedFollowing;;2D
08.09.2025;15Y;OIS;EUR;0,0276;EONIA;1D;1Y;;;;1Y;Act360;Act360;;ModifiedFollowing;ModifiedFollowing;;2D
08.09.2025;6M;OIS;EUR;0,019707;EONIA;1D;6M;;;;6M;Act360;Act360;;ModifiedFollowing;ModifiedFollowing;;2D
08.09.2025;7M;IRS;EUR;0,01877;EURIBOR;1M;1M;;;;1Y;Act360;Act360;;ModifiedFollowing;ModifiedFollowing;;2D
08.09.2025;10Y;IRS;EUR;0,02577;EURIBOR;3M;3M;;;;1Y;Act360;Act360;;ModifiedFollowing;ModifiedFollowing;;2D
08.09.2025;1Mx4M;FRA;GBP;0,04053;LIBOR;3M;3M;;;;3M;Act360;Act360;;ModifiedFollowing;ModifiedFollowing;;2D
08.09.2025;8M;OIS;GBP;0,03882;SONIA;1D;8M;;;;8M;Act360;Act360;;ModifiedFollowing;ModifiedFollowing;;2D
08.09.2025;2Mx8M;FRA;EUR;0,02052;EURIBOR;3M;3M;;;;3M;Act360;Act360;;ModifiedFollowing;ModifiedFollowing;;2D
08.09.2025;6M;IRS;EUR;0,01885;EURIBOR;1M;1M;;;;1Y;Act360;Act360;;ModifiedFollowing;ModifiedFollowing;;2D
08.09.2025;12Y;IRS;EUR;0,026895;EURIBOR;3M;3M;;;;1Y;Act360;Act360;;ModifiedFollowing;ModifiedFollowing;;2D
08.09.2025;5Mx8M;FRA;GBP;0,03847;LIBOR;3M;3M;;;;3M;Act360;Act360;;ModifiedFollowing;ModifiedFollowing;;2D
08.09.2025;8Mx11M;FRA;USD;0,03482;LIBOR;3M;3M;;;;3M;Act360;Act360;;ModifiedFollowing;ModifiedFollowing;;2D
08.09.2025;2M;OIS;EUR;0,02006;EONIA;1D;2M;;;;2M;Act360;Act360;;ModifiedFollowing;ModifiedFollowing;;2D
08.09.2025;40Y;IRS;EUR;0,02879;EURIBOR;3M;3M;;;;1Y;Act360;Act360;;ModifiedFollowing;ModifiedFollowing;;2D
08.09.2025;2Mx5M;FRA;GBP;0,04004;LIBOR;3M;3M;;;;3M;Act360;Act360;;ModifiedFollowing;ModifiedFollowing;;2D
08.09.2025;9M;OIS;GBP;0,03864;SONIA;1D;9M;;;;9M;Act360;Act360;;ModifiedFollowing;ModifiedFollowing;;2D
08.09.2025;3Mx6M;FRA;EUR;0,01968;EURIBOR;3M;3M;;;;3M;Act360;Act360;;ModifiedFollowing;ModifiedFollowing;;2D
08.09.2025;8Y;OIS;GBP;0,03965;SONIA;1D;1Y;;;;1Y;Act360;Act360;;ModifiedFollowing;ModifiedFollowing;;2D
08.09.2025;7M;OIS;EUR;0,019595;EONIA;1D;7M;;;;7M;Act360;Act360;;ModifiedFollowing;ModifiedFollowing;;2D
08.09.2025;1Mx7M;FRA;EUR;0,02073;EURIBOR;3M;3M;;;;3M;Act360;Act360;;ModifiedFollowing;ModifiedFollowing;;2D
08.09.2025;10Y;OIS;EUR;0,025263;EONIA;1D;1Y;;;;1Y;Act360;Act360;;ModifiedFollowing;ModifiedFollowing;;2D
08.09.2025;2Mx5M;FRA;EUR;0,01996;EURIBOR;3M;3M;;;;3M;Act360;Act360;;ModifiedFollowing;ModifiedFollowing;;2D
08.09.2025;7Mx10M;FRA;EUR;0,01888;EURIBOR;3M;3M;;;;3M;Act360;Act360;;ModifiedFollowing;ModifiedFollowing;;2D
08.09.2025;4Mx7M;FRA;GBP;0,03899;LIBOR;3M;3M;;;;3M;Act360;Act360;;ModifiedFollowing;ModifiedFollowing;;2D
08.09.2025;3Mx9M;FRA;USD;0,0396;LIBOR;3M;3M;;;;3M;Act360;Act360;;ModifiedFollowing;ModifiedFollowing;;2D
08.09.2025;4Y;OIS;GBP;0,03722;SONIA;1D;1Y;;;;1Y;Act360;Act360;;ModifiedFollowing;ModifiedFollowing;;2D
08.09.2025;5Mx8M;FRA;EUR;0,0192;EURIBOR;3M;3M;;;;3M;Act360;Act360;;ModifiedFollowing;ModifiedFollowing;;2D
08.09.2025;12Y;OIS;USD;0,03609;SOFR;1D;1Y;;;;1Y;Act360;Act360;;ModifiedFollowing;ModifiedFollowing;;2D
08.09.2025;1M;DEPOSIT;EUR;0,0196;EURIBOR;1M;1M;;;;1M;Act360;Act360;;ModifiedFollowing;ModifiedFollowing;;2D
08.09.2025;5Y;OIS;EUR;0,021545;EONIA;1D;1Y;;;;1Y;Act360;Act360;;ModifiedFollowing;ModifiedFollowing;;2D
08.09.2025;10Y;OIS;USD;0,03484;SOFR;1D;1Y;;;;1Y;Act360;Act360;;ModifiedFollowing;ModifiedFollowing;;2D
08.09.2025;9Y;OIS;EUR;0,024635;EONIA;1D;1Y;;;;1Y;Act360;Act360;;ModifiedFollowing;ModifiedFollowing;;2D
08.09.2025;1Mx4M;FRA;EUR;0,02019;EURIBOR;3M;3M;;;;3M;Act360;Act360;;ModifiedFollowing;ModifiedFollowing;;2D
08.09.2025;11Mx23M;FRA;EUR;0,02112;EURIBOR;3M;3M;;;;3M;Act360;Act360;;ModifiedFollowing;ModifiedFollowing;;2D
08.09.2025;2M;IRS;EUR;0,01899;EURIBOR;1M;1M;;;;1Y;Act360;Act360;;ModifiedFollowing;ModifiedFollowing;;2D
08.09.2025;4M;IRS;EUR;0,01899;EURIBOR;1M;1M;;;;1Y;Act360;Act360;;ModifiedFollowing;ModifiedFollowing;;2D
08.09.2025;3M;DEPOSIT;EUR;0,0199;EURIBOR;3M;3M;;;;3M;Act360;Act360;;ModifiedFollowing;ModifiedFollowing;;2D
08.09.2025;15Y;OIS;USD;0,03746;SOFR;1D;1Y;;;;1Y;Act360;Act360;;ModifiedFollowing;ModifiedFollowing;;2D
08.09.2025;9Y;OIS;USD;0,03416;SOFR;1D;1Y;;;;1Y;Act360;Act360;;ModifiedFollowing;ModifiedFollowing;;2D
08.09.2025;3Y;IRS;EUR;0,020568;EURIBOR;3M;3M;;;;1Y;Act360;Act360;;ModifiedFollowing;ModifiedFollowing;;2D
08.09.2025;1Y;OIS;EUR;0,01915;EONIA;1D;1Y;;;;1Y;Act360;Act360;;ModifiedFollowing;ModifiedFollowing;;2D
08.09.2025;3M;OIS;EUR;0,02006;EONIA;1D;3M;;;;3M;Act360;Act360;;ModifiedFollowing;ModifiedFollowing;;2D
08.09.2025;10Mx22M;FRA;EUR;0,02101;EURIBOR;3M;3M;;;;3M;Act360;Act360;;ModifiedFollowing;ModifiedFollowing;;2D
08.09.2025;2Y;IRS;EUR;0,019846;EURIBOR;3M;3M;;;;1Y;Act360;Act360;;ModifiedFollowing;ModifiedFollowing;;2D
08.09.2025;50Y;OIS;GBP;0,04488;SONIA;1D;1Y;;;;1Y;Act360;Act360;;ModifiedFollowing;ModifiedFollowing;;2D
08.09.2025;4Mx10M;FRA;USD;0,03872;LIBOR;3M;3M;;;;3M;Act360;Act360;;ModifiedFollowing;ModifiedFollowing;;2D
08.09.2025;8Y;OIS;USD;0,03348;SOFR;1D;1Y;;;;1Y;Act360;Act360;;ModifiedFollowing;ModifiedFollowing;;2D
08.09.2025;6M;DEPOSIT;EUR;0,0189;EURIBOR;6M;6M;;;;6M;Act360;Act360;;ModifiedFollowing;ModifiedFollowing;;2D
08.09.2025;20Y;OIS;USD;0,03863;SOFR;1D;1Y;;;;1Y;Act360;Act360;;ModifiedFollowing;ModifiedFollowing;;2D
05.09.2025;1M;DEPOSIT;EUR;0,0196;EURIBOR;1M;1M;;;;1M;Act360;Act360;;ModifiedFollowing;ModifiedFollowing;;2D
05.09.2025;5Mx11M;FRA;USD;0,03909;LIBOR;3M;3M;;;;3M;Act360;Act360;;ModifiedFollowing;ModifiedFollowing;;2D
05.09.2025;9Mx21M;FRA;EUR;0,02119;EURIBOR;3M;3M;;;;3M;Act360;Act360;;ModifiedFollowing;ModifiedFollowing;;2D
05.09.2025;30Y;IRS;EUR;0,029405;EURIBOR;3M;3M;;;;1Y;Act360;Act360;;ModifiedFollowing;ModifiedFollowing;;2D
05.09.2025;4Mx10M;FRA;EUR;0,0203;EURIBOR;3M;3M;;;;3M;Act360;Act360;;ModifiedFollowing;ModifiedFollowing;;2D
05.09.2025;30Y;OIS;EUR;0,02905;EONIA;1D;1Y;;;;1Y;Act360;Act360;;ModifiedFollowing;ModifiedFollowing;;2D
05.09.2025;6M;OIS;GBP;0,03933;SONIA;1D;6M;;;;6M;Act360;Act360;;ModifiedFollowing;ModifiedFollowing;;2D
05.09.2025;4Mx7M;FRA;EUR;0,0196;EURIBOR;3M;3M;;;;3M;Act360;Act360;;ModifiedFollowing;ModifiedFollowing;;2D
05.09.2025;20Y;OIS;GBP;0,0461;SONIA;1D;1Y;;;;1Y;Act360;Act360;;ModifiedFollowing;ModifiedFollowing;;2D
05.09.2025;10M;IRS;EUR;0,0187;EURIBOR;1M;1M;;;;1Y;Act360;Act360;;ModifiedFollowing;ModifiedFollowing;;2D
05.09.2025;15Y;IRS;EUR;0,028514;EURIBOR;3M;3M;;;;1Y;Act360;Act360;;ModifiedFollowing;ModifiedFollowing;;2D
05.09.2025;6Y;IRS;EUR;0,02337;EURIBOR;3M;3M;;;;1Y;Act360;Act360;;ModifiedFollowing;ModifiedFollowing;;2D
05.09.2025;30Y;OIS;USD;0,03948;SOFR;1D;1Y;;;;1Y;Act360;Act360;;ModifiedFollowing;ModifiedFollowing;;2D
05.09.2025;9M;OIS;USD;0,03779;SOFR;1D;9M;;;;9M;Act360;Act360;;ModifiedFollowing;ModifiedFollowing;;2D
05.09.2025;10Y;OIS;USD;0,03569;SOFR;1D;1Y;;;;1Y;Act360;Act360;;ModifiedFollowing;ModifiedFollowing;;2D
05.09.2025;18M;OIS;EUR;0,019155;EONIA;1D;1Y;;;;1Y;Act360;Act360;;ModifiedFollowing;ModifiedFollowing;;2D
05.09.2025;4Y;OIS;USD;0,03199;SOFR;1D;1Y;;;;1Y;Act360;Act360;;ModifiedFollowing;ModifiedFollowing;;2D
05.09.2025;7D;OIS;GBP;0,0397;SONIA;1D;7D;;;;7D;Act360;Act360;;ModifiedFollowing;ModifiedFollowing;;2D
05.09.2025;5Mx17M;FRA;EUR;0,02107;EURIBOR;3M;3M;;;;3M;Act360;Act360;;ModifiedFollowing;ModifiedFollowing;;2D
05.09.2025;12M;DEPOSIT;USD;0,04105;LIBOR;12M;1Y;;;;1Y;Act360;Act360;;ModifiedFollowing;ModifiedFollowing;;2D
05.09.2025;5M;IRS;EUR;0,019;EURIBOR;1M;1M;;;;1Y;Act360;Act360;;ModifiedFollowing;ModifiedFollowing;;2D
05.09.2025;9M;IRS;EUR;0,01875;EURIBOR;1M;1M;;;;1Y;Act360;Act360;;ModifiedFollowing;ModifiedFollowing;;2D
05.09.2025;1Mx4M;FRA;EUR;0,02035;EURIBOR;3M;3M;;;;3M;Act360;Act360;;ModifiedFollowing;ModifiedFollowing;;2D
05.09.2025;10Y;OIS;EUR;0,025726;EONIA;1D;1Y;;;;1Y;Act360;Act360;;ModifiedFollowing;ModifiedFollowing;;2D
05.09.2025;3Mx6M;FRA;GBP;0,03979;LIBOR;3M;3M;;;;3M;Act360;Act360;;ModifiedFollowing;ModifiedFollowing;;2D
05.09.2025;7Mx10M;FRA;USD;0,03694;LIBOR;3M;3M;;;;3M;Act360;Act360;;ModifiedFollowing;ModifiedFollowing;;2D
05.09.2025;5Mx11M;FRA;GBP;0,03995;LIBOR;3M;3M;;;;3M;Act360;Act360;;ModifiedFollowing;ModifiedFollowing;;2D
05.09.2025;10M;OIS;USD;0,0374;SOFR;1D;1Y;;;;1Y;Act360;Act360;;ModifiedFollowing;ModifiedFollowing;;2D
05.09.2025;3Mx9M;FRA;EUR;0,02044;EURIBOR;3M;3M;;;;3M;Act360;Act360;;ModifiedFollowing;ModifiedFollowing;;2D
05.09.2025;1Mx7M;FRA;USD;0,04281;LIBOR;3M;3M;;;;3M;Act360;Act360;;ModifiedFollowing;ModifiedFollowing;;2D
05.09.2025;7M;OIS;GBP;0,03915;SONIA;1D;7M;;;;7M;Act360;Act360;;ModifiedFollowing;ModifiedFollowing;;2D
05.09.2025;4M;OIS;EUR;0,01996;EONIA;1D;4M;;;;4M;Act360;Act360;;ModifiedFollowing;ModifiedFollowing;;2D
05.09.2025;5Y;OIS;EUR;0,021952;EONIA;1D;1Y;;;;1Y;Act360;Act360;;ModifiedFollowing;ModifiedFollowing;;2D
05.09.2025;9Y;OIS;GBP;0,04092;SONIA;1D;1Y;;;;1Y;Act360;Act360;;ModifiedFollowing;ModifiedFollowing;;2D
05.09.2025;6M;OIS;EUR;0,019757;EONIA;1D;6M;;;;6M;Act360;Act360;;ModifiedFollowing;ModifiedFollowing;;2D
05.09.2025;6Y;OIS;GBP;0,03876;SONIA;1D;1Y;;;;1Y;Act360;Act360;;ModifiedFollowing;ModifiedFollowing;;2D
05.09.2025;5M;OIS;EUR;0,01982;EONIA;1D;5M;;;;5M;Act360;Act360;;ModifiedFollowing;ModifiedFollowing;;2D
05.09.2025;6Mx9M;FRA;GBP;0,03834;LIBOR;3M;3M;;;;3M;Act360;Act360;;ModifiedFollowing;ModifiedFollowing;;2D
05.09.2025;50Y;OIS;GBP;0,04538;SONIA;1D;1Y;;;;1Y;Act360;Act360;;ModifiedFollowing;ModifiedFollowing;;2D
05.09.2025;18M;OIS;GBP;0,03761;SONIA;1D;1Y;;;;1Y;Act360;Act360;;ModifiedFollowing;ModifiedFollowing;;2D
05.09.2025;8M;IRS;EUR;0,0188;EURIBOR;1M;1M;;;;1Y;Act360;Act360;;ModifiedFollowing;ModifiedFollowing;;2D
05.09.2025;8Mx20M;FRA;EUR;0,02112;EURIBOR;3M;3M;;;;3M;Act360;Act360;;ModifiedFollowing;ModifiedFollowing;;2D
05.09.2025;25Y;OIS;GBP;0,04677;SONIA;1D;1Y;;;;1Y;Act360;Act360;;ModifiedFollowing;ModifiedFollowing;;2D
05.09.2025;50Y;OIS;USD;0,03719;SOFR;1D;1Y;;;;1Y;Act360;Act360;;ModifiedFollowing;ModifiedFollowing;;2D
05.09.2025;15Y;OIS;EUR;0,028045;EONIA;1D;1Y;;;;1Y;Act360;Act360;;ModifiedFollowing;ModifiedFollowing;;2D
05.09.2025;11M;OIS;USD;0,03695;SOFR;1D;1Y;;;;1Y;Act360;Act360;;ModifiedFollowing;ModifiedFollowing;;2D
05.09.2025;1Y;OIS;GBP;0,03846;SONIA;1D;1Y;;;;1Y;Act360;Act360;;ModifiedFollowing;ModifiedFollowing;;2D
05.09.2025;7D;OIS;EUR;0,019255;EONIA;1D;7D;;;;7D;Act360;Act360;;ModifiedFollowing;ModifiedFollowing;;2D
05.09.2025;40Y;OIS;GBP;0,04631;SONIA;1D;1Y;;;;1Y;Act360;Act360;;ModifiedFollowing;ModifiedFollowing;;2D
05.09.2025;9Y;OIS;EUR;0,025075;EONIA;1D;1Y;;;;1Y;Act360;Act360;;ModifiedFollowing;ModifiedFollowing;;2D
05.09.2025;7M;IRS;EUR;0,01888;EURIBOR;1M;1M;;;;1Y;Act360;Act360;;ModifiedFollowing;ModifiedFollowing;;2D
05.09.2025;1Mx4M;FRA;USD;0,04252;LIBOR;3M;3M;;;;3M;Act360;Act360;;ModifiedFollowing;ModifiedFollowing;;2D
05.09.2025;3Mx6M;FRA;USD;0,04033;LIBOR;3M;3M;;;;3M;Act360;Act360;;ModifiedFollowing;ModifiedFollowing;;2D
05.09.2025;10Y;IRS;EUR;0,02621;EURIBOR;3M;3M;;;;1Y;Act360;Act360;;ModifiedFollowing;ModifiedFollowing;;2D
05.09.2025;6M;DEPOSIT;USD;0,04195;LIBOR;6M;6M;;;;6M;Act360;Act360;;ModifiedFollowing;ModifiedFollowing;;2D
05.09.2025;8M;OIS;EUR;0,019565;EONIA;1D;8M;;;;8M;Act360;Act360;;ModifiedFollowing;ModifiedFollowing;;2D
05.09.2025;2Mx8M;FRA;EUR;0,02055;EURIBOR;3M;3M;;;;3M;Act360;Act360;;ModifiedFollowing;ModifiedFollowing;;2D
05.09.2025;5Y;OIS;USD;0,03224;SOFR;1D;1Y;;;;1Y;Act360;Act360;;ModifiedFollowing;ModifiedFollowing;;2D
05.09.2025;11Mx23M;FRA;EUR;0,02142;EURIBOR;3M;3M;;;;3M;Act360;Act360;;ModifiedFollowing;ModifiedFollowing;;2D
05.09.2025;8M;OIS;GBP;0,03901;SONIA;1D;8M;;;;8M;Act360;Act360;;ModifiedFollowing;ModifiedFollowing;;2D
05.09.2025;20Y;OIS;USD;0,0395;SOFR;1D;1Y;;;;1Y;Act360;Act360;;ModifiedFollowing;ModifiedFollowing;;2D
05.09.2025;1Mx4M;FRA;GBP;0,04065;LIBOR;3M;3M;;;;3M;Act360;Act360;;ModifiedFollowing;ModifiedFollowing;;2D
05.09.2025;6Y;OIS;EUR;0,022786;EONIA;1D;1Y;;;;1Y;Act360;Act360;;ModifiedFollowing;ModifiedFollowing;;2D
05.09.2025;4M;IRS;EUR;0,01905;EURIBOR;1M;1M;;;;1Y;Act360;Act360;;ModifiedFollowing;ModifiedFollowing;;2D
05.09.2025;1Y;OIS;USD;0,03655;SOFR;1D;1Y;;;;1Y;Act360;Act360;;ModifiedFollowing;ModifiedFollowing;;2D
05.09.2025;3M;IRS;EUR;0,01907;EURIBOR;1M;1M;;;;1Y;Act360;Act360;;ModifiedFollowing;ModifiedFollowing;;2D
05.09.2025;6Mx18M;FRA;EUR;0,02104;EURIBOR;3M;3M;;;;3M;Act360;Act360;;ModifiedFollowing;ModifiedFollowing;;2D
05.09.2025;12Y;IRS;EUR;0,027335;EURIBOR;3M;3M;;;;1Y;Act360;Act360;;ModifiedFollowing;ModifiedFollowing;;2D
05.09.2025;40Y;OIS;USD;0,03838;SOFR;1D;1Y;;;;1Y;Act360;Act360;;ModifiedFollowing;ModifiedFollowing;;2D
05.09.2025;6M;IRS;EUR;0,01894;EURIBOR;1M;1M;;;;1Y;Act360;Act360;;ModifiedFollowing;ModifiedFollowing;;2D
05.09.2025;9M;OIS;EUR;0,019485;EONIA;1D;9M;;;;9M;Act360;Act360;;ModifiedFollowing;ModifiedFollowing;;2D
05.09.2025;12M;DEPOSIT;EUR;0,02055;EURIBOR;12M;1Y;;;;1Y;Act360;Act360;;ModifiedFollowing;ModifiedFollowing;;2D
05.09.2025;5Mx8M;FRA;GBP;0,03877;LIBOR;3M;3M;;;;3M;Act360;Act360;;ModifiedFollowing;ModifiedFollowing;;2D
05.09.2025;5Y;IRS;EUR;0,022595;EURIBOR;3M;3M;;;;1Y;Act360;Act360;;ModifiedFollowing;ModifiedFollowing;;2D
05.09.2025;18M;OIS;USD;0,03427;SOFR;1D;1Y;;;;1Y;Act360;Act360;;ModifiedFollowing;ModifiedFollowing;;2D
05.09.2025;11M;OIS;EUR;0,01936;EONIA;1D;1Y;;;;1Y;Act360;Act360;;ModifiedFollowing;ModifiedFollowing;;2D
05.09.2025;3M;DEPOSIT;USD;0,04225;LIBOR;3M;3M;;;;3M;Act360;Act360;;ModifiedFollowing;ModifiedFollowing;;2D
05.09.2025;8Y;OIS;EUR;0,024352;EONIA;1D;1Y;;;;1Y;Act360;Act360;;ModifiedFollowing;ModifiedFollowing;;2D
05.09.2025;8Mx11M;FRA;USD;0,036;LIBOR;3M;3M;;;;3M;Act360;Act360;;ModifiedFollowing;ModifiedFollowing;;2D
05.09.2025;2Mx5M;FRA;GBP;0,04025;LIBOR;3M;3M;;;;3M;Act360;Act360;;ModifiedFollowing;ModifiedFollowing;;2D
05.09.2025;3M;DEPOSIT;EUR;0,02025;EURIBOR;3M;3M;;;;3M;Act360;Act360;;ModifiedFollowing;ModifiedFollowing;;2D
05.09.2025;8Mx11M;FRA;EUR;0,01906;EURIBOR;3M;3M;;;;3M;Act360;Act360;;ModifiedFollowing;ModifiedFollowing;;2D
05.09.2025;9Y;OIS;USD;0,03498;SOFR;1D;1Y;;;;1Y;Act360;Act360;;ModifiedFollowing;ModifiedFollowing;;2D
05.09.2025;3Y;OIS;GBP;0,03735;SONIA;1D;1Y;;;;1Y;Act360;Act360;;ModifiedFollowing;ModifiedFollowing;;2D
05.09.2025;2Mx14M;FRA;EUR;0,02133;EURIBOR;3M;3M;;;;3M;Act360;Act360;;ModifiedFollowing;ModifiedFollowing;;2D
05.09.2025;3M;OIS;USD;0,04064;SOFR;1D;3M;;;;3M;Act360;Act360;;ModifiedFollowing;ModifiedFollowing;;2D
05.09.2025;2Y;OIS;USD;0,033068;SOFR;1D;1Y;;;;1Y;Act360;Act360;;ModifiedFollowing;ModifiedFollowing;;2D
05.09.2025;2Mx8M;FRA;GBP;0,04129;LIBOR;3M;3M;;;;3M;Act360;Act360;;ModifiedFollowing;ModifiedFollowing;;2D
05.09.2025;6M;DEPOSIT;EUR;0,0215;EURIBOR;6M;6M;;;;6M;Act360;Act360;;ModifiedFollowing;ModifiedFollowing;;2D
05.09.2025;20Y;OIS;EUR;0,028915;EONIA;1D;1Y;;;;1Y;Act360;Act360;;ModifiedFollowing;ModifiedFollowing;;2D
05.09.2025;5Mx8M;FRA;USD;0,03854;LIBOR;3M;3M;;;;3M;Act360;Act360;;ModifiedFollowing;ModifiedFollowing;;2D
05.09.2025;2Y;OIS;GBP;0,03739;SONIA;1D;1Y;;;;1Y;Act360;Act360;;ModifiedFollowing;ModifiedFollowing;;2D
05.09.2025;15Y;OIS;USD;0,03833;SOFR;1D;1Y;;;;1Y;Act360;Act360;;ModifiedFollowing;ModifiedFollowing;;2D
05.09.2025;9M;OIS;GBP;0,03884;SONIA;1D;9M;;;;9M;Act360;Act360;;ModifiedFollowing;ModifiedFollowing;;2D
05.09.2025;25Y;IRS;EUR;0,029457;EURIBOR;3M;3M;;;;1Y;Act360;Act360;;ModifiedFollowing;ModifiedFollowing;;2D
05.09.2025;12M;DEPOSIT;GBP;0,0424;LIBOR;12M;1Y;;;;1Y;Act360;Act360;;ModifiedFollowing;ModifiedFollowing;;2D
05.09.2025;30Y;OIS;GBP;0,04688;SONIA;1D;1Y;;;;1Y;Act360;Act360;;ModifiedFollowing;ModifiedFollowing;;2D
05.09.2025;4M;OIS;USD;0,03994;SOFR;1D;4M;;;;4M;Act360;Act360;;ModifiedFollowing;ModifiedFollowing;;2D
05.09.2025;1Y;OIS;EUR;0,01931;EONIA;1D;1Y;;;;1Y;Act360;Act360;;ModifiedFollowing;ModifiedFollowing;;2D
05.09.2025;3M;OIS;GBP;0,03969;SONIA;1D;3M;;;;3M;Act360;Act360;;ModifiedFollowing;ModifiedFollowing;;2D
05.09.2025;10M;OIS;GBP;0,0387;SONIA;1D;1Y;;;;1Y;Act360;Act360;;ModifiedFollowing;ModifiedFollowing;;2D
05.09.2025;11M;OIS;GBP;0,03858;SONIA;1D;1Y;;;;1Y;Act360;Act360;;ModifiedFollowing;ModifiedFollowing;;2D
05.09.2025;6M;DEPOSIT;GBP;0,042;LIBOR;6M;6M;;;;6M;Act360;Act360;;ModifiedFollowing;ModifiedFollowing;;2D
05.09.2025;2Y;OIS;EUR;0,019387;EONIA;1D;1Y;;;;1Y;Act360;Act360;;ModifiedFollowing;ModifiedFollowing;;2D
05.09.2025;2M;OIS;USD;0,04105;SOFR;1D;2M;;;;2M;Act360;Act360;;ModifiedFollowing;ModifiedFollowing;;2D
05.09.2025;4Y;IRS;EUR;0,021788;EURIBOR;3M;3M;;;;1Y;Act360;Act360;;ModifiedFollowing;ModifiedFollowing;;2D
05.09.2025;60Y;IRS;EUR;0,02831;EURIBOR;3M;3M;;;;1Y;Act360;Act360;;ModifiedFollowing;ModifiedFollowing;;2D
05.09.2025;8Y;OIS;GBP;0,04018;SONIA;1D;1Y;;;;1Y;Act360;Act360;;ModifiedFollowing;ModifiedFollowing;;2D
05.09.2025;12Y;OIS;GBP;0,04296;SONIA;1D;1Y;;;;1Y;Act360;Act360;;ModifiedFollowing;ModifiedFollowing;;2D
05.09.2025;2M;OIS;GBP;0,03977;SONIA;1D;2M;;;;2M;Act360;Act360;;ModifiedFollowing;ModifiedFollowing;;2D
05.09.2025;14D;OIS;EUR;0,020276;EONIA;1D;14D;;;;14D;Act360;Act360;;ModifiedFollowing;ModifiedFollowing;;2D
05.09.2025;3M;OIS;EUR;0,02007;EONIA;1D;3M;;;;3M;Act360;Act360;;ModifiedFollowing;ModifiedFollowing;;2D
05.09.2025;3Mx6M;FRA;EUR;0,01985;EURIBOR;3M;3M;;;;3M;Act360;Act360;;ModifiedFollowing;ModifiedFollowing;;2D
05.09.2025;2M;OIS;EUR;0,02009;EONIA;1D;2M;;;;2M;Act360;Act360;;ModifiedFollowing;ModifiedFollowing;;2D
05.09.2025;8Y;IRS;EUR;0,02488;EURIBOR;3M;3M;;;;1Y;Act360;Act360;;ModifiedFollowing;ModifiedFollowing;;2D
05.09.2025;35Y;OIS;USD;0,03893;SOFR;1D;1Y;;;;1Y;Act360;Act360;;ModifiedFollowing;ModifiedFollowing;;2D
05.09.2025;1Mx13M;FRA;EUR;0,02146;EURIBOR;3M;3M;;;;3M;Act360;Act360;;ModifiedFollowing;ModifiedFollowing;;2D
05.09.2025;1Mx7M;FRA;GBP;0,04172;LIBOR;3M;3M;;;;3M;Act360;Act360;;ModifiedFollowing;ModifiedFollowing;;2D
05.09.2025;50Y;IRS;EUR;0,028805;EURIBOR;3M;3M;;;;1Y;Act360;Act360;;ModifiedFollowing;ModifiedFollowing;;2D
05.09.2025;1Mx7M;FRA;EUR;0,02082;EURIBOR;3M;3M;;;;3M;Act360;Act360;;ModifiedFollowing;ModifiedFollowing;;2D
05.09.2025;5Y;OIS;GBP;0,03816;SONIA;1D;1Y;;;;1Y;Act360;Act360;;ModifiedFollowing;ModifiedFollowing;;2D
05.09.2025;8Y;OIS;USD;0,03426;SOFR;1D;1Y;;;;1Y;Act360;Act360;;ModifiedFollowing;ModifiedFollowing;;2D
05.09.2025;5M;OIS;USD;0,03944;SOFR;1D;5M;;;;5M;Act360;Act360;;ModifiedFollowing;ModifiedFollowing;;2D
05.09.2025;1M;OIS;USD;0,04161;SOFR;1D;1M;;;;1M;Act360;Act360;;ModifiedFollowing;ModifiedFollowing;;2D
05.09.2025;1Y;IRS;EUR;0,020114;EURIBOR;3M;3M;;;;1Y;Act360;Act360;;ModifiedFollowing;ModifiedFollowing;;2D
05.09.2025;3Mx9M;FRA;GBP;0,04082;LIBOR;3M;3M;;;;3M;Act360;Act360;;ModifiedFollowing;ModifiedFollowing;;2D
05.09.2025;3Y;IRS;EUR;0,020926;EURIBOR;3M;3M;;;;1Y;Act360;Act360;;ModifiedFollowing;ModifiedFollowing;;2D
05.09.2025;2Mx5M;FRA;EUR;0,02007;EURIBOR;3M;3M;;;;3M;Act360;Act360;;ModifiedFollowing;ModifiedFollowing;;2D
05.09.2025;2M;IRS;EUR;0,01901;EURIBOR;1M;1M;;;;1Y;Act360;Act360;;ModifiedFollowing;ModifiedFollowing;;2D
05.09.2025;7Y;IRS;EUR;0,02414;EURIBOR;3M;3M;;;;1Y;Act360;Act360;;ModifiedFollowing;ModifiedFollowing;;2D
05.09.2025;3Y;OIS;USD;0,03208;SOFR;1D;1Y;;;;1Y;Act360;Act360;;ModifiedFollowing;ModifiedFollowing;;2D
05.09.2025;4M;OIS;GBP;0,03959;SONIA;1D;4M;;;;4M;Act360;Act360;;ModifiedFollowing;ModifiedFollowing;;2D
05.09.2025;40Y;IRS;EUR;0,029184;EURIBOR;3M;3M;;;;1Y;Act360;Act360;;ModifiedFollowing;ModifiedFollowing;;2D
05.09.2025;3Mx15M;FRA;EUR;0,02121;EURIBOR;3M;3M;;;;3M;Act360;Act360;;ModifiedFollowing;ModifiedFollowing;;2D
05.09.2025;4Mx10M;FRA;USD;0,03997;LIBOR;3M;3M;;;;3M;Act360;Act360;;ModifiedFollowing;ModifiedFollowing;;2D
05.09.2025;7Y;OIS;EUR;0,02358;EONIA;1D;1Y;;;;1Y;Act360;Act360;;ModifiedFollowing;ModifiedFollowing;;2D
05.09.2025;3M;DEPOSIT;GBP;0,0413;LIBOR;3M;3M;;;;3M;Act360;Act360;;ModifiedFollowing;ModifiedFollowing;;2D
05.09.2025;4Mx7M;FRA;GBP;0,03926;LIBOR;3M;3M;;;;3M;Act360;Act360;;ModifiedFollowing;ModifiedFollowing;;2D
05.09.2025;10Mx22M;FRA;EUR;0,0213;EURIBOR;3M;3M;;;;3M;Act360;Act360;;ModifiedFollowing;ModifiedFollowing;;2D
05.09.2025;7Y;OIS;GBP;0,03944;SONIA;1D;1Y;;;;1Y;Act360;Act360;;ModifiedFollowing;ModifiedFollowing;;2D
05.09.2025;1M;OIS;GBP;0,03972;SONIA;1D;1M;;;;1M;Act360;Act360;;ModifiedFollowing;ModifiedFollowing;;2D
05.09.2025;15Y;OIS;GBP;0,04454;SONIA;1D;1Y;;;;1Y;Act360;Act360;;ModifiedFollowing;ModifiedFollowing;;2D
05.09.2025;14D;OIS;USD;0,04243;SOFR;1D;14D;;;;14D;Act360;Act360;;ModifiedFollowing;ModifiedFollowing;;2D
05.09.2025;7Mx19M;FRA;EUR;0,02106;EURIBOR;3M;3M;;;;3M;Act360;Act360;;ModifiedFollowing;ModifiedFollowing;;2D
05.09.2025;6M;OIS;USD;0,03905;SOFR;1D;6M;;;;6M;Act360;Act360;;ModifiedFollowing;ModifiedFollowing;;2D
05.09.2025;11Y;IRS;EUR;0,026798;EURIBOR;3M;3M;;;;1Y;Act360;Act360;;ModifiedFollowing;ModifiedFollowing;;2D
05.09.2025;2Mx5M;FRA;USD;0,04139;LIBOR;3M;3M;;;;3M;Act360;Act360;;ModifiedFollowing;ModifiedFollowing;;2D
05.09.2025;20Y;IRS;EUR;0,029346;EURIBOR;3M;3M;;;;1Y;Act360;Act360;;ModifiedFollowing;ModifiedFollowing;;2D
05.09.2025;3Mx9M;FRA;USD;0,04088;LIBOR;3M;3M;;;;3M;Act360;Act360;;ModifiedFollowing;ModifiedFollowing;;2D
05.09.2025;8Mx11M;FRA;GBP;0,03763;LIBOR;3M;3M;;;;3M;Act360;Act360;;ModifiedFollowing;ModifiedFollowing;;2D
05.09.2025;6Mx9M;FRA;EUR;0,01923;EURIBOR;3M;3M;;;;3M;Act360;Act360;;ModifiedFollowing;ModifiedFollowing;;2D
05.09.2025;4Y;OIS;GBP;0,03767;SONIA;1D;1Y;;;;1Y;Act360;Act360;;ModifiedFollowing;ModifiedFollowing;;2D
05.09.2025;5Mx11M;FRA;EUR;0,02018;EURIBOR;3M;3M;;;;3M;Act360;Act360;;ModifiedFollowing;ModifiedFollowing;;2D
05.09.2025;7M;OIS;USD;0,03862;SOFR;1D;7M;;;;7M;Act360;Act360;;ModifiedFollowing;ModifiedFollowing;;2D
05.09.2025;4Mx16M;FRA;EUR;0,02113;EURIBOR;3M;3M;;;;3M;Act360;Act360;;ModifiedFollowing;ModifiedFollowing;;2D
05.09.2025;7D;OIS;USD;0,0433;SOFR;1D;7D;;;;7D;Act360;Act360;;ModifiedFollowing;ModifiedFollowing;;2D
05.09.2025;5Mx8M;FRA;EUR;0,01939;EURIBOR;3M;3M;;;;3M;Act360;Act360;;ModifiedFollowing;ModifiedFollowing;;2D
05.09.2025;4Mx10M;FRA;GBP;0,04036;LIBOR;3M;3M;;;;3M;Act360;Act360;;ModifiedFollowing;ModifiedFollowing;;2D
05.09.2025;7M;OIS;EUR;0,019665;EONIA;1D;7M;;;;7M;Act360;Act360;;ModifiedFollowing;ModifiedFollowing;;2D
05.09.2025;1M;DEPOSIT;GBP;0,0406;LIBOR;1M;1M;;;;1M;Act360;Act360;;ModifiedFollowing;ModifiedFollowing;;2D
05.09.2025;7Y;OIS;USD;0,03351;SOFR;1D;1Y;;;;1Y;Act360;Act360;;ModifiedFollowing;ModifiedFollowing;;2D
05.09.2025;5M;OIS;GBP;0,03951;SONIA;1D;5M;;;;5M;Act360;Act360;;ModifiedFollowing;ModifiedFollowing;;2D
05.09.2025;6Mx9M;FRA;USD;0,03779;LIBOR;3M;3M;;;;3M;Act360;Act360;;ModifiedFollowing;ModifiedFollowing;;2D
05.09.2025;25Y;OIS;USD;0,03973;SOFR;1D;1Y;;;;1Y;Act360;Act360;;ModifiedFollowing;ModifiedFollowing;;2D
05.09.2025;4Mx7M;FRA;USD;0,03936;LIBOR;3M;3M;;;;3M;Act360;Act360;;ModifiedFollowing;ModifiedFollowing;;2D
05.09.2025;6Y;OIS;USD;0,03281;SOFR;1D;1Y;;;;1Y;Act360;Act360;;ModifiedFollowing;ModifiedFollowing;;2D
05.09.2025;9Y;IRS;EUR;0,025575;EURIBOR;3M;3M;;;;1Y;Act360;Act360;;ModifiedFollowing;ModifiedFollowing;;2D
05.09.2025;1M;OIS;EUR;0,02009;EONIA;1D;1M;;;;1M;Act360;Act360;;ModifiedFollowing;ModifiedFollowing;;2D
05.09.2025;2Mx8M;FRA;USD;0,04181;LIBOR;3M;3M;;;;3M;Act360;Act360;;ModifiedFollowing;ModifiedFollowing;;2D
05.09.2025;14D;OIS;GBP;0,03971;SONIA;1D;14D;;;;14D;Act360;Act360;;ModifiedFollowing;ModifiedFollowing;;2D
05.09.2025;10M;OIS;EUR;0,01942;EONIA;1D;1Y;;;;1Y;Act360;Act360;;ModifiedFollowing;ModifiedFollowing;;2D
05.09.2025;11M;IRS;EUR;0,01865;EURIBOR;1M;1M;;;;1Y;Act360;Act360;;ModifiedFollowing;ModifiedFollowing;;2D
05.09.2025;4Y;OIS;EUR;0,021083;EONIA;1D;1Y;;;;1Y;Act360;Act360;;ModifiedFollowing;ModifiedFollowing;;2D
05.09.2025;8M;OIS;USD;0,03818;SOFR;1D;8M;;;;8M;Act360;Act360;;ModifiedFollowing;ModifiedFollowing;;2D
05.09.2025;10Y;OIS;GBP;0,04163;SONIA;1D;1Y;;;;1Y;Act360;Act360;;ModifiedFollowing;ModifiedFollowing;;2D
05.09.2025;1M;DEPOSIT;USD;0,04245;LIBOR;1M;1M;;;;1M;Act360;Act360;;ModifiedFollowing;ModifiedFollowing;;2D
05.09.2025;7Mx10M;FRA;EUR;0,01913;EURIBOR;3M;3M;;;;3M;Act360;Act360;;ModifiedFollowing;ModifiedFollowing;;2D
05.09.2025;3Y;OIS;EUR;0,02019;EONIA;1D;1Y;;;;1Y;Act360;Act360;;ModifiedFollowing;ModifiedFollowing;;2D
05.09.2025;2Y;IRS;EUR;0,020137;EURIBOR;3M;3M;;;;1Y;Act360;Act360;;ModifiedFollowing;ModifiedFollowing;;2D
05.09.2025;12Y;OIS;USD;0,03694;SOFR;1D;1Y;;;;1Y;Act360;Act360;;ModifiedFollowing;ModifiedFollowing;;2D
05.09.2025;7Mx10M;FRA;GBP;0,03793;LIBOR;3M;3M;;;;3M;Act360;Act360;;ModifiedFollowing;ModifiedFollowing;;2D
04.09.2025;5M;IRS;EUR;0,01901;EURIBOR;1M;1M;;;;1Y;Act360;Act360;;ModifiedFollowing;ModifiedFollowing;;2D
04.09.2025;7Mx10M;FRA;EUR;0,01904;EURIBOR;3M;3M;;;;3M;Act360;Act360;;ModifiedFollowing;ModifiedFollowing;;2D
04.09.2025;10M;OIS;EUR;0,019367;EONIA;1D;1Y;;;;1Y;Act360;Act360;;ModifiedFollowing;ModifiedFollowing;;2D
04.09.2025;6Mx9M;FRA;EUR;0,01914;EURIBOR;3M;3M;;;;3M;Act360;Act360;;ModifiedFollowing;ModifiedFollowing;;2D
04.09.2025;11M;OIS;EUR;0,01931;EONIA;1D;1Y;;;;1Y;Act360;Act360;;ModifiedFollowing;ModifiedFollowing;;2D
04.09.2025;5Mx8M;FRA;EUR;0,01932;EURIBOR;3M;3M;;;;3M;Act360;Act360;;ModifiedFollowing;ModifiedFollowing;;2D
04.09.2025;40Y;IRS;EUR;0,02905;EURIBOR;3M;3M;;;;1Y;Act360;Act360;;ModifiedFollowing;ModifiedFollowing;;2D
04.09.2025;4Mx7M;FRA;EUR;0,01957;EURIBOR;3M;3M;;;;3M;Act360;Act360;;ModifiedFollowing;ModifiedFollowing;;2D
04.09.2025;14D;OIS;EUR;0,020217;EONIA;1D;14D;;;;14D;Act360;Act360;;ModifiedFollowing;ModifiedFollowing;;2D
04.09.2025;3Mx6M;FRA;EUR;0,01978;EURIBOR;3M;3M;;;;3M;Act360;Act360;;ModifiedFollowing;ModifiedFollowing;;2D
04.09.2025;2Mx5M;FRA;EUR;0,02002;EURIBOR;3M;3M;;;;3M;Act360;Act360;;ModifiedFollowing;ModifiedFollowing;;2D
04.09.2025;6M;IRS;EUR;0,01895;EURIBOR;1M;1M;;;;1Y;Act360;Act360;;ModifiedFollowing;ModifiedFollowing;;2D
04.09.2025;12Y;IRS;EUR;0,027325;EURIBOR;3M;3M;;;;1Y;Act360;Act360;;ModifiedFollowing;ModifiedFollowing;;2D
04.09.2025;10Y;IRS;EUR;0,02621;EURIBOR;3M;3M;;;;1Y;Act360;Act360;;ModifiedFollowing;ModifiedFollowing;;2D
04.09.2025;7M;IRS;EUR;0,01888;EURIBOR;1M;1M;;;;1Y;Act360;Act360;;ModifiedFollowing;ModifiedFollowing;;2D
04.09.2025;8M;IRS;EUR;0,0188;EURIBOR;1M;1M;;;;1Y;Act360;Act360;;ModifiedFollowing;ModifiedFollowing;;2D
04.09.2025;9M;IRS;EUR;0,01873;EURIBOR;1M;1M;;;;1Y;Act360;Act360;;ModifiedFollowing;ModifiedFollowing;;2D
04.09.2025;6M;OIS;EUR;0,01974;EONIA;1D;6M;;;;6M;Act360;Act360;;ModifiedFollowing;ModifiedFollowing;;2D
04.09.2025;10M;IRS;EUR;0,01868;EURIBOR;1M;1M;;;;1Y;Act360;Act360;;ModifiedFollowing;ModifiedFollowing;;2D
04.09.2025;30Y;IRS;EUR;0,029295;EURIBOR;3M;3M;;;;1Y;Act360;Act360;;ModifiedFollowing;ModifiedFollowing;;2D
04.09.2025;11M;IRS;EUR;0,01863;EURIBOR;1M;1M;;;;1Y;Act360;Act360;;ModifiedFollowing;ModifiedFollowing;;2D
04.09.2025;9Y;IRS;EUR;0,025555;EURIBOR;3M;3M;;;;1Y;Act360;Act360;;ModifiedFollowing;ModifiedFollowing;;2D
04.09.2025;7D;OIS;USD;0,0433;SOFR;1D;7D;;;;7D;Act360;Act360;;ModifiedFollowing;ModifiedFollowing;;2D
04.09.2025;14D;OIS;USD;0,04262;SOFR;1D;14D;;;;14D;Act360;Act360;;ModifiedFollowing;ModifiedFollowing;;2D
04.09.2025;1M;OIS;USD;0,04173;SOFR;1D;1M;;;;1M;Act360;Act360;;ModifiedFollowing;ModifiedFollowing;;2D
04.09.2025;8Y;IRS;EUR;0,024855;EURIBOR;3M;3M;;;;1Y;Act360;Act360;;ModifiedFollowing;ModifiedFollowing;;2D
04.09.2025;25Y;IRS;EUR;0,029385;EURIBOR;3M;3M;;;;1Y;Act360;Act360;;ModifiedFollowing;ModifiedFollowing;;2D
04.09.2025;2M;OIS;USD;0,04115;SOFR;1D;2M;;;;2M;Act360;Act360;;ModifiedFollowing;ModifiedFollowing;;2D
04.09.2025;3M;OIS;USD;0,04075;SOFR;1D;3M;;;;3M;Act360;Act360;;ModifiedFollowing;ModifiedFollowing;;2D
04.09.2025;4M;OIS;USD;0,04008;SOFR;1D;4M;;;;4M;Act360;Act360;;ModifiedFollowing;ModifiedFollowing;;2D
04.09.2025;60Y;IRS;EUR;0,02816;EURIBOR;3M;3M;;;;1Y;Act360;Act360;;ModifiedFollowing;ModifiedFollowing;;2D
04.09.2025;5M;OIS;USD;0,03958;SOFR;1D;5M;;;;5M;Act360;Act360;;ModifiedFollowing;ModifiedFollowing;;2D
04.09.2025;7Y;IRS;EUR;0,024126;EURIBOR;3M;3M;;;;1Y;Act360;Act360;;ModifiedFollowing;ModifiedFollowing;;2D
04.09.2025;6M;OIS;USD;0,03921;SOFR;1D;6M;;;;6M;Act360;Act360;;ModifiedFollowing;ModifiedFollowing;;2D
04.09.2025;20Y;IRS;EUR;0,029314;EURIBOR;3M;3M;;;;1Y;Act360;Act360;;ModifiedFollowing;ModifiedFollowing;;2D
04.09.2025;7M;OIS;USD;0,0388;SOFR;1D;7M;;;;7M;Act360;Act360;;ModifiedFollowing;ModifiedFollowing;;2D
04.09.2025;8M;OIS;USD;0,0384;SOFR;1D;8M;;;;8M;Act360;Act360;;ModifiedFollowing;ModifiedFollowing;;2D
04.09.2025;6Y;IRS;EUR;0,023348;EURIBOR;3M;3M;;;;1Y;Act360;Act360;;ModifiedFollowing;ModifiedFollowing;;2D
04.09.2025;9M;OIS;USD;0,03797;SOFR;1D;9M;;;;9M;Act360;Act360;;ModifiedFollowing;ModifiedFollowing;;2D
04.09.2025;4M;OIS;EUR;0,01995;EONIA;1D;4M;;;;4M;Act360;Act360;;ModifiedFollowing;ModifiedFollowing;;2D
04.09.2025;10M;OIS;USD;0,03758;SOFR;1D;1Y;;;;1Y;Act360;Act360;;ModifiedFollowing;ModifiedFollowing;;2D
04.09.2025;11M;OIS;USD;0,03712;SOFR;1D;1Y;;;;1Y;Act360;Act360;;ModifiedFollowing;ModifiedFollowing;;2D
04.09.2025;15Y;IRS;EUR;0,02849;EURIBOR;3M;3M;;;;1Y;Act360;Act360;;ModifiedFollowing;ModifiedFollowing;;2D
04.09.2025;1Y;OIS;USD;0,03674;SOFR;1D;1Y;;;;1Y;Act360;Act360;;ModifiedFollowing;ModifiedFollowing;;2D
04.09.2025;5Y;IRS;EUR;0,022567;EURIBOR;3M;3M;;;;1Y;Act360;Act360;;ModifiedFollowing;ModifiedFollowing;;2D
04.09.2025;18M;OIS;USD;0,03446;SOFR;1D;1Y;;;;1Y;Act360;Act360;;ModifiedFollowing;ModifiedFollowing;;2D
04.09.2025;2Y;OIS;USD;0,033259;SOFR;1D;1Y;;;;1Y;Act360;Act360;;ModifiedFollowing;ModifiedFollowing;;2D
04.09.2025;3Y;OIS;USD;0,0323;SOFR;1D;1Y;;;;1Y;Act360;Act360;;ModifiedFollowing;ModifiedFollowing;;2D
04.09.2025;4Y;OIS;USD;0,03226;SOFR;1D;1Y;;;;1Y;Act360;Act360;;ModifiedFollowing;ModifiedFollowing;;2D
04.09.2025;4Y;IRS;EUR;0,021762;EURIBOR;3M;3M;;;;1Y;Act360;Act360;;ModifiedFollowing;ModifiedFollowing;;2D
04.09.2025;5Y;OIS;USD;0,03255;SOFR;1D;1Y;;;;1Y;Act360;Act360;;ModifiedFollowing;ModifiedFollowing;;2D
04.09.2025;6Y;OIS;USD;0,03315;SOFR;1D;1Y;;;;1Y;Act360;Act360;;ModifiedFollowing;ModifiedFollowing;;2D
04.09.2025;7Y;OIS;USD;0,03387;SOFR;1D;1Y;;;;1Y;Act360;Act360;;ModifiedFollowing;ModifiedFollowing;;2D
04.09.2025;8Y;OIS;USD;0,03463;SOFR;1D;1Y;;;;1Y;Act360;Act360;;ModifiedFollowing;ModifiedFollowing;;2D
04.09.2025;3Y;IRS;EUR;0,020895;EURIBOR;3M;3M;;;;1Y;Act360;Act360;;ModifiedFollowing;ModifiedFollowing;;2D
04.09.2025;9Y;OIS;USD;0,03535;SOFR;1D;1Y;;;;1Y;Act360;Act360;;ModifiedFollowing;ModifiedFollowing;;2D
04.09.2025;2M;OIS;EUR;0,02012;EONIA;1D;2M;;;;2M;Act360;Act360;;ModifiedFollowing;ModifiedFollowing;;2D
04.09.2025;10Y;OIS;USD;0,03606;SOFR;1D;1Y;;;;1Y;Act360;Act360;;ModifiedFollowing;ModifiedFollowing;;2D
04.09.2025;12Y;OIS;USD;0,03731;SOFR;1D;1Y;;;;1Y;Act360;Act360;;ModifiedFollowing;ModifiedFollowing;;2D
04.09.2025;15Y;OIS;USD;0,03872;SOFR;1D;1Y;;;;1Y;Act360;Act360;;ModifiedFollowing;ModifiedFollowing;;2D
04.09.2025;2Y;IRS;EUR;0,02008;EURIBOR;3M;3M;;;;1Y;Act360;Act360;;ModifiedFollowing;ModifiedFollowing;;2D
04.09.2025;2M;IRS;EUR;0,01904;EURIBOR;1M;1M;;;;1Y;Act360;Act360;;ModifiedFollowing;ModifiedFollowing;;2D
04.09.2025;20Y;OIS;USD;0,03987;SOFR;1D;1Y;;;;1Y;Act360;Act360;;ModifiedFollowing;ModifiedFollowing;;2D
04.09.2025;25Y;OIS;USD;0,04006;SOFR;1D;1Y;;;;1Y;Act360;Act360;;ModifiedFollowing;ModifiedFollowing;;2D
04.09.2025;30Y;OIS;USD;0,03978;SOFR;1D;1Y;;;;1Y;Act360;Act360;;ModifiedFollowing;ModifiedFollowing;;2D
04.09.2025;1Y;IRS;EUR;0,020051;EURIBOR;3M;3M;;;;1Y;Act360;Act360;;ModifiedFollowing;ModifiedFollowing;;2D
04.09.2025;35Y;OIS;USD;0,03923;SOFR;1D;1Y;;;;1Y;Act360;Act360;;ModifiedFollowing;ModifiedFollowing;;2D
04.09.2025;40Y;OIS;USD;0,03867;SOFR;1D;1Y;;;;1Y;Act360;Act360;;ModifiedFollowing;ModifiedFollowing;;2D
04.09.2025;50Y;OIS;USD;0,03748;SOFR;1D;1Y;;;;1Y;Act360;Act360;;ModifiedFollowing;ModifiedFollowing;;2D
04.09.2025;5Mx11M;FRA;GBP;0,0402;LIBOR;3M;3M;;;;3M;Act360;Act360;;ModifiedFollowing;ModifiedFollowing;;2D
04.09.2025;7D;OIS;GBP;0,03969;SONIA;1D;7D;;;;7D;Act360;Act360;;ModifiedFollowing;ModifiedFollowing;;2D
04.09.2025;30Y;OIS;EUR;0,028925;EONIA;1D;1Y;;;;1Y;Act360;Act360;;ModifiedFollowing;ModifiedFollowing;;2D
04.09.2025;4Mx10M;FRA;GBP;0,04054;LIBOR;3M;3M;;;;3M;Act360;Act360;;ModifiedFollowing;ModifiedFollowing;;2D
04.09.2025;14D;OIS;GBP;0,03971;SONIA;1D;14D;;;;14D;Act360;Act360;;ModifiedFollowing;ModifiedFollowing;;2D
04.09.2025;1M;OIS;GBP;0,03972;SONIA;1D;1M;;;;1M;Act360;Act360;;ModifiedFollowing;ModifiedFollowing;;2D
04.09.2025;3Mx9M;FRA;GBP;0,04094;LIBOR;3M;3M;;;;3M;Act360;Act360;;ModifiedFollowing;ModifiedFollowing;;2D
04.09.2025;2M;OIS;GBP;0,03977;SONIA;1D;2M;;;;2M;Act360;Act360;;ModifiedFollowing;ModifiedFollowing;;2D
04.09.2025;2Mx8M;FRA;GBP;0,04135;LIBOR;3M;3M;;;;3M;Act360;Act360;;ModifiedFollowing;ModifiedFollowing;;2D
04.09.2025;20Y;OIS;EUR;0,02887;EONIA;1D;1Y;;;;1Y;Act360;Act360;;ModifiedFollowing;ModifiedFollowing;;2D
04.09.2025;3M;OIS;GBP;0,03968;SONIA;1D;3M;;;;3M;Act360;Act360;;ModifiedFollowing;ModifiedFollowing;;2D
04.09.2025;1Mx7M;FRA;GBP;0,04173;LIBOR;3M;3M;;;;3M;Act360;Act360;;ModifiedFollowing;ModifiedFollowing;;2D
04.09.2025;4M;OIS;GBP;0,03959;SONIA;1D;4M;;;;4M;Act360;Act360;;ModifiedFollowing;ModifiedFollowing;;2D
04.09.2025;11Y;IRS;EUR;0,0268;EURIBOR;3M;3M;;;;1Y;Act360;Act360;;ModifiedFollowing;ModifiedFollowing;;2D
04.09.2025;8Mx11M;FRA;GBP;0,03776;LIBOR;3M;3M;;;;3M;Act360;Act360;;ModifiedFollowing;ModifiedFollowing;;2D
04.09.2025;5M;OIS;GBP;0,03953;SONIA;1D;5M;;;;5M;Act360;Act360;;ModifiedFollowing;ModifiedFollowing;;2D
04.09.2025;7Mx10M;FRA;GBP;0,03804;LIBOR;3M;3M;;;;3M;Act360;Act360;;ModifiedFollowing;ModifiedFollowing;;2D
04.09.2025;6M;OIS;GBP;0,03936;SONIA;1D;6M;;;;6M;Act360;Act360;;ModifiedFollowing;ModifiedFollowing;;2D
04.09.2025;7M;OIS;GBP;0,03919;SONIA;1D;7M;;;;7M;Act360;Act360;;ModifiedFollowing;ModifiedFollowing;;2D
04.09.2025;6Mx9M;FRA;GBP;0,03852;LIBOR;3M;3M;;;;3M;Act360;Act360;;ModifiedFollowing;ModifiedFollowing;;2D
04.09.2025;15Y;OIS;EUR;0,02802;EONIA;1D;1Y;;;;1Y;Act360;Act360;;ModifiedFollowing;ModifiedFollowing;;2D
04.09.2025;8M;OIS;GBP;0,03906;SONIA;1D;8M;;;;8M;Act360;Act360;;ModifiedFollowing;ModifiedFollowing;;2D
04.09.2025;5Mx8M;FRA;GBP;0,03894;LIBOR;3M;3M;;;;3M;Act360;Act360;;ModifiedFollowing;ModifiedFollowing;;2D
04.09.2025;9M;OIS;GBP;0,0389;SONIA;1D;9M;;;;9M;Act360;Act360;;ModifiedFollowing;ModifiedFollowing;;2D
04.09.2025;4Mx7M;FRA;GBP;0,03936;LIBOR;3M;3M;;;;3M;Act360;Act360;;ModifiedFollowing;ModifiedFollowing;;2D
04.09.2025;10M;OIS;GBP;0,03877;SONIA;1D;1Y;;;;1Y;Act360;Act360;;ModifiedFollowing;ModifiedFollowing;;2D
04.09.2025;3Mx6M;FRA;GBP;0,03983;LIBOR;3M;3M;;;;3M;Act360;Act360;;ModifiedFollowing;ModifiedFollowing;;2D
04.09.2025;3M;IRS;EUR;0,01909;EURIBOR;1M;1M;;;;1Y;Act360;Act360;;ModifiedFollowing;ModifiedFollowing;;2D
04.09.2025;11M;OIS;GBP;0,03866;SONIA;1D;1Y;;;;1Y;Act360;Act360;;ModifiedFollowing;ModifiedFollowing;;2D
04.09.2025;7M;OIS;EUR;0,01961;EONIA;1D;7M;;;;7M;Act360;Act360;;ModifiedFollowing;ModifiedFollowing;;2D
04.09.2025;10Y;OIS;EUR;0,025713;EONIA;1D;1Y;;;;1Y;Act360;Act360;;ModifiedFollowing;ModifiedFollowing;;2D
04.09.2025;2Mx5M;FRA;GBP;0,0402;LIBOR;3M;3M;;;;3M;Act360;Act360;;ModifiedFollowing;ModifiedFollowing;;2D
04.09.2025;1Y;OIS;GBP;0,03856;SONIA;1D;1Y;;;;1Y;Act360;Act360;;ModifiedFollowing;ModifiedFollowing;;2D
04.09.2025;1Mx4M;FRA;GBP;0,04057;LIBOR;3M;3M;;;;3M;Act360;Act360;;ModifiedFollowing;ModifiedFollowing;;2D
04.09.2025;18M;OIS;GBP;0,03774;SONIA;1D;1Y;;;;1Y;Act360;Act360;;ModifiedFollowing;ModifiedFollowing;;2D
04.09.2025;2Y;OIS;GBP;0,03757;SONIA;1D;1Y;;;;1Y;Act360;Act360;;ModifiedFollowing;ModifiedFollowing;;2D
04.09.2025;5Mx11M;FRA;USD;0,03922;LIBOR;3M;3M;;;;3M;Act360;Act360;;ModifiedFollowing;ModifiedFollowing;;2D
04.09.2025;9Y;OIS;EUR;0,025075;EONIA;1D;1Y;;;;1Y;Act360;Act360;;ModifiedFollowing;ModifiedFollowing;;2D
04.09.2025;3Y;OIS;GBP;0,03759;SONIA;1D;1Y;;;;1Y;Act360;Act360;;ModifiedFollowing;ModifiedFollowing;;2D
04.09.2025;4Mx10M;FRA;USD;0,04014;LIBOR;3M;3M;;;;3M;Act360;Act360;;ModifiedFollowing;ModifiedFollowing;;2D
04.09.2025;4Y;OIS;GBP;0,03792;SONIA;1D;1Y;;;;1Y;Act360;Act360;;ModifiedFollowing;ModifiedFollowing;;2D
04.09.2025;3Mx9M;FRA;USD;0,04106;LIBOR;3M;3M;;;;3M;Act360;Act360;;ModifiedFollowing;ModifiedFollowing;;2D
04.09.2025;5Y;OIS;GBP;0,0384;SONIA;1D;1Y;;;;1Y;Act360;Act360;;ModifiedFollowing;ModifiedFollowing;;2D
04.09.2025;2Mx8M;FRA;USD;0,04196;LIBOR;3M;3M;;;;3M;Act360;Act360;;ModifiedFollowing;ModifiedFollowing;;2D
04.09.2025;6Y;OIS;GBP;0,03901;SONIA;1D;1Y;;;;1Y;Act360;Act360;;ModifiedFollowing;ModifiedFollowing;;2D
04.09.2025;1Mx7M;FRA;USD;0,04295;LIBOR;3M;3M;;;;3M;Act360;Act360;;ModifiedFollowing;ModifiedFollowing;;2D
04.09.2025;8Y;OIS;EUR;0,024345;EONIA;1D;1Y;;;;1Y;Act360;Act360;;ModifiedFollowing;ModifiedFollowing;;2D
04.09.2025;7Y;OIS;GBP;0,0397;SONIA;1D;1Y;;;;1Y;Act360;Act360;;ModifiedFollowing;ModifiedFollowing;;2D
04.09.2025;8Y;OIS;GBP;0,04045;SONIA;1D;1Y;;;;1Y;Act360;Act360;;ModifiedFollowing;ModifiedFollowing;;2D
04.09.2025;8Mx11M;FRA;USD;0,03618;LIBOR;3M;3M;;;;3M;Act360;Act360;;ModifiedFollowing;ModifiedFollowing;;2D
04.09.2025;9Y;OIS;GBP;0,0412;SONIA;1D;1Y;;;;1Y;Act360;Act360;;ModifiedFollowing;ModifiedFollowing;;2D
04.09.2025;7Mx10M;FRA;USD;0,03723;LIBOR;3M;3M;;;;3M;Act360;Act360;;ModifiedFollowing;ModifiedFollowing;;2D
04.09.2025;10Y;OIS;GBP;0,04192;SONIA;1D;1Y;;;;1Y;Act360;Act360;;ModifiedFollowing;ModifiedFollowing;;2D
04.09.2025;6Mx9M;FRA;USD;0,03793;LIBOR;3M;3M;;;;3M;Act360;Act360;;ModifiedFollowing;ModifiedFollowing;;2D
04.09.2025;7Y;OIS;EUR;0,023567;EONIA;1D;1Y;;;;1Y;Act360;Act360;;ModifiedFollowing;ModifiedFollowing;;2D
04.09.2025;12Y;OIS;GBP;0,04324;SONIA;1D;1Y;;;;1Y;Act360;Act360;;ModifiedFollowing;ModifiedFollowing;;2D
04.09.2025;5Mx8M;FRA;USD;0,03866;LIBOR;3M;3M;;;;3M;Act360;Act360;;ModifiedFollowing;ModifiedFollowing;;2D
04.09.2025;15Y;OIS;GBP;0,04482;SONIA;1D;1Y;;;;1Y;Act360;Act360;;ModifiedFollowing;ModifiedFollowing;;2D
04.09.2025;4Mx7M;FRA;USD;0,03972;LIBOR;3M;3M;;;;3M;Act360;Act360;;ModifiedFollowing;ModifiedFollowing;;2D
04.09.2025;20Y;OIS;GBP;0,04636;SONIA;1D;1Y;;;;1Y;Act360;Act360;;ModifiedFollowing;ModifiedFollowing;;2D
04.09.2025;25Y;OIS;GBP;0,04702;SONIA;1D;1Y;;;;1Y;Act360;Act360;;ModifiedFollowing;ModifiedFollowing;;2D
04.09.2025;3Mx6M;FRA;USD;0,04053;LIBOR;3M;3M;;;;3M;Act360;Act360;;ModifiedFollowing;ModifiedFollowing;;2D
04.09.2025;6Y;OIS;EUR;0,022785;EONIA;1D;1Y;;;;1Y;Act360;Act360;;ModifiedFollowing;ModifiedFollowing;;2D
04.09.2025;30Y;OIS;GBP;0,04712;SONIA;1D;1Y;;;;1Y;Act360;Act360;;ModifiedFollowing;ModifiedFollowing;;2D
04.09.2025;3M;OIS;EUR;0,02006;EONIA;1D;3M;;;;3M;Act360;Act360;;ModifiedFollowing;ModifiedFollowing;;2D
04.09.2025;2Mx5M;FRA;USD;0,04155;LIBOR;3M;3M;;;;3M;Act360;Act360;;ModifiedFollowing;ModifiedFollowing;;2D
04.09.2025;40Y;OIS;GBP;0,04658;SONIA;1D;1Y;;;;1Y;Act360;Act360;;ModifiedFollowing;ModifiedFollowing;;2D
04.09.2025;1Mx4M;FRA;USD;0,04267;LIBOR;3M;3M;;;;3M;Act360;Act360;;ModifiedFollowing;ModifiedFollowing;;2D
04.09.2025;50Y;OIS;GBP;0,04566;SONIA;1D;1Y;;;;1Y;Act360;Act360;;ModifiedFollowing;ModifiedFollowing;;2D
04.09.2025;9M;OIS;EUR;0,019445;EONIA;1D;9M;;;;9M;Act360;Act360;;ModifiedFollowing;ModifiedFollowing;;2D
04.09.2025;11Mx23M;FRA;EUR;0,02137;EURIBOR;3M;3M;;;;3M;Act360;Act360;;ModifiedFollowing;ModifiedFollowing;;2D
04.09.2025;5Y;OIS;EUR;0,021955;EONIA;1D;1Y;;;;1Y;Act360;Act360;;ModifiedFollowing;ModifiedFollowing;;2D
04.09.2025;1M;DEPOSIT;EUR;0,0196;EURIBOR;1M;1M;;;;1M;Act360;Act360;;ModifiedFollowing;ModifiedFollowing;;2D
04.09.2025;4M;IRS;EUR;0,01907;EURIBOR;1M;1M;;;;1Y;Act360;Act360;;ModifiedFollowing;ModifiedFollowing;;2D
04.09.2025;3M;DEPOSIT;EUR;0,0198;EURIBOR;3M;3M;;;;3M;Act360;Act360;;ModifiedFollowing;ModifiedFollowing;;2D
04.09.2025;50Y;IRS;EUR;0,02865;EURIBOR;3M;3M;;;;1Y;Act360;Act360;;ModifiedFollowing;ModifiedFollowing;;2D
04.09.2025;10Mx22M;FRA;EUR;0,02123;EURIBOR;3M;3M;;;;3M;Act360;Act360;;ModifiedFollowing;ModifiedFollowing;;2D
04.09.2025;6M;DEPOSIT;EUR;0,0189;EURIBOR;6M;6M;;;;6M;Act360;Act360;;ModifiedFollowing;ModifiedFollowing;;2D
04.09.2025;9Mx21M;FRA;EUR;0,02113;EURIBOR;3M;3M;;;;3M;Act360;Act360;;ModifiedFollowing;ModifiedFollowing;;2D
04.09.2025;12M;DEPOSIT;EUR;0,0205;EURIBOR;12M;1Y;;;;1Y;Act360;Act360;;ModifiedFollowing;ModifiedFollowing;;2D
04.09.2025;8Mx20M;FRA;EUR;0,02105;EURIBOR;3M;3M;;;;3M;Act360;Act360;;ModifiedFollowing;ModifiedFollowing;;2D
04.09.2025;4Y;OIS;EUR;0,021095;EONIA;1D;1Y;;;;1Y;Act360;Act360;;ModifiedFollowing;ModifiedFollowing;;2D
04.09.2025;1M;DEPOSIT;USD;0,04275;LIBOR;1M;1M;;;;1M;Act360;Act360;;ModifiedFollowing;ModifiedFollowing;;2D
04.09.2025;5M;OIS;EUR;0,01982;EONIA;1D;5M;;;;5M;Act360;Act360;;ModifiedFollowing;ModifiedFollowing;;2D
04.09.2025;7Mx19M;FRA;EUR;0,02099;EURIBOR;3M;3M;;;;3M;Act360;Act360;;ModifiedFollowing;ModifiedFollowing;;2D
04.09.2025;3M;DEPOSIT;USD;0,04235;LIBOR;3M;3M;;;;3M;Act360;Act360;;ModifiedFollowing;ModifiedFollowing;;2D
04.09.2025;6Mx18M;FRA;EUR;0,02097;EURIBOR;3M;3M;;;;3M;Act360;Act360;;ModifiedFollowing;ModifiedFollowing;;2D
04.09.2025;6M;DEPOSIT;USD;0,04215;LIBOR;6M;6M;;;;6M;Act360;Act360;;ModifiedFollowing;ModifiedFollowing;;2D
04.09.2025;12M;DEPOSIT;USD;0,04125;LIBOR;12M;1Y;;;;1Y;Act360;Act360;;ModifiedFollowing;ModifiedFollowing;;2D
04.09.2025;5Mx17M;FRA;EUR;0,021;EURIBOR;3M;3M;;;;3M;Act360;Act360;;ModifiedFollowing;ModifiedFollowing;;2D
04.09.2025;3Y;OIS;EUR;0,02018;EONIA;1D;1Y;;;;1Y;Act360;Act360;;ModifiedFollowing;ModifiedFollowing;;2D
04.09.2025;1M;DEPOSIT;GBP;0,0406;LIBOR;1M;1M;;;;1M;Act360;Act360;;ModifiedFollowing;ModifiedFollowing;;2D
04.09.2025;4Mx16M;FRA;EUR;0,02105;EURIBOR;3M;3M;;;;3M;Act360;Act360;;ModifiedFollowing;ModifiedFollowing;;2D
04.09.2025;3M;DEPOSIT;GBP;0,0413;LIBOR;3M;3M;;;;3M;Act360;Act360;;ModifiedFollowing;ModifiedFollowing;;2D
04.09.2025;3Mx15M;FRA;EUR;0,02114;EURIBOR;3M;3M;;;;3M;Act360;Act360;;ModifiedFollowing;ModifiedFollowing;;2D
04.09.2025;6M;DEPOSIT;GBP;0,0422;LIBOR;6M;6M;;;;6M;Act360;Act360;;ModifiedFollowing;ModifiedFollowing;;2D
04.09.2025;1M;OIS;EUR;0,02006;EONIA;1D;1M;;;;1M;Act360;Act360;;ModifiedFollowing;ModifiedFollowing;;2D
04.09.2025;2Mx14M;FRA;EUR;0,02125;EURIBOR;3M;3M;;;;3M;Act360;Act360;;ModifiedFollowing;ModifiedFollowing;;2D
04.09.2025;12M;DEPOSIT;GBP;0,0426;LIBOR;12M;1Y;;;;1Y;Act360;Act360;;ModifiedFollowing;ModifiedFollowing;;2D
04.09.2025;2Y;OIS;EUR;0,01934;EONIA;1D;1Y;;;;1Y;Act360;Act360;;ModifiedFollowing;ModifiedFollowing;;2D
04.09.2025;8M;OIS;EUR;0,019535;EONIA;1D;8M;;;;8M;Act360;Act360;;ModifiedFollowing;ModifiedFollowing;;2D
04.09.2025;1Mx13M;FRA;EUR;0,0214;EURIBOR;3M;3M;;;;3M;Act360;Act360;;ModifiedFollowing;ModifiedFollowing;;2D
04.09.2025;5Mx11M;FRA;EUR;0,02002;EURIBOR;3M;3M;;;;3M;Act360;Act360;;ModifiedFollowing;ModifiedFollowing;;2D
04.09.2025;4Mx10M;FRA;EUR;0,02018;EURIBOR;3M;3M;;;;3M;Act360;Act360;;ModifiedFollowing;ModifiedFollowing;;2D
04.09.2025;18M;OIS;EUR;0,019103;EONIA;1D;1Y;;;;1Y;Act360;Act360;;ModifiedFollowing;ModifiedFollowing;;2D
04.09.2025;3Mx9M;FRA;EUR;0,02035;EURIBOR;3M;3M;;;;3M;Act360;Act360;;ModifiedFollowing;ModifiedFollowing;;2D
04.09.2025;2Mx8M;FRA;EUR;0,02054;EURIBOR;3M;3M;;;;3M;Act360;Act360;;ModifiedFollowing;ModifiedFollowing;;2D
04.09.2025;1Mx7M;FRA;EUR;0,02075;EURIBOR;3M;3M;;;;3M;Act360;Act360;;ModifiedFollowing;ModifiedFollowing;;2D
04.09.2025;1Y;OIS;EUR;0,019257;EONIA;1D;1Y;;;;1Y;Act360;Act360;;ModifiedFollowing;ModifiedFollowing;;2D
04.09.2025;8Mx11M;FRA;EUR;0,01898;EURIBOR;3M;3M;;;;3M;Act360;Act360;;ModifiedFollowing;ModifiedFollowing;;2D
04.09.2025;1Mx4M;FRA;EUR;0,02025;EURIBOR;3M;3M;;;;3M;Act360;Act360;;ModifiedFollowing;ModifiedFollowing;;2D
04.09.2025;7D;OIS;EUR;0,019255;EONIA;1D;7D;;;;7D;Act360;Act360;;ModifiedFollowing;ModifiedFollowing;;2D
03.09.2025;2Mx5M;FRA;GBP;0,04031;LIBOR;3M;3M;;;;3M;Act360;Act360;;ModifiedFollowing;ModifiedFollowing;;2D
03.09.2025;1Mx7M;FRA;USD;0,04341;LIBOR;3M;3M;;;;3M;Act360;Act360;;ModifiedFollowing;ModifiedFollowing;;2D
03.09.2025;10Y;OIS;EUR;0,026246;EONIA;1D;1Y;;;;1Y;Act360;Act360;;ModifiedFollowing;ModifiedFollowing;;2D
03.09.2025;8Y;OIS;EUR;0,024825;EONIA;1D;1Y;;;;1Y;Act360;Act360;;ModifiedFollowing;ModifiedFollowing;;2D
03.09.2025;3M;IRS;EUR;0,01912;EURIBOR;1M;1M;;;;1Y;Act360;Act360;;ModifiedFollowing;ModifiedFollowing;;2D
03.09.2025;11M;OIS;GBP;0,03876;SONIA;1D;1Y;;;;1Y;Act360;Act360;;ModifiedFollowing;ModifiedFollowing;;2D
03.09.2025;7Y;OIS;GBP;0,04024;SONIA;1D;1Y;;;;1Y;Act360;Act360;;ModifiedFollowing;ModifiedFollowing;;2D
03.09.2025;3Mx6M;FRA;GBP;0,03987;LIBOR;3M;3M;;;;3M;Act360;Act360;;ModifiedFollowing;ModifiedFollowing;;2D
03.09.2025;7Mx10M;FRA;EUR;0,01912;EURIBOR;3M;3M;;;;3M;Act360;Act360;;ModifiedFollowing;ModifiedFollowing;;2D
03.09.2025;10M;OIS;GBP;0,03886;SONIA;1D;1Y;;;;1Y;Act360;Act360;;ModifiedFollowing;ModifiedFollowing;;2D
03.09.2025;4Mx7M;FRA;GBP;0,0394;LIBOR;3M;3M;;;;3M;Act360;Act360;;ModifiedFollowing;ModifiedFollowing;;2D
03.09.2025;8Y;OIS;GBP;0,04104;SONIA;1D;1Y;;;;1Y;Act360;Act360;;ModifiedFollowing;ModifiedFollowing;;2D
03.09.2025;9M;OIS;GBP;0,03898;SONIA;1D;9M;;;;9M;Act360;Act360;;ModifiedFollowing;ModifiedFollowing;;2D
03.09.2025;8Mx11M;FRA;USD;0,03683;LIBOR;3M;3M;;;;3M;Act360;Act360;;ModifiedFollowing;ModifiedFollowing;;2D
03.09.2025;5Mx8M;FRA;GBP;0,03898;LIBOR;3M;3M;;;;3M;Act360;Act360;;ModifiedFollowing;ModifiedFollowing;;2D
03.09.2025;8M;OIS;GBP;0,03912;SONIA;1D;8M;;;;8M;Act360;Act360;;ModifiedFollowing;ModifiedFollowing;;2D
03.09.2025;6Mx9M;FRA;GBP;0,03867;LIBOR;3M;3M;;;;3M;Act360;Act360;;ModifiedFollowing;ModifiedFollowing;;2D
03.09.2025;9Y;OIS;GBP;0,04185;SONIA;1D;1Y;;;;1Y;Act360;Act360;;ModifiedFollowing;ModifiedFollowing;;2D
03.09.2025;7M;OIS;GBP;0,03923;SONIA;1D;7M;;;;7M;Act360;Act360;;ModifiedFollowing;ModifiedFollowing;;2D
03.09.2025;7Mx10M;FRA;USD;0,03772;LIBOR;3M;3M;;;;3M;Act360;Act360;;ModifiedFollowing;ModifiedFollowing;;2D
03.09.2025;15Y;OIS;EUR;0,02863;EONIA;1D;1Y;;;;1Y;Act360;Act360;;ModifiedFollowing;ModifiedFollowing;;2D
03.09.2025;6M;OIS;GBP;0,03939;SONIA;1D;6M;;;;6M;Act360;Act360;;ModifiedFollowing;ModifiedFollowing;;2D
03.09.2025;7Mx10M;FRA;GBP;0,03822;LIBOR;3M;3M;;;;3M;Act360;Act360;;ModifiedFollowing;ModifiedFollowing;;2D
03.09.2025;10Y;OIS;GBP;0,04262;SONIA;1D;1Y;;;;1Y;Act360;Act360;;ModifiedFollowing;ModifiedFollowing;;2D
03.09.2025;6Mx9M;FRA;USD;0,03842;LIBOR;3M;3M;;;;3M;Act360;Act360;;ModifiedFollowing;ModifiedFollowing;;2D
03.09.2025;5M;OIS;GBP;0,03955;SONIA;1D;5M;;;;5M;Act360;Act360;;ModifiedFollowing;ModifiedFollowing;;2D
03.09.2025;8Mx11M;FRA;GBP;0,03797;LIBOR;3M;3M;;;;3M;Act360;Act360;;ModifiedFollowing;ModifiedFollowing;;2D
03.09.2025;7Y;OIS;EUR;0,024025;EONIA;1D;1Y;;;;1Y;Act360;Act360;;ModifiedFollowing;ModifiedFollowing;;2D
03.09.2025;4M;OIS;GBP;0,03961;SONIA;1D;4M;;;;4M;Act360;Act360;;ModifiedFollowing;ModifiedFollowing;;2D
03.09.2025;1Mx7M;FRA;GBP;0,04181;LIBOR;3M;3M;;;;3M;Act360;Act360;;ModifiedFollowing;ModifiedFollowing;;2D
03.09.2025;11Y;IRS;EUR;0,027354;EURIBOR;3M;3M;;;;1Y;Act360;Act360;;ModifiedFollowing;ModifiedFollowing;;2D
03.09.2025;12Y;OIS;GBP;0,04404;SONIA;1D;1Y;;;;1Y;Act360;Act360;;ModifiedFollowing;ModifiedFollowing;;2D
03.09.2025;3M;OIS;GBP;0,0397;SONIA;1D;3M;;;;3M;Act360;Act360;;ModifiedFollowing;ModifiedFollowing;;2D
03.09.2025;20Y;OIS;EUR;0,0295;EONIA;1D;1Y;;;;1Y;Act360;Act360;;ModifiedFollowing;ModifiedFollowing;;2D
03.09.2025;2Mx8M;FRA;GBP;0,04142;LIBOR;3M;3M;;;;3M;Act360;Act360;;ModifiedFollowing;ModifiedFollowing;;2D
03.09.2025;5Mx8M;FRA;USD;0,03909;LIBOR;3M;3M;;;;3M;Act360;Act360;;ModifiedFollowing;ModifiedFollowing;;2D
03.09.2025;2M;OIS;GBP;0,03978;SONIA;1D;2M;;;;2M;Act360;Act360;;ModifiedFollowing;ModifiedFollowing;;2D
03.09.2025;3Mx9M;FRA;GBP;0,04101;LIBOR;3M;3M;;;;3M;Act360;Act360;;ModifiedFollowing;ModifiedFollowing;;2D
03.09.2025;1M;OIS;GBP;0,03973;SONIA;1D;1M;;;;1M;Act360;Act360;;ModifiedFollowing;ModifiedFollowing;;2D
03.09.2025;15Y;OIS;GBP;0,04571;SONIA;1D;1Y;;;;1Y;Act360;Act360;;ModifiedFollowing;ModifiedFollowing;;2D
03.09.2025;4Mx7M;FRA;USD;0,04009;LIBOR;3M;3M;;;;3M;Act360;Act360;;ModifiedFollowing;ModifiedFollowing;;2D
03.09.2025;14D;OIS;GBP;0,03971;SONIA;1D;14D;;;;14D;Act360;Act360;;ModifiedFollowing;ModifiedFollowing;;2D
03.09.2025;4Mx10M;FRA;GBP;0,04059;LIBOR;3M;3M;;;;3M;Act360;Act360;;ModifiedFollowing;ModifiedFollowing;;2D
03.09.2025;30Y;OIS;EUR;0,02963;EONIA;1D;1Y;;;;1Y;Act360;Act360;;ModifiedFollowing;ModifiedFollowing;;2D
03.09.2025;20Y;OIS;GBP;0,04737;SONIA;1D;1Y;;;;1Y;Act360;Act360;;ModifiedFollowing;ModifiedFollowing;;2D
03.09.2025;7D;OIS;GBP;0,03969;SONIA;1D;7D;;;;7D;Act360;Act360;;ModifiedFollowing;ModifiedFollowing;;2D
03.09.2025;5Mx11M;FRA;GBP;0,04024;LIBOR;3M;3M;;;;3M;Act360;Act360;;ModifiedFollowing;ModifiedFollowing;;2D
03.09.2025;6Y;OIS;EUR;0,023185;EONIA;1D;1Y;;;;1Y;Act360;Act360;;ModifiedFollowing;ModifiedFollowing;;2D
03.09.2025;50Y;OIS;USD;0,03832;SOFR;1D;1Y;;;;1Y;Act360;Act360;;ModifiedFollowing;ModifiedFollowing;;2D
03.09.2025;25Y;OIS;GBP;0,04808;SONIA;1D;1Y;;;;1Y;Act360;Act360;;ModifiedFollowing;ModifiedFollowing;;2D
03.09.2025;1Y;OIS;EUR;0,01934;EONIA;1D;1Y;;;;1Y;Act360;Act360;;ModifiedFollowing;ModifiedFollowing;;2D
03.09.2025;3M;OIS;EUR;0,02006;EONIA;1D;3M;;;;3M;Act360;Act360;;ModifiedFollowing;ModifiedFollowing;;2D
03.09.2025;3Mx6M;FRA;USD;0,0409;LIBOR;3M;3M;;;;3M;Act360;Act360;;ModifiedFollowing;ModifiedFollowing;;2D
03.09.2025;40Y;OIS;USD;0,03952;SOFR;1D;1Y;;;;1Y;Act360;Act360;;ModifiedFollowing;ModifiedFollowing;;2D
03.09.2025;35Y;OIS;USD;0,0401;SOFR;1D;1Y;;;;1Y;Act360;Act360;;ModifiedFollowing;ModifiedFollowing;;2D
03.09.2025;30Y;OIS;GBP;0,04822;SONIA;1D;1Y;;;;1Y;Act360;Act360;;ModifiedFollowing;ModifiedFollowing;;2D
03.09.2025;1Y;IRS;EUR;0,02011;EURIBOR;3M;3M;;;;1Y;Act360;Act360;;ModifiedFollowing;ModifiedFollowing;;2D
03.09.2025;5Mx8M;FRA;EUR;0,01938;EURIBOR;3M;3M;;;;3M;Act360;Act360;;ModifiedFollowing;ModifiedFollowing;;2D
03.09.2025;2Mx5M;FRA;USD;0,04194;LIBOR;3M;3M;;;;3M;Act360;Act360;;ModifiedFollowing;ModifiedFollowing;;2D
03.09.2025;30Y;OIS;USD;0,04066;SOFR;1D;1Y;;;;1Y;Act360;Act360;;ModifiedFollowing;ModifiedFollowing;;2D
03.09.2025;40Y;OIS;GBP;0,04771;SONIA;1D;1Y;;;;1Y;Act360;Act360;;ModifiedFollowing;ModifiedFollowing;;2D
03.09.2025;25Y;OIS;USD;0,04094;SOFR;1D;1Y;;;;1Y;Act360;Act360;;ModifiedFollowing;ModifiedFollowing;;2D
03.09.2025;1Mx4M;FRA;USD;0,04304;LIBOR;3M;3M;;;;3M;Act360;Act360;;ModifiedFollowing;ModifiedFollowing;;2D
03.09.2025;2M;IRS;EUR;0,01908;EURIBOR;1M;1M;;;;1Y;Act360;Act360;;ModifiedFollowing;ModifiedFollowing;;2D
03.09.2025;20Y;OIS;USD;0,04072;SOFR;1D;1Y;;;;1Y;Act360;Act360;;ModifiedFollowing;ModifiedFollowing;;2D
03.09.2025;50Y;OIS;GBP;0,0468;SONIA;1D;1Y;;;;1Y;Act360;Act360;;ModifiedFollowing;ModifiedFollowing;;2D
03.09.2025;8Mx11M;FRA;EUR;0,01908;EURIBOR;3M;3M;;;;3M;Act360;Act360;;ModifiedFollowing;ModifiedFollowing;;2D
03.09.2025;2Y;IRS;EUR;0,020215;EURIBOR;3M;3M;;;;1Y;Act360;Act360;;ModifiedFollowing;ModifiedFollowing;;2D
03.09.2025;15Y;OIS;USD;0,03954;SOFR;1D;1Y;;;;1Y;Act360;Act360;;ModifiedFollowing;ModifiedFollowing;;2D
03.09.2025;11Mx23M;FRA;EUR;0,02155;EURIBOR;3M;3M;;;;3M;Act360;Act360;;ModifiedFollowing;ModifiedFollowing;;2D
03.09.2025;5Y;OIS;EUR;0,022295;EONIA;1D;1Y;;;;1Y;Act360;Act360;;ModifiedFollowing;ModifiedFollowing;;2D
03.09.2025;12Y;OIS;USD;0,03812;SOFR;1D;1Y;;;;1Y;Act360;Act360;;ModifiedFollowing;ModifiedFollowing;;2D
03.09.2025;1M;DEPOSIT;EUR;0,0196;EURIBOR;1M;1M;;;;1M;Act360;Act360;;ModifiedFollowing;ModifiedFollowing;;2D
03.09.2025;40Y;IRS;EUR;0,02978;EURIBOR;3M;3M;;;;1Y;Act360;Act360;;ModifiedFollowing;ModifiedFollowing;;2D
03.09.2025;4M;IRS;EUR;0,01912;EURIBOR;1M;1M;;;;1Y;Act360;Act360;;ModifiedFollowing;ModifiedFollowing;;2D
03.09.2025;10Y;OIS;USD;0,03684;SOFR;1D;1Y;;;;1Y;Act360;Act360;;ModifiedFollowing;ModifiedFollowing;;2D
03.09.2025;9Y;OIS;USD;0,03613;SOFR;1D;1Y;;;;1Y;Act360;Act360;;ModifiedFollowing;ModifiedFollowing;;2D
03.09.2025;3M;DEPOSIT;EUR;0,02065;EURIBOR;3M;3M;;;;3M;Act360;Act360;;ModifiedFollowing;ModifiedFollowing;;2D
03.09.2025;10Mx22M;FRA;EUR;0,0214;EURIBOR;3M;3M;;;;3M;Act360;Act360;;ModifiedFollowing;ModifiedFollowing;;2D
03.09.2025;3Y;IRS;EUR;0,021095;EURIBOR;3M;3M;;;;1Y;Act360;Act360;;ModifiedFollowing;ModifiedFollowing;;2D
03.09.2025;8Y;OIS;USD;0,0354;SOFR;1D;1Y;;;;1Y;Act360;Act360;;ModifiedFollowing;ModifiedFollowing;;2D
03.09.2025;6M;DEPOSIT;EUR;0,019;EURIBOR;6M;6M;;;;6M;Act360;Act360;;ModifiedFollowing;ModifiedFollowing;;2D
03.09.2025;9Mx21M;FRA;EUR;0,0213;EURIBOR;3M;3M;;;;3M;Act360;Act360;;ModifiedFollowing;ModifiedFollowing;;2D
03.09.2025;7Y;OIS;USD;0,03462;SOFR;1D;1Y;;;;1Y;Act360;Act360;;ModifiedFollowing;ModifiedFollowing;;2D
03.09.2025;6Y;OIS;USD;0,03386;SOFR;1D;1Y;;;;1Y;Act360;Act360;;ModifiedFollowing;ModifiedFollowing;;2D
03.09.2025;11M;OIS;EUR;0,019385;EONIA;1D;1Y;;;;1Y;Act360;Act360;;ModifiedFollowing;ModifiedFollowing;;2D
03.09.2025;12M;DEPOSIT;EUR;0,02055;EURIBOR;12M;1Y;;;;1Y;Act360;Act360;;ModifiedFollowing;ModifiedFollowing;;2D
03.09.2025;5Y;OIS;USD;0,03321;SOFR;1D;1Y;;;;1Y;Act360;Act360;;ModifiedFollowing;ModifiedFollowing;;2D
03.09.2025;2M;OIS;EUR;0,020105;EONIA;1D;2M;;;;2M;Act360;Act360;;ModifiedFollowing;ModifiedFollowing;;2D
03.09.2025;9M;OIS;EUR;0,019503;EONIA;1D;9M;;;;9M;Act360;Act360;;ModifiedFollowing;ModifiedFollowing;;2D
03.09.2025;4Y;IRS;EUR;0,02204;EURIBOR;3M;3M;;;;1Y;Act360;Act360;;ModifiedFollowing;ModifiedFollowing;;2D
03.09.2025;8Mx20M;FRA;EUR;0,0212;EURIBOR;3M;3M;;;;3M;Act360;Act360;;ModifiedFollowing;ModifiedFollowing;;2D
03.09.2025;4Y;OIS;EUR;0,021375;EONIA;1D;1Y;;;;1Y;Act360;Act360;;ModifiedFollowing;ModifiedFollowing;;2D
03.09.2025;4Y;OIS;USD;0,03287;SOFR;1D;1Y;;;;1Y;Act360;Act360;;ModifiedFollowing;ModifiedFollowing;;2D
03.09.2025;1M;DEPOSIT;USD;0,04285;LIBOR;1M;1M;;;;1M;Act360;Act360;;ModifiedFollowing;ModifiedFollowing;;2D
03.09.2025;7Mx19M;FRA;EUR;0,02113;EURIBOR;3M;3M;;;;3M;Act360;Act360;;ModifiedFollowing;ModifiedFollowing;;2D
03.09.2025;3Y;OIS;USD;0,03288;SOFR;1D;1Y;;;;1Y;Act360;Act360;;ModifiedFollowing;ModifiedFollowing;;2D
03.09.2025;50Y;IRS;EUR;0,0294;EURIBOR;3M;3M;;;;1Y;Act360;Act360;;ModifiedFollowing;ModifiedFollowing;;2D
03.09.2025;2Y;OIS;USD;0,033799;SOFR;1D;1Y;;;;1Y;Act360;Act360;;ModifiedFollowing;ModifiedFollowing;;2D
03.09.2025;3M;DEPOSIT;USD;0,04245;LIBOR;3M;3M;;;;3M;Act360;Act360;;ModifiedFollowing;ModifiedFollowing;;2D
03.09.2025;18M;OIS;USD;0,03498;SOFR;1D;1Y;;;;1Y;Act360;Act360;;ModifiedFollowing;ModifiedFollowing;;2D
03.09.2025;5Y;IRS;EUR;0,022908;EURIBOR;3M;3M;;;;1Y;Act360;Act360;;ModifiedFollowing;ModifiedFollowing;;2D
03.09.2025;6Mx18M;FRA;EUR;0,0211;EURIBOR;3M;3M;;;;3M;Act360;Act360;;ModifiedFollowing;ModifiedFollowing;;2D
03.09.2025;1Y;OIS;USD;0,03718;SOFR;1D;1Y;;;;1Y;Act360;Act360;;ModifiedFollowing;ModifiedFollowing;;2D
03.09.2025;15Y;IRS;EUR;0,02911;EURIBOR;3M;3M;;;;1Y;Act360;Act360;;ModifiedFollowing;ModifiedFollowing;;2D
03.09.2025;6M;DEPOSIT;USD;0,04215;LIBOR;6M;6M;;;;6M;Act360;Act360;;ModifiedFollowing;ModifiedFollowing;;2D
03.09.2025;11M;OIS;USD;0,03762;SOFR;1D;1Y;;;;1Y;Act360;Act360;;ModifiedFollowing;ModifiedFollowing;;2D
03.09.2025;8M;OIS;EUR;0,019595;EONIA;1D;8M;;;;8M;Act360;Act360;;ModifiedFollowing;ModifiedFollowing;;2D
03.09.2025;5Mx17M;FRA;EUR;0,02111;EURIBOR;3M;3M;;;;3M;Act360;Act360;;ModifiedFollowing;ModifiedFollowing;;2D
03.09.2025;10M;OIS;USD;0,03801;SOFR;1D;1Y;;;;1Y;Act360;Act360;;ModifiedFollowing;ModifiedFollowing;;2D
03.09.2025;12M;DEPOSIT;USD;0,04125;LIBOR;12M;1Y;;;;1Y;Act360;Act360;;ModifiedFollowing;ModifiedFollowing;;2D
03.09.2025;9M;OIS;USD;0,0384;SOFR;1D;9M;;;;9M;Act360;Act360;;ModifiedFollowing;ModifiedFollowing;;2D
03.09.2025;6Y;IRS;EUR;0,02374;EURIBOR;3M;3M;;;;1Y;Act360;Act360;;ModifiedFollowing;ModifiedFollowing;;2D
03.09.2025;3Y;OIS;EUR;0,020367;EONIA;1D;1Y;;;;1Y;Act360;Act360;;ModifiedFollowing;ModifiedFollowing;;2D
03.09.2025;4M;OIS;EUR;0,019995;EONIA;1D;4M;;;;4M;Act360;Act360;;ModifiedFollowing;ModifiedFollowing;;2D
03.09.2025;8M;OIS;USD;0,03881;SOFR;1D;8M;;;;8M;Act360;Act360;;ModifiedFollowing;ModifiedFollowing;;2D
03.09.2025;1Mx4M;FRA;EUR;0,0203;EURIBOR;3M;3M;;;;3M;Act360;Act360;;ModifiedFollowing;ModifiedFollowing;;2D
03.09.2025;1M;DEPOSIT;GBP;0,0407;LIBOR;1M;1M;;;;1M;Act360;Act360;;ModifiedFollowing;ModifiedFollowing;;2D
03.09.2025;4Mx16M;FRA;EUR;0,02115;EURIBOR;3M;3M;;;;3M;Act360;Act360;;ModifiedFollowing;ModifiedFollowing;;2D
03.09.2025;6Mx9M;FRA;EUR;0,01922;EURIBOR;3M;3M;;;;3M;Act360;Act360;;ModifiedFollowing;ModifiedFollowing;;2D
03.09.2025;7M;OIS;USD;0,03917;SOFR;1D;7M;;;;7M;Act360;Act360;;ModifiedFollowing;ModifiedFollowing;;2D
03.09.2025;20Y;IRS;EUR;0,02995;EURIBOR;3M;3M;;;;1Y;Act360;Act360;;ModifiedFollowing;ModifiedFollowing;;2D
03.09.2025;6M;OIS;USD;0,03958;SOFR;1D;6M;;;;6M;Act360;Act360;;ModifiedFollowing;ModifiedFollowing;;2D
03.09.2025;3M;DEPOSIT;GBP;0,0414;LIBOR;3M;3M;;;;3M;Act360;Act360;;ModifiedFollowing;ModifiedFollowing;;2D
03.09.2025;1M;OIS;EUR;0,02008;EONIA;1D;1M;;;;1M;Act360;Act360;;ModifiedFollowing;ModifiedFollowing;;2D
03.09.2025;3Mx15M;FRA;EUR;0,02122;EURIBOR;3M;3M;;;;3M;Act360;Act360;;ModifiedFollowing;ModifiedFollowing;;2D
03.09.2025;7Y;IRS;EUR;0,02456;EURIBOR;3M;3M;;;;1Y;Act360;Act360;;ModifiedFollowing;ModifiedFollowing;;2D
03.09.2025;5M;OIS;USD;0,03996;SOFR;1D;5M;;;;5M;Act360;Act360;;ModifiedFollowing;ModifiedFollowing;;2D
03.09.2025;60Y;IRS;EUR;0,02891;EURIBOR;3M;3M;;;;1Y;Act360;Act360;;ModifiedFollowing;ModifiedFollowing;;2D
03.09.2025;6M;DEPOSIT;GBP;0,0422;LIBOR;6M;6M;;;;6M;Act360;Act360;;ModifiedFollowing;ModifiedFollowing;;2D
03.09.2025;4M;OIS;USD;0,04043;SOFR;1D;4M;;;;4M;Act360;Act360;;ModifiedFollowing;ModifiedFollowing;;2D
03.09.2025;5M;OIS;EUR;0,019885;EONIA;1D;5M;;;;5M;Act360;Act360;;ModifiedFollowing;ModifiedFollowing;;2D
03.09.2025;2Mx14M;FRA;EUR;0,02132;EURIBOR;3M;3M;;;;3M;Act360;Act360;;ModifiedFollowing;ModifiedFollowing;;2D
03.09.2025;3M;OIS;USD;0,04105;SOFR;1D;3M;;;;3M;Act360;Act360;;ModifiedFollowing;ModifiedFollowing;;2D
03.09.2025;12M;DEPOSIT;GBP;0,0426;LIBOR;12M;1Y;;;;1Y;Act360;Act360;;ModifiedFollowing;ModifiedFollowing;;2D
03.09.2025;2Y;OIS;EUR;0,01948;EONIA;1D;1Y;;;;1Y;Act360;Act360;;ModifiedFollowing;ModifiedFollowing;;2D
03.09.2025;2M;OIS;USD;0,04152;SOFR;1D;2M;;;;2M;Act360;Act360;;ModifiedFollowing;ModifiedFollowing;;2D
03.09.2025;25Y;IRS;EUR;0,030055;EURIBOR;3M;3M;;;;1Y;Act360;Act360;;ModifiedFollowing;ModifiedFollowing;;2D
03.09.2025;1Mx13M;FRA;EUR;0,02145;EURIBOR;3M;3M;;;;3M;Act360;Act360;;ModifiedFollowing;ModifiedFollowing;;2D
03.09.2025;8Y;IRS;EUR;0,025335;EURIBOR;3M;3M;;;;1Y;Act360;Act360;;ModifiedFollowing;ModifiedFollowing;;2D
03.09.2025;1M;OIS;USD;0,04205;SOFR;1D;1M;;;;1M;Act360;Act360;;ModifiedFollowing;ModifiedFollowing;;2D
03.09.2025;5Mx11M;FRA;EUR;0,02011;EURIBOR;3M;3M;;;;3M;Act360;Act360;;ModifiedFollowing;ModifiedFollowing;;2D
03.09.2025;14D;OIS;USD;0,04316;SOFR;1D;14D;;;;14D;Act360;Act360;;ModifiedFollowing;ModifiedFollowing;;2D
03.09.2025;7D;OIS;USD;0,0433;SOFR;1D;7D;;;;7D;Act360;Act360;;ModifiedFollowing;ModifiedFollowing;;2D
03.09.2025;11M;IRS;EUR;0,0187;EURIBOR;1M;1M;;;;1Y;Act360;Act360;;ModifiedFollowing;ModifiedFollowing;;2D
03.09.2025;9Y;IRS;EUR;0,026064;EURIBOR;3M;3M;;;;1Y;Act360;Act360;;ModifiedFollowing;ModifiedFollowing;;2D
03.09.2025;6M;OIS;EUR;0,019795;EONIA;1D;6M;;;;6M;Act360;Act360;;ModifiedFollowing;ModifiedFollowing;;2D
03.09.2025;4Mx10M;FRA;EUR;0,02025;EURIBOR;3M;3M;;;;3M;Act360;Act360;;ModifiedFollowing;ModifiedFollowing;;2D
03.09.2025;10M;IRS;EUR;0,01874;EURIBOR;1M;1M;;;;1Y;Act360;Act360;;ModifiedFollowing;ModifiedFollowing;;2D
03.09.2025;30Y;IRS;EUR;0,030005;EURIBOR;3M;3M;;;;1Y;Act360;Act360;;ModifiedFollowing;ModifiedFollowing;;2D
03.09.2025;18M;OIS;EUR;0,019203;EONIA;1D;1Y;;;;1Y;Act360;Act360;;ModifiedFollowing;ModifiedFollowing;;2D
03.09.2025;10M;OIS;EUR;0,01944;EONIA;1D;1Y;;;;1Y;Act360;Act360;;ModifiedFollowing;ModifiedFollowing;;2D
03.09.2025;9M;IRS;EUR;0,01879;EURIBOR;1M;1M;;;;1Y;Act360;Act360;;ModifiedFollowing;ModifiedFollowing;;2D
03.09.2025;3Mx9M;FRA;EUR;0,0204;EURIBOR;3M;3M;;;;3M;Act360;Act360;;ModifiedFollowing;ModifiedFollowing;;2D
03.09.2025;5M;IRS;EUR;0,01906;EURIBOR;1M;1M;;;;1Y;Act360;Act360;;ModifiedFollowing;ModifiedFollowing;;2D
03.09.2025;8M;IRS;EUR;0,01885;EURIBOR;1M;1M;;;;1Y;Act360;Act360;;ModifiedFollowing;ModifiedFollowing;;2D
03.09.2025;7M;IRS;EUR;0,01892;EURIBOR;1M;1M;;;;1Y;Act360;Act360;;ModifiedFollowing;ModifiedFollowing;;2D
03.09.2025;7D;OIS;EUR;0,019255;EONIA;1D;7D;;;;7D;Act360;Act360;;ModifiedFollowing;ModifiedFollowing;;2D
03.09.2025;10Y;IRS;EUR;0,02674;EURIBOR;3M;3M;;;;1Y;Act360;Act360;;ModifiedFollowing;ModifiedFollowing;;2D
03.09.2025;2Mx8M;FRA;EUR;0,02058;EURIBOR;3M;3M;;;;3M;Act360;Act360;;ModifiedFollowing;ModifiedFollowing;;2D
03.09.2025;12Y;IRS;EUR;0,02791;EURIBOR;3M;3M;;;;1Y;Act360;Act360;;ModifiedFollowing;ModifiedFollowing;;2D
03.09.2025;6M;IRS;EUR;0,019;EURIBOR;1M;1M;;;;1Y;Act360;Act360;;ModifiedFollowing;ModifiedFollowing;;2D
03.09.2025;2Mx5M;FRA;EUR;0,02004;EURIBOR;3M;3M;;;;3M;Act360;Act360;;ModifiedFollowing;ModifiedFollowing;;2D
03.09.2025;3Mx6M;FRA;EUR;0,01982;EURIBOR;3M;3M;;;;3M;Act360;Act360;;ModifiedFollowing;ModifiedFollowing;;2D
03.09.2025;1Mx7M;FRA;EUR;0,02075;EURIBOR;3M;3M;;;;3M;Act360;Act360;;ModifiedFollowing;ModifiedFollowing;;2D
03.09.2025;14D;OIS;EUR;0,020147;EONIA;1D;14D;;;;14D;Act360;Act360;;ModifiedFollowing;ModifiedFollowing;;2D
03.09.2025;3Mx9M;FRA;USD;0,04149;LIBOR;3M;3M;;;;3M;Act360;Act360;;ModifiedFollowing;ModifiedFollowing;;2D
03.09.2025;4Y;OIS;GBP;0,03826;SONIA;1D;1Y;;;;1Y;Act360;Act360;;ModifiedFollowing;ModifiedFollowing;;2D
03.09.2025;4Mx10M;FRA;USD;0,04075;LIBOR;3M;3M;;;;3M;Act360;Act360;;ModifiedFollowing;ModifiedFollowing;;2D
03.09.2025;3Y;OIS;GBP;0,03788;SONIA;1D;1Y;;;;1Y;Act360;Act360;;ModifiedFollowing;ModifiedFollowing;;2D
03.09.2025;9Y;OIS;EUR;0,025575;EONIA;1D;1Y;;;;1Y;Act360;Act360;;ModifiedFollowing;ModifiedFollowing;;2D
03.09.2025;5Mx11M;FRA;USD;0,03974;LIBOR;3M;3M;;;;3M;Act360;Act360;;ModifiedFollowing;ModifiedFollowing;;2D
03.09.2025;5Y;OIS;GBP;0,03881;SONIA;1D;1Y;;;;1Y;Act360;Act360;;ModifiedFollowing;ModifiedFollowing;;2D
03.09.2025;2Y;OIS;GBP;0,03778;SONIA;1D;1Y;;;;1Y;Act360;Act360;;ModifiedFollowing;ModifiedFollowing;;2D
03.09.2025;2Mx8M;FRA;USD;0,04238;LIBOR;3M;3M;;;;3M;Act360;Act360;;ModifiedFollowing;ModifiedFollowing;;2D
03.09.2025;18M;OIS;GBP;0,03791;SONIA;1D;1Y;;;;1Y;Act360;Act360;;ModifiedFollowing;ModifiedFollowing;;2D
03.09.2025;1Mx4M;FRA;GBP;0,0406;LIBOR;3M;3M;;;;3M;Act360;Act360;;ModifiedFollowing;ModifiedFollowing;;2D
03.09.2025;4Mx7M;FRA;EUR;0,01961;EURIBOR;3M;3M;;;;3M;Act360;Act360;;ModifiedFollowing;ModifiedFollowing;;2D
03.09.2025;6Y;OIS;GBP;0,03948;SONIA;1D;1Y;;;;1Y;Act360;Act360;;ModifiedFollowing;ModifiedFollowing;;2D
03.09.2025;7M;OIS;EUR;0,019685;EONIA;1D;7M;;;;7M;Act360;Act360;;ModifiedFollowing;ModifiedFollowing;;2D
03.09.2025;1Y;OIS;GBP;0,03867;SONIA;1D;1Y;;;;1Y;Act360;Act360;;ModifiedFollowing;ModifiedFollowing;;2D
02.09.2025;25Y;OIS;USD;0,0408;SOFR;1D;1Y;;;;1Y;Act360;Act360;;ModifiedFollowing;ModifiedFollowing;;2D
02.09.2025;12Y;OIS;GBP;0,04402;SONIA;1D;1Y;;;;1Y;Act360;Act360;;ModifiedFollowing;ModifiedFollowing;;2D
02.09.2025;3M;DEPOSIT;EUR;0,022;EURIBOR;3M;3M;;;;3M;Act360;Act360;;ModifiedFollowing;ModifiedFollowing;;2D
02.09.2025;7M;OIS;USD;0,03918;SOFR;1D;7M;;;;7M;Act360;Act360;;ModifiedFollowing;ModifiedFollowing;;2D
02.09.2025;6M;OIS;GBP;0,03942;SONIA;1D;6M;;;;6M;Act360;Act360;;ModifiedFollowing;ModifiedFollowing;;2D
02.09.2025;4M;IRS;EUR;0,01911;EURIBOR;1M;1M;;;;1Y;Act360;Act360;;ModifiedFollowing;ModifiedFollowing;;2D
02.09.2025;8M;OIS;EUR;0,019667;EONIA;1D;8M;;;;8M;Act360;Act360;;ModifiedFollowing;ModifiedFollowing;;2D
02.09.2025;3M;DEPOSIT;GBP;0,0413;LIBOR;3M;3M;;;;3M;Act360;Act360;;ModifiedFollowing;ModifiedFollowing;;2D
02.09.2025;2M;IRS;EUR;0,01904;EURIBOR;1M;1M;;;;1Y;Act360;Act360;;ModifiedFollowing;ModifiedFollowing;;2D
02.09.2025;40Y;OIS;GBP;0,04759;SONIA;1D;1Y;;;;1Y;Act360;Act360;;ModifiedFollowing;ModifiedFollowing;;2D
02.09.2025;3Y;IRS;EUR;0,021186;EURIBOR;3M;3M;;;;1Y;Act360;Act360;;ModifiedFollowing;ModifiedFollowing;;2D
02.09.2025;3M;OIS;USD;0,04113;SOFR;1D;3M;;;;3M;Act360;Act360;;ModifiedFollowing;ModifiedFollowing;;2D
02.09.2025;4Mx10M;FRA;USD;0,04069;LIBOR;3M;3M;;;;3M;Act360;Act360;;ModifiedFollowing;ModifiedFollowing;;2D
02.09.2025;6Mx9M;FRA;GBP;0,03875;LIBOR;3M;3M;;;;3M;Act360;Act360;;ModifiedFollowing;ModifiedFollowing;;2D
02.09.2025;4Mx10M;FRA;GBP;0,04068;LIBOR;3M;3M;;;;3M;Act360;Act360;;ModifiedFollowing;ModifiedFollowing;;2D
02.09.2025;1Mx4M;FRA;EUR;0,02033;EURIBOR;3M;3M;;;;3M;Act360;Act360;;ModifiedFollowing;ModifiedFollowing;;2D
02.09.2025;8Y;OIS;USD;0,03532;SOFR;1D;1Y;;;;1Y;Act360;Act360;;ModifiedFollowing;ModifiedFollowing;;2D
02.09.2025;4Mx16M;FRA;EUR;0,02122;EURIBOR;3M;3M;;;;3M;Act360;Act360;;ModifiedFollowing;ModifiedFollowing;;2D
02.09.2025;1M;OIS;USD;0,04211;SOFR;1D;1M;;;;1M;Act360;Act360;;ModifiedFollowing;ModifiedFollowing;;2D
02.09.2025;5Mx11M;FRA;EUR;0,02027;EURIBOR;3M;3M;;;;3M;Act360;Act360;;ModifiedFollowing;ModifiedFollowing;;2D
02.09.2025;15Y;OIS;EUR;0,028615;EONIA;1D;1Y;;;;1Y;Act360;Act360;;ModifiedFollowing;ModifiedFollowing;;2D
02.09.2025;6M;OIS;EUR;0,019855;EONIA;1D;6M;;;;6M;Act360;Act360;;ModifiedFollowing;ModifiedFollowing;;2D
02.09.2025;3Mx9M;FRA;GBP;0,04111;LIBOR;3M;3M;;;;3M;Act360;Act360;;ModifiedFollowing;ModifiedFollowing;;2D
02.09.2025;8M;OIS;USD;0,03883;SOFR;1D;8M;;;;8M;Act360;Act360;;ModifiedFollowing;ModifiedFollowing;;2D
02.09.2025;4Mx10M;FRA;EUR;0,02039;EURIBOR;3M;3M;;;;3M;Act360;Act360;;ModifiedFollowing;ModifiedFollowing;;2D
02.09.2025;9Y;OIS;EUR;0,025595;EONIA;1D;1Y;;;;1Y;Act360;Act360;;ModifiedFollowing;ModifiedFollowing;;2D
02.09.2025;7Mx10M;FRA;USD;0,03761;LIBOR;3M;3M;;;;3M;Act360;Act360;;ModifiedFollowing;ModifiedFollowing;;2D
02.09.2025;1M;OIS;EUR;0,02009;EONIA;1D;1M;;;;1M;Act360;Act360;;ModifiedFollowing;ModifiedFollowing;;2D
02.09.2025;3Y;OIS;GBP;0,03788;SONIA;1D;1Y;;;;1Y;Act360;Act360;;ModifiedFollowing;ModifiedFollowing;;2D
02.09.2025;1Mx7M;FRA;GBP;0,04188;LIBOR;3M;3M;;;;3M;Act360;Act360;;ModifiedFollowing;ModifiedFollowing;;2D
02.09.2025;12M;DEPOSIT;GBP;0,0426;LIBOR;12M;1Y;;;;1Y;Act360;Act360;;ModifiedFollowing;ModifiedFollowing;;2D
02.09.2025;14D;OIS;EUR;0,0201;EONIA;1D;14D;;;;14D;Act360;Act360;;ModifiedFollowing;ModifiedFollowing;;2D
02.09.2025;6M;DEPOSIT;EUR;0,019;EURIBOR;6M;6M;;;;6M;Act360;Act360;;ModifiedFollowing;ModifiedFollowing;;2D
02.09.2025;18M;OIS;EUR;0,01929;EONIA;1D;1Y;;;;1Y;Act360;Act360;;ModifiedFollowing;ModifiedFollowing;;2D
02.09.2025;7M;OIS;GBP;0,03928;SONIA;1D;7M;;;;7M;Act360;Act360;;ModifiedFollowing;ModifiedFollowing;;2D
02.09.2025;2Mx8M;FRA;EUR;0,02075;EURIBOR;3M;3M;;;;3M;Act360;Act360;;ModifiedFollowing;ModifiedFollowing;;2D
02.09.2025;3Mx15M;FRA;EUR;0,02128;EURIBOR;3M;3M;;;;3M;Act360;Act360;;ModifiedFollowing;ModifiedFollowing;;2D
02.09.2025;9Y;OIS;GBP;0,04186;SONIA;1D;1Y;;;;1Y;Act360;Act360;;ModifiedFollowing;ModifiedFollowing;;2D
02.09.2025;7D;OIS;USD;0,0433;SOFR;1D;7D;;;;7D;Act360;Act360;;ModifiedFollowing;ModifiedFollowing;;2D
02.09.2025;5Mx11M;FRA;GBP;0,04032;LIBOR;3M;3M;;;;3M;Act360;Act360;;ModifiedFollowing;ModifiedFollowing;;2D
02.09.2025;9Mx21M;FRA;EUR;0,02135;EURIBOR;3M;3M;;;;3M;Act360;Act360;;ModifiedFollowing;ModifiedFollowing;;2D
02.09.2025;7D;OIS;EUR;0,02007;EONIA;1D;7D;;;;7D;Act360;Act360;;ModifiedFollowing;ModifiedFollowing;;2D
02.09.2025;2M;OIS;USD;0,04161;SOFR;1D;2M;;;;2M;Act360;Act360;;ModifiedFollowing;ModifiedFollowing;;2D
02.09.2025;30Y;OIS;EUR;0,029565;EONIA;1D;1Y;;;;1Y;Act360;Act360;;ModifiedFollowing;ModifiedFollowing;;2D
02.09.2025;7Y;OIS;USD;0,03455;SOFR;1D;1Y;;;;1Y;Act360;Act360;;ModifiedFollowing;ModifiedFollowing;;2D
02.09.2025;2Y;OIS;EUR;0,01955;EONIA;1D;1Y;;;;1Y;Act360;Act360;;ModifiedFollowing;ModifiedFollowing;;2D
02.09.2025;2Y;OIS;GBP;0,0378;SONIA;1D;1Y;;;;1Y;Act360;Act360;;ModifiedFollowing;ModifiedFollowing;;2D
02.09.2025;2M;OIS;EUR;0,02011;EONIA;1D;2M;;;;2M;Act360;Act360;;ModifiedFollowing;ModifiedFollowing;;2D
02.09.2025;4Mx7M;FRA;USD;0,04008;LIBOR;3M;3M;;;;3M;Act360;Act360;;ModifiedFollowing;ModifiedFollowing;;2D
02.09.2025;8Y;IRS;EUR;0,02538;EURIBOR;3M;3M;;;;1Y;Act360;Act360;;ModifiedFollowing;ModifiedFollowing;;2D
02.09.2025;7Y;IRS;EUR;0,024605;EURIBOR;3M;3M;;;;1Y;Act360;Act360;;ModifiedFollowing;ModifiedFollowing;;2D
02.09.2025;20Y;OIS;USD;0,04062;SOFR;1D;1Y;;;;1Y;Act360;Act360;;ModifiedFollowing;ModifiedFollowing;;2D
02.09.2025;6Y;OIS;USD;0,03377;SOFR;1D;1Y;;;;1Y;Act360;Act360;;ModifiedFollowing;ModifiedFollowing;;2D
02.09.2025;40Y;OIS;USD;0,03936;SOFR;1D;1Y;;;;1Y;Act360;Act360;;ModifiedFollowing;ModifiedFollowing;;2D
02.09.2025;25Y;IRS;EUR;0,030009;EURIBOR;3M;3M;;;;1Y;Act360;Act360;;ModifiedFollowing;ModifiedFollowing;;2D
02.09.2025;1Mx13M;FRA;EUR;0,02146;EURIBOR;3M;3M;;;;3M;Act360;Act360;;ModifiedFollowing;ModifiedFollowing;;2D
02.09.2025;3Mx9M;FRA;EUR;0,02054;EURIBOR;3M;3M;;;;3M;Act360;Act360;;ModifiedFollowing;ModifiedFollowing;;2D
02.09.2025;8M;OIS;GBP;0,03916;SONIA;1D;8M;;;;8M;Act360;Act360;;ModifiedFollowing;ModifiedFollowing;;2D
02.09.2025;50Y;IRS;EUR;0,029329;EURIBOR;3M;3M;;;;1Y;Act360;Act360;;ModifiedFollowing;ModifiedFollowing;;2D
02.09.2025;7Mx10M;FRA;EUR;0,01923;EURIBOR;3M;3M;;;;3M;Act360;Act360;;ModifiedFollowing;ModifiedFollowing;;2D
02.09.2025;4M;OIS;GBP;0,03963;SONIA;1D;4M;;;;4M;Act360;Act360;;ModifiedFollowing;ModifiedFollowing;;2D
02.09.2025;9M;OIS;USD;0,0384;SOFR;1D;9M;;;;9M;Act360;Act360;;ModifiedFollowing;ModifiedFollowing;;2D
02.09.2025;2M;OIS;GBP;0,03978;SONIA;1D;2M;;;;2M;Act360;Act360;;ModifiedFollowing;ModifiedFollowing;;2D
02.09.2025;12M;DEPOSIT;EUR;0,0221;EURIBOR;12M;1Y;;;;1Y;Act360;Act360;;ModifiedFollowing;ModifiedFollowing;;2D
02.09.2025;5Mx8M;FRA;GBP;0,03912;LIBOR;3M;3M;;;;3M;Act360;Act360;;ModifiedFollowing;ModifiedFollowing;;2D
02.09.2025;60Y;IRS;EUR;0,02884;EURIBOR;3M;3M;;;;1Y;Act360;Act360;;ModifiedFollowing;ModifiedFollowing;;2D
02.09.2025;5Y;OIS;USD;0,03311;SOFR;1D;1Y;;;;1Y;Act360;Act360;;ModifiedFollowing;ModifiedFollowing;;2D
02.09.2025;4M;OIS;EUR;0,02001;EONIA;1D;4M;;;;4M;Act360;Act360;;ModifiedFollowing;ModifiedFollowing;;2D
02.09.2025;9M;OIS;EUR;0,019597;EONIA;1D;9M;;;;9M;Act360;Act360;;ModifiedFollowing;ModifiedFollowing;;2D
02.09.2025;6M;IRS;EUR;0,01904;EURIBOR;1M;1M;;;;1Y;Act360;Act360;;ModifiedFollowing;ModifiedFollowing;;2D
02.09.2025;8Mx11M;FRA;GBP;0,03805;LIBOR;3M;3M;;;;3M;Act360;Act360;;ModifiedFollowing;ModifiedFollowing;;2D
02.09.2025;8Mx11M;FRA;EUR;0,01917;EURIBOR;3M;3M;;;;3M;Act360;Act360;;ModifiedFollowing;ModifiedFollowing;;2D
02.09.2025;8Mx20M;FRA;EUR;0,02126;EURIBOR;3M;3M;;;;3M;Act360;Act360;;ModifiedFollowing;ModifiedFollowing;;2D
02.09.2025;15Y;OIS;GBP;0,04568;SONIA;1D;1Y;;;;1Y;Act360;Act360;;ModifiedFollowing;ModifiedFollowing;;2D
02.09.2025;11M;OIS;EUR;0,019467;EONIA;1D;1Y;;;;1Y;Act360;Act360;;ModifiedFollowing;ModifiedFollowing;;2D
02.09.2025;4Y;IRS;EUR;0,02212;EURIBOR;3M;3M;;;;1Y;Act360;Act360;;ModifiedFollowing;ModifiedFollowing;;2D
02.09.2025;50Y;OIS;GBP;0,04667;SONIA;1D;1Y;;;;1Y;Act360;Act360;;ModifiedFollowing;ModifiedFollowing;;2D
02.09.2025;5Mx11M;FRA;USD;0,03968;LIBOR;3M;3M;;;;3M;Act360;Act360;;ModifiedFollowing;ModifiedFollowing;;2D
02.09.2025;6Y;OIS;EUR;0,023245;EONIA;1D;1Y;;;;1Y;Act360;Act360;;ModifiedFollowing;ModifiedFollowing;;2D
02.09.2025;5M;IRS;EUR;0,01907;EURIBOR;1M;1M;;;;1Y;Act360;Act360;;ModifiedFollowing;ModifiedFollowing;;2D
02.09.2025;5M;OIS;USD;0,04005;SOFR;1D;5M;;;;5M;Act360;Act360;;ModifiedFollowing;ModifiedFollowing;;2D
02.09.2025;9M;OIS;GBP;0,03902;SONIA;1D;9M;;;;9M;Act360;Act360;;ModifiedFollowing;ModifiedFollowing;;2D
02.09.2025;2Mx8M;FRA;GBP;0,04147;LIBOR;3M;3M;;;;3M;Act360;Act360;;ModifiedFollowing;ModifiedFollowing;;2D
02.09.2025;4Y;OIS;EUR;0,021455;EONIA;1D;1Y;;;;1Y;Act360;Act360;;ModifiedFollowing;ModifiedFollowing;;2D
02.09.2025;5M;OIS;GBP;0,03957;SONIA;1D;5M;;;;5M;Act360;Act360;;ModifiedFollowing;ModifiedFollowing;;2D
02.09.2025;5M;OIS;EUR;0,019917;EONIA;1D;5M;;;;5M;Act360;Act360;;ModifiedFollowing;ModifiedFollowing;;2D
02.09.2025;15Y;OIS;USD;0,03944;SOFR;1D;1Y;;;;1Y;Act360;Act360;;ModifiedFollowing;ModifiedFollowing;;2D
02.09.2025;2Mx8M;FRA;USD;0,04245;LIBOR;3M;3M;;;;3M;Act360;Act360;;ModifiedFollowing;ModifiedFollowing;;2D
02.09.2025;4Y;OIS;USD;0,03277;SOFR;1D;1Y;;;;1Y;Act360;Act360;;ModifiedFollowing;ModifiedFollowing;;2D
02.09.2025;3M;OIS;EUR;0,0201;EONIA;1D;3M;;;;3M;Act360;Act360;;ModifiedFollowing;ModifiedFollowing;;2D
02.09.2025;8Y;OIS;GBP;0,04107;SONIA;1D;1Y;;;;1Y;Act360;Act360;;ModifiedFollowing;ModifiedFollowing;;2D
02.09.2025;35Y;OIS;USD;0,03994;SOFR;1D;1Y;;;;1Y;Act360;Act360;;ModifiedFollowing;ModifiedFollowing;;2D
02.09.2025;1M;DEPOSIT;USD;0,04285;LIBOR;1M;1M;;;;1M;Act360;Act360;;ModifiedFollowing;ModifiedFollowing;;2D
02.09.2025;10M;OIS;EUR;0,019533;EONIA;1D;1Y;;;;1Y;Act360;Act360;;ModifiedFollowing;ModifiedFollowing;;2D
02.09.2025;1Mx4M;FRA;USD;0,04303;LIBOR;3M;3M;;;;3M;Act360;Act360;;ModifiedFollowing;ModifiedFollowing;;2D
02.09.2025;2Y;IRS;EUR;0,020281;EURIBOR;3M;3M;;;;1Y;Act360;Act360;;ModifiedFollowing;ModifiedFollowing;;2D
02.09.2025;6Mx9M;FRA;USD;0,03838;LIBOR;3M;3M;;;;3M;Act360;Act360;;ModifiedFollowing;ModifiedFollowing;;2D
02.09.2025;6Y;OIS;GBP;0,03951;SONIA;1D;1Y;;;;1Y;Act360;Act360;;ModifiedFollowing;ModifiedFollowing;;2D
02.09.2025;4Mx7M;FRA;GBP;0,03954;LIBOR;3M;3M;;;;3M;Act360;Act360;;ModifiedFollowing;ModifiedFollowing;;2D
02.09.2025;20Y;IRS;EUR;0,02994;EURIBOR;3M;3M;;;;1Y;Act360;Act360;;ModifiedFollowing;ModifiedFollowing;;2D
02.09.2025;30Y;OIS;GBP;0,04813;SONIA;1D;1Y;;;;1Y;Act360;Act360;;ModifiedFollowing;ModifiedFollowing;;2D
02.09.2025;11Mx23M;FRA;EUR;0,0216;EURIBOR;3M;3M;;;;3M;Act360;Act360;;ModifiedFollowing;ModifiedFollowing;;2D
02.09.2025;6Mx9M;FRA;EUR;0,01915;EURIBOR;3M;3M;;;;3M;Act360;Act360;;ModifiedFollowing;ModifiedFollowing;;2D
02.09.2025;9M;IRS;EUR;0,01887;EURIBOR;1M;1M;;;;1Y;Act360;Act360;;ModifiedFollowing;ModifiedFollowing;;2D
02.09.2025;1Mx4M;FRA;GBP;0,0407;LIBOR;3M;3M;;;;3M;Act360;Act360;;ModifiedFollowing;ModifiedFollowing;;2D
02.09.2025;7Mx19M;FRA;EUR;0,0212;EURIBOR;3M;3M;;;;3M;Act360;Act360;;ModifiedFollowing;ModifiedFollowing;;2D
02.09.2025;10M;OIS;GBP;0,03891;SONIA;1D;1Y;;;;1Y;Act360;Act360;;ModifiedFollowing;ModifiedFollowing;;2D
02.09.2025;8Mx11M;FRA;USD;0,03668;LIBOR;3M;3M;;;;3M;Act360;Act360;;ModifiedFollowing;ModifiedFollowing;;2D
02.09.2025;4M;OIS;USD;0,04051;SOFR;1D;4M;;;;4M;Act360;Act360;;ModifiedFollowing;ModifiedFollowing;;2D
02.09.2025;3Y;OIS;USD;0,03276;SOFR;1D;1Y;;;;1Y;Act360;Act360;;ModifiedFollowing;ModifiedFollowing;;2D
02.09.2025;5Mx8M;FRA;USD;0,0391;LIBOR;3M;3M;;;;3M;Act360;Act360;;ModifiedFollowing;ModifiedFollowing;;2D
02.09.2025;5Y;OIS;EUR;0,022395;EONIA;1D;1Y;;;;1Y;Act360;Act360;;ModifiedFollowing;ModifiedFollowing;;2D
02.09.2025;7M;IRS;EUR;0,01898;EURIBOR;1M;1M;;;;1Y;Act360;Act360;;ModifiedFollowing;ModifiedFollowing;;2D
02.09.2025;3Mx9M;FRA;USD;0,04146;LIBOR;3M;3M;;;;3M;Act360;Act360;;ModifiedFollowing;ModifiedFollowing;;2D
02.09.2025;30Y;IRS;EUR;0,029944;EURIBOR;3M;3M;;;;1Y;Act360;Act360;;ModifiedFollowing;ModifiedFollowing;;2D
02.09.2025;1Y;IRS;EUR;0,019714;EURIBOR;3M;3M;;;;1Y;Act360;Act360;;ModifiedFollowing;ModifiedFollowing;;2D
02.09.2025;2Y;OIS;USD;0,033665;SOFR;1D;1Y;;;;1Y;Act360;Act360;;ModifiedFollowing;ModifiedFollowing;;2D
02.09.2025;50Y;OIS;USD;0,03816;SOFR;1D;1Y;;;;1Y;Act360;Act360;;ModifiedFollowing;ModifiedFollowing;;2D
02.09.2025;18M;OIS;GBP;0,03795;SONIA;1D;1Y;;;;1Y;Act360;Act360;;ModifiedFollowing;ModifiedFollowing;;2D
02.09.2025;3M;DEPOSIT;USD;0,04245;LIBOR;3M;3M;;;;3M;Act360;Act360;;ModifiedFollowing;ModifiedFollowing;;2D
02.09.2025;6M;DEPOSIT;GBP;0,0421;LIBOR;6M;6M;;;;6M;Act360;Act360;;ModifiedFollowing;ModifiedFollowing;;2D
02.09.2025;12Y;OIS;USD;0,03802;SOFR;1D;1Y;;;;1Y;Act360;Act360;;ModifiedFollowing;ModifiedFollowing;;2D
02.09.2025;1M;DEPOSIT;GBP;0,04;LIBOR;1M;1M;;;;1M;Act360;Act360;;ModifiedFollowing;ModifiedFollowing;;2D
02.09.2025;18M;OIS;USD;0,03489;SOFR;1D;1Y;;;;1Y;Act360;Act360;;ModifiedFollowing;ModifiedFollowing;;2D
02.09.2025;1M;DEPOSIT;EUR;0,0196;EURIBOR;1M;1M;;;;1M;Act360;Act360;;ModifiedFollowing;ModifiedFollowing;;2D
02.09.2025;20Y;OIS;EUR;0,029485;EONIA;1D;1Y;;;;1Y;Act360;Act360;;ModifiedFollowing;ModifiedFollowing;;2D
02.09.2025;1Y;OIS;EUR;0,019433;EONIA;1D;1Y;;;;1Y;Act360;Act360;;ModifiedFollowing;ModifiedFollowing;;2D
02.09.2025;7D;OIS;GBP;0,0397;SONIA;1D;7D;;;;7D;Act360;Act360;;ModifiedFollowing;ModifiedFollowing;;2D
02.09.2025;3Mx6M;FRA;GBP;0,03995;LIBOR;3M;3M;;;;3M;Act360;Act360;;ModifiedFollowing;ModifiedFollowing;;2D
02.09.2025;5Y;IRS;EUR;0,023001;EURIBOR;3M;3M;;;;1Y;Act360;Act360;;ModifiedFollowing;ModifiedFollowing;;2D
02.09.2025;14D;OIS;USD;0,04332;SOFR;1D;14D;;;;14D;Act360;Act360;;ModifiedFollowing;ModifiedFollowing;;2D
02.09.2025;2Mx5M;FRA;USD;0,04202;LIBOR;3M;3M;;;;3M;Act360;Act360;;ModifiedFollowing;ModifiedFollowing;;2D
02.09.2025;6Mx18M;FRA;EUR;0,02117;EURIBOR;3M;3M;;;;3M;Act360;Act360;;ModifiedFollowing;ModifiedFollowing;;2D
02.09.2025;10Y;OIS;GBP;0,04263;SONIA;1D;1Y;;;;1Y;Act360;Act360;;ModifiedFollowing;ModifiedFollowing;;2D
02.09.2025;7Y;OIS;GBP;0,04028;SONIA;1D;1Y;;;;1Y;Act360;Act360;;ModifiedFollowing;ModifiedFollowing;;2D
02.09.2025;12Y;IRS;EUR;0,027901;EURIBOR;3M;3M;;;;1Y;Act360;Act360;;ModifiedFollowing;ModifiedFollowing;;2D
02.09.2025;11M;OIS;GBP;0,03881;SONIA;1D;1Y;;;;1Y;Act360;Act360;;ModifiedFollowing;ModifiedFollowing;;2D
02.09.2025;5Mx8M;FRA;EUR;0,01955;EURIBOR;3M;3M;;;;3M;Act360;Act360;;ModifiedFollowing;ModifiedFollowing;;2D
02.09.2025;1Y;OIS;GBP;0,03872;SONIA;1D;1Y;;;;1Y;Act360;Act360;;ModifiedFollowing;ModifiedFollowing;;2D
02.09.2025;1Y;OIS;USD;0,03718;SOFR;1D;1Y;;;;1Y;Act360;Act360;;ModifiedFollowing;ModifiedFollowing;;2D
02.09.2025;25Y;OIS;GBP;0,048;SONIA;1D;1Y;;;;1Y;Act360;Act360;;ModifiedFollowing;ModifiedFollowing;;2D
02.09.2025;6M;OIS;USD;0,03963;SOFR;1D;6M;;;;6M;Act360;Act360;;ModifiedFollowing;ModifiedFollowing;;2D
02.09.2025;14D;OIS;GBP;0,03972;SONIA;1D;14D;;;;14D;Act360;Act360;;ModifiedFollowing;ModifiedFollowing;;2D
02.09.2025;2Mx5M;FRA;EUR;0,02014;EURIBOR;3M;3M;;;;3M;Act360;Act360;;ModifiedFollowing;ModifiedFollowing;;2D
02.09.2025;15Y;IRS;EUR;0,029104;EURIBOR;3M;3M;;;;1Y;Act360;Act360;;ModifiedFollowing;ModifiedFollowing;;2D
02.09.2025;4Y;OIS;GBP;0,03826;SONIA;1D;1Y;;;;1Y;Act360;Act360;;ModifiedFollowing;ModifiedFollowing;;2D
02.09.2025;10Y;OIS;EUR;0,026243;EONIA;1D;1Y;;;;1Y;Act360;Act360;;ModifiedFollowing;ModifiedFollowing;;2D
02.09.2025;6M;DEPOSIT;USD;0,04215;LIBOR;6M;6M;;;;6M;Act360;Act360;;ModifiedFollowing;ModifiedFollowing;;2D
02.09.2025;1M;OIS;GBP;0,03973;SONIA;1D;1M;;;;1M;Act360;Act360;;ModifiedFollowing;ModifiedFollowing;;2D
02.09.2025;9Y;IRS;EUR;0,02609;EURIBOR;3M;3M;;;;1Y;Act360;Act360;;ModifiedFollowing;ModifiedFollowing;;2D
02.09.2025;10Y;OIS;USD;0,03675;SOFR;1D;1Y;;;;1Y;Act360;Act360;;ModifiedFollowing;ModifiedFollowing;;2D
02.09.2025;8Y;OIS;EUR;0,024855;EONIA;1D;1Y;;;;1Y;Act360;Act360;;ModifiedFollowing;ModifiedFollowing;;2D
02.09.2025;11M;OIS;USD;0,03759;SOFR;1D;1Y;;;;1Y;Act360;Act360;;ModifiedFollowing;ModifiedFollowing;;2D
02.09.2025;40Y;IRS;EUR;0,029715;EURIBOR;3M;3M;;;;1Y;Act360;Act360;;ModifiedFollowing;ModifiedFollowing;;2D
02.09.2025;7Mx10M;FRA;GBP;0,03835;LIBOR;3M;3M;;;;3M;Act360;Act360;;ModifiedFollowing;ModifiedFollowing;;2D
02.09.2025;3Y;OIS;EUR;0,020463;EONIA;1D;1Y;;;;1Y;Act360;Act360;;ModifiedFollowing;ModifiedFollowing;;2D
02.09.2025;7Y;OIS;EUR;0,024065;EONIA;1D;1Y;;;;1Y;Act360;Act360;;ModifiedFollowing;ModifiedFollowing;;2D
02.09.2025;10Mx22M;FRA;EUR;0,02146;EURIBOR;3M;3M;;;;3M;Act360;Act360;;ModifiedFollowing;ModifiedFollowing;;2D
02.09.2025;5Y;OIS;GBP;0,03883;SONIA;1D;1Y;;;;1Y;Act360;Act360;;ModifiedFollowing;ModifiedFollowing;;2D
02.09.2025;3M;OIS;GBP;0,03971;SONIA;1D;3M;;;;3M;Act360;Act360;;ModifiedFollowing;ModifiedFollowing;;2D
02.09.2025;10Y;IRS;EUR;0,026744;EURIBOR;3M;3M;;;;1Y;Act360;Act360;;ModifiedFollowing;ModifiedFollowing;;2D
02.09.2025;5Mx17M;FRA;EUR;0,02118;EURIBOR;3M;3M;;;;3M;Act360;Act360;;ModifiedFollowing;ModifiedFollowing;;2D
02.09.2025;7M;OIS;EUR;0,01976;EONIA;1D;7M;;;;7M;Act360;Act360;;ModifiedFollowing;ModifiedFollowing;;2D
02.09.2025;4Mx7M;FRA;EUR;0,01975;EURIBOR;3M;3M;;;;3M;Act360;Act360;;ModifiedFollowing;ModifiedFollowing;;2D
02.09.2025;6Y;IRS;EUR;0,023813;EURIBOR;3M;3M;;;;1Y;Act360;Act360;;ModifiedFollowing;ModifiedFollowing;;2D
02.09.2025;11M;IRS;EUR;0,01878;EURIBOR;1M;1M;;;;1Y;Act360;Act360;;ModifiedFollowing;ModifiedFollowing;;2D
02.09.2025;1Mx7M;FRA;USD;0,0434;LIBOR;3M;3M;;;;3M;Act360;Act360;;ModifiedFollowing;ModifiedFollowing;;2D
02.09.2025;30Y;OIS;USD;0,0405;SOFR;1D;1Y;;;;1Y;Act360;Act360;;ModifiedFollowing;ModifiedFollowing;;2D
02.09.2025;10M;IRS;EUR;0,01882;EURIBOR;1M;1M;;;;1Y;Act360;Act360;;ModifiedFollowing;ModifiedFollowing;;2D
02.09.2025;10M;OIS;USD;0,03799;SOFR;1D;1Y;;;;1Y;Act360;Act360;;ModifiedFollowing;ModifiedFollowing;;2D
02.09.2025;3Mx6M;FRA;EUR;0,02015;EURIBOR;3M;3M;;;;3M;Act360;Act360;;ModifiedFollowing;ModifiedFollowing;;2D
02.09.2025;2Mx14M;FRA;EUR;0,02135;EURIBOR;3M;3M;;;;3M;Act360;Act360;;ModifiedFollowing;ModifiedFollowing;;2D
02.09.2025;20Y;OIS;GBP;0,04731;SONIA;1D;1Y;;;;1Y;Act360;Act360;;ModifiedFollowing;ModifiedFollowing;;2D
02.09.2025;11Y;IRS;EUR;0,02736;EURIBOR;3M;3M;;;;1Y;Act360;Act360;;ModifiedFollowing;ModifiedFollowing;;2D
02.09.2025;12M;DEPOSIT;USD;0,04125;LIBOR;12M;1Y;;;;1Y;Act360;Act360;;ModifiedFollowing;ModifiedFollowing;;2D
02.09.2025;3M;IRS;EUR;0,01909;EURIBOR;1M;1M;;;;1Y;Act360;Act360;;ModifiedFollowing;ModifiedFollowing;;2D
02.09.2025;3Mx6M;FRA;USD;0,0409;LIBOR;3M;3M;;;;3M;Act360;Act360;;ModifiedFollowing;ModifiedFollowing;;2D
02.09.2025;8M;IRS;EUR;0,01892;EURIBOR;1M;1M;;;;1Y;Act360;Act360;;ModifiedFollowing;ModifiedFollowing;;2D
02.09.2025;1Mx7M;FRA;EUR;0,02095;EURIBOR;3M;3M;;;;3M;Act360;Act360;;ModifiedFollowing;ModifiedFollowing;;2D
02.09.2025;9Y;OIS;USD;0,03604;SOFR;1D;1Y;;;;1Y;Act360;Act360;;ModifiedFollowing;ModifiedFollowing;;2D
02.09.2025;2Mx5M;FRA;GBP;0,04034;LIBOR;3M;3M;;;;3M;Act360;Act360;;ModifiedFollowing;ModifiedFollowing;;2D
01.09.2025;9M;OIS;USD;0,03829;SOFR;1D;9M;;;;9M;Act360;Act360;;ModifiedFollowing;ModifiedFollowing;;2D
01.09.2025;3Mx6M;FRA;EUR;0,01976;EURIBOR;3M;3M;;;;3M;Act360;Act360;;ModifiedFollowing;ModifiedFollowing;;2D
01.09.2025;11M;IRS;EUR;0,0186;EURIBOR;1M;1M;;;;1Y;Act360;Act360;;ModifiedFollowing;ModifiedFollowing;;2D
01.09.2025;3Y;OIS;EUR;0,020243;EONIA;1D;1Y;;;;1Y;Act360;Act360;;ModifiedFollowing;ModifiedFollowing;;2D
01.09.2025;6Y;IRS;EUR;0,023548;EURIBOR;3M;3M;;;;1Y;Act360;Act360;;ModifiedFollowing;ModifiedFollowing;;2D
01.09.2025;8M;OIS;EUR;0,01955;EONIA;1D;8M;;;;8M;Act360;Act360;;ModifiedFollowing;ModifiedFollowing;;2D
01.09.2025;14D;OIS;EUR;0,02011;EONIA;1D;14D;;;;14D;Act360;Act360;;ModifiedFollowing;ModifiedFollowing;;2D
01.09.2025;6Y;OIS;GBP;0,03908;SONIA;1D;1Y;;;;1Y;Act360;Act360;;ModifiedFollowing;ModifiedFollowing;;2D
01.09.2025;8M;IRS;EUR;0,01877;EURIBOR;1M;1M;;;;1Y;Act360;Act360;;ModifiedFollowing;ModifiedFollowing;;2D
01.09.2025;8M;OIS;USD;0,03873;SOFR;1D;8M;;;;8M;Act360;Act360;;ModifiedFollowing;ModifiedFollowing;;2D
01.09.2025;7D;OIS;USD;0,0433;SOFR;1D;7D;;;;7D;Act360;Act360;;ModifiedFollowing;ModifiedFollowing;;2D
01.09.2025;6M;OIS;EUR;0,019755;EONIA;1D;6M;;;;6M;Act360;Act360;;ModifiedFollowing;ModifiedFollowing;;2D
01.09.2025;1M;DEPOSIT;GBP;0,0405;LIBOR;1M;1M;;;;1M;Act360;Act360;;ModifiedFollowing;ModifiedFollowing;;2D
01.09.2025;5Mx11M;FRA;USD;0,0397;LIBOR;3M;3M;;;;3M;Act360;Act360;;ModifiedFollowing;ModifiedFollowing;;2D
01.09.2025;40Y;IRS;EUR;0,029335;EURIBOR;3M;3M;;;;1Y;Act360;Act360;;ModifiedFollowing;ModifiedFollowing;;2D
01.09.2025;7M;OIS;USD;0,03914;SOFR;1D;7M;;;;7M;Act360;Act360;;ModifiedFollowing;ModifiedFollowing;;2D
01.09.2025;4Mx16M;FRA;EUR;0,02098;EURIBOR;3M;3M;;;;3M;Act360;Act360;;ModifiedFollowing;ModifiedFollowing;;2D
01.09.2025;40Y;OIS;GBP;0,04695;SONIA;1D;1Y;;;;1Y;Act360;Act360;;ModifiedFollowing;ModifiedFollowing;;2D
01.09.2025;4Mx10M;FRA;GBP;0,04053;LIBOR;3M;3M;;;;3M;Act360;Act360;;ModifiedFollowing;ModifiedFollowing;;2D
01.09.2025;18M;OIS;EUR;0,019093;EONIA;1D;1Y;;;;1Y;Act360;Act360;;ModifiedFollowing;ModifiedFollowing;;2D
01.09.2025;20Y;IRS;EUR;0,02959;EURIBOR;3M;3M;;;;1Y;Act360;Act360;;ModifiedFollowing;ModifiedFollowing;;2D
01.09.2025;6M;OIS;USD;0,03957;SOFR;1D;6M;;;;6M;Act360;Act360;;ModifiedFollowing;ModifiedFollowing;;2D
01.09.2025;14D;OIS;USD;0,04332;SOFR;1D;14D;;;;14D;Act360;Act360;;ModifiedFollowing;ModifiedFollowing;;2D
01.09.2025;25Y;OIS;USD;0,04047;SOFR;1D;1Y;;;;1Y;Act360;Act360;;ModifiedFollowing;ModifiedFollowing;;2D
01.09.2025;60Y;IRS;EUR;0,02847;EURIBOR;3M;3M;;;;1Y;Act360;Act360;;ModifiedFollowing;ModifiedFollowing;;2D
01.09.2025;6Mx9M;FRA;EUR;0,01913;EURIBOR;3M;3M;;;;3M;Act360;Act360;;ModifiedFollowing;ModifiedFollowing;;2D
01.09.2025;3M;DEPOSIT;GBP;0,0413;LIBOR;3M;3M;;;;3M;Act360;Act360;;ModifiedFollowing;ModifiedFollowing;;2D
01.09.2025;15Y;OIS;GBP;0,04512;SONIA;1D;1Y;;;;1Y;Act360;Act360;;ModifiedFollowing;ModifiedFollowing;;2D
01.09.2025;9Y;OIS;EUR;0,025294;EONIA;1D;1Y;;;;1Y;Act360;Act360;;ModifiedFollowing;ModifiedFollowing;;2D
01.09.2025;5Mx11M;FRA;EUR;0,01999;EURIBOR;3M;3M;;;;3M;Act360;Act360;;ModifiedFollowing;ModifiedFollowing;;2D
01.09.2025;1Mx7M;FRA;GBP;0,04184;LIBOR;3M;3M;;;;3M;Act360;Act360;;ModifiedFollowing;ModifiedFollowing;;2D
01.09.2025;1M;OIS;EUR;0,02008;EONIA;1D;1M;;;;1M;Act360;Act360;;ModifiedFollowing;ModifiedFollowing;;2D
01.09.2025;7Mx10M;FRA;EUR;0,01899;EURIBOR;3M;3M;;;;3M;Act360;Act360;;ModifiedFollowing;ModifiedFollowing;;2D
01.09.2025;3Mx15M;FRA;EUR;0,02105;EURIBOR;3M;3M;;;;3M;Act360;Act360;;ModifiedFollowing;ModifiedFollowing;;2D
01.09.2025;7Y;IRS;EUR;0,024335;EURIBOR;3M;3M;;;;1Y;Act360;Act360;;ModifiedFollowing;ModifiedFollowing;;2D
01.09.2025;1Mx4M;FRA;EUR;0,0202;EURIBOR;3M;3M;;;;3M;Act360;Act360;;ModifiedFollowing;ModifiedFollowing;;2D
01.09.2025;5M;OIS;USD;0,04001;SOFR;1D;5M;;;;5M;Act360;Act360;;ModifiedFollowing;ModifiedFollowing;;2D
01.09.2025;1Mx4M;FRA;GBP;0,0407;LIBOR;3M;3M;;;;3M;Act360;Act360;;ModifiedFollowing;ModifiedFollowing;;2D
01.09.2025;4Y;OIS;GBP;0,03789;SONIA;1D;1Y;;;;1Y;Act360;Act360;;ModifiedFollowing;ModifiedFollowing;;2D
01.09.2025;1Mx4M;FRA;USD;0,04301;LIBOR;3M;3M;;;;3M;Act360;Act360;;ModifiedFollowing;ModifiedFollowing;;2D
01.09.2025;3Mx9M;FRA;USD;0,04144;LIBOR;3M;3M;;;;3M;Act360;Act360;;ModifiedFollowing;ModifiedFollowing;;2D
01.09.2025;4M;OIS;GBP;0,03962;SONIA;1D;4M;;;;4M;Act360;Act360;;ModifiedFollowing;ModifiedFollowing;;2D
01.09.2025;8Mx11M;FRA;EUR;0,01892;EURIBOR;3M;3M;;;;3M;Act360;Act360;;ModifiedFollowing;ModifiedFollowing;;2D
01.09.2025;4M;OIS;USD;0,04047;SOFR;1D;4M;;;;4M;Act360;Act360;;ModifiedFollowing;ModifiedFollowing;;2D
01.09.2025;6M;DEPOSIT;GBP;0,0421;LIBOR;6M;6M;;;;6M;Act360;Act360;;ModifiedFollowing;ModifiedFollowing;;2D
01.09.2025;7D;OIS;EUR;0,02007;EONIA;1D;7D;;;;7D;Act360;Act360;;ModifiedFollowing;ModifiedFollowing;;2D
01.09.2025;2Mx14M;FRA;EUR;0,02114;EURIBOR;3M;3M;;;;3M;Act360;Act360;;ModifiedFollowing;ModifiedFollowing;;2D
01.09.2025;2M;IRS;EUR;0,01894;EURIBOR;1M;1M;;;;1Y;Act360;Act360;;ModifiedFollowing;ModifiedFollowing;;2D
01.09.2025;5M;IRS;EUR;0,01895;EURIBOR;1M;1M;;;;1Y;Act360;Act360;;ModifiedFollowing;ModifiedFollowing;;2D
01.09.2025;1Y;OIS;GBP;0,0386;SONIA;1D;1Y;;;;1Y;Act360;Act360;;ModifiedFollowing;ModifiedFollowing;;2D
01.09.2025;3M;OIS;USD;0,04114;SOFR;1D;3M;;;;3M;Act360;Act360;;ModifiedFollowing;ModifiedFollowing;;2D
01.09.2025;4Mx10M;FRA;USD;0,04062;LIBOR;3M;3M;;;;3M;Act360;Act360;;ModifiedFollowing;ModifiedFollowing;;2D
01.09.2025;7Y;OIS;EUR;0,023787;EONIA;1D;1Y;;;;1Y;Act360;Act360;;ModifiedFollowing;ModifiedFollowing;;2D
01.09.2025;3Mx6M;FRA;USD;0,04086;LIBOR;3M;3M;;;;3M;Act360;Act360;;ModifiedFollowing;ModifiedFollowing;;2D
01.09.2025;5Mx11M;FRA;GBP;0,04024;LIBOR;3M;3M;;;;3M;Act360;Act360;;ModifiedFollowing;ModifiedFollowing;;2D
01.09.2025;1M;OIS;USD;0,04225;SOFR;1D;1M;;;;1M;Act360;Act360;;ModifiedFollowing;ModifiedFollowing;;2D
01.09.2025;3Y;OIS;GBP;0,03754;SONIA;1D;1Y;;;;1Y;Act360;Act360;;ModifiedFollowing;ModifiedFollowing;;2D
01.09.2025;12M;DEPOSIT;GBP;0,0425;LIBOR;12M;1Y;;;;1Y;Act360;Act360;;ModifiedFollowing;ModifiedFollowing;;2D
01.09.2025;2M;OIS;USD;0,04167;SOFR;1D;2M;;;;2M;Act360;Act360;;ModifiedFollowing;ModifiedFollowing;;2D
01.09.2025;2Y;OIS;EUR;0,019337;EONIA;1D;1Y;;;;1Y;Act360;Act360;;ModifiedFollowing;ModifiedFollowing;;2D
01.09.2025;20Y;OIS;USD;0,04023;SOFR;1D;1Y;;;;1Y;Act360;Act360;;ModifiedFollowing;ModifiedFollowing;;2D
01.09.2025;8Y;IRS;EUR;0,0251;EURIBOR;3M;3M;;;;1Y;Act360;Act360;;ModifiedFollowing;ModifiedFollowing;;2D
01.09.2025;25Y;IRS;EUR;0,029642;EURIBOR;3M;3M;;;;1Y;Act360;Act360;;ModifiedFollowing;ModifiedFollowing;;2D
01.09.2025;8Mx11M;FRA;GBP;0,03784;LIBOR;3M;3M;;;;3M;Act360;Act360;;ModifiedFollowing;ModifiedFollowing;;2D
01.09.2025;1Mx13M;FRA;EUR;0,02126;EURIBOR;3M;3M;;;;3M;Act360;Act360;;ModifiedFollowing;ModifiedFollowing;;2D
01.09.2025;6Y;OIS;EUR;0,022971;EONIA;1D;1Y;;;;1Y;Act360;Act360;;ModifiedFollowing;ModifiedFollowing;;2D
01.09.2025;2Mx8M;FRA;USD;0,04243;LIBOR;3M;3M;;;;3M;Act360;Act360;;ModifiedFollowing;ModifiedFollowing;;2D
01.09.2025;50Y;OIS;GBP;0,046;SONIA;1D;1Y;;;;1Y;Act360;Act360;;ModifiedFollowing;ModifiedFollowing;;2D
01.09.2025;30Y;IRS;EUR;0,029565;EURIBOR;3M;3M;;;;1Y;Act360;Act360;;ModifiedFollowing;ModifiedFollowing;;2D
01.09.2025;15Y;OIS;USD;0,03904;SOFR;1D;1Y;;;;1Y;Act360;Act360;;ModifiedFollowing;ModifiedFollowing;;2D
01.09.2025;9M;IRS;EUR;0,0187;EURIBOR;1M;1M;;;;1Y;Act360;Act360;;ModifiedFollowing;ModifiedFollowing;;2D
01.09.2025;2Y;IRS;EUR;0,020054;EURIBOR;3M;3M;;;;1Y;Act360;Act360;;ModifiedFollowing;ModifiedFollowing;;2D
01.09.2025;6Mx9M;FRA;USD;0,03844;LIBOR;3M;3M;;;;3M;Act360;Act360;;ModifiedFollowing;ModifiedFollowing;;2D
01.09.2025;11Mx23M;FRA;EUR;0,02133;EURIBOR;3M;3M;;;;3M;Act360;Act360;;ModifiedFollowing;ModifiedFollowing;;2D
01.09.2025;5M;OIS;GBP;0,03954;SONIA;1D;5M;;;;5M;Act360;Act360;;ModifiedFollowing;ModifiedFollowing;;2D
01.09.2025;7M;IRS;EUR;0,01883;EURIBOR;1M;1M;;;;1Y;Act360;Act360;;ModifiedFollowing;ModifiedFollowing;;2D
01.09.2025;5Y;OIS;EUR;0,022139;EONIA;1D;1Y;;;;1Y;Act360;Act360;;ModifiedFollowing;ModifiedFollowing;;2D
01.09.2025;50Y;OIS;USD;0,038;SOFR;1D;1Y;;;;1Y;Act360;Act360;;ModifiedFollowing;ModifiedFollowing;;2D
01.09.2025;12Y;OIS;USD;0,03758;SOFR;1D;1Y;;;;1Y;Act360;Act360;;ModifiedFollowing;ModifiedFollowing;;2D
01.09.2025;1M;DEPOSIT;EUR;0,0196;EURIBOR;1M;1M;;;;1M;Act360;Act360;;ModifiedFollowing;ModifiedFollowing;;2D
01.09.2025;10Y;OIS;GBP;0,04213;SONIA;1D;1Y;;;;1Y;Act360;Act360;;ModifiedFollowing;ModifiedFollowing;;2D
01.09.2025;10M;OIS;EUR;0,019387;EONIA;1D;1Y;;;;1Y;Act360;Act360;;ModifiedFollowing;ModifiedFollowing;;2D
01.09.2025;25Y;OIS;GBP;0,0474;SONIA;1D;1Y;;;;1Y;Act360;Act360;;ModifiedFollowing;ModifiedFollowing;;2D
01.09.2025;1Y;OIS;EUR;0,01926;EONIA;1D;1Y;;;;1Y;Act360;Act360;;ModifiedFollowing;ModifiedFollowing;;2D
01.09.2025;7Mx10M;FRA;GBP;0,03816;LIBOR;3M;3M;;;;3M;Act360;Act360;;ModifiedFollowing;ModifiedFollowing;;2D
01.09.2025;10Y;OIS;USD;0,03629;SOFR;1D;1Y;;;;1Y;Act360;Act360;;ModifiedFollowing;ModifiedFollowing;;2D
01.09.2025;1M;OIS;GBP;0,03973;SONIA;1D;1M;;;;1M;Act360;Act360;;ModifiedFollowing;ModifiedFollowing;;2D
01.09.2025;10Mx22M;FRA;EUR;0,0212;EURIBOR;3M;3M;;;;3M;Act360;Act360;;ModifiedFollowing;ModifiedFollowing;;2D
01.09.2025;9Y;OIS;USD;0,03559;SOFR;1D;1Y;;;;1Y;Act360;Act360;;ModifiedFollowing;ModifiedFollowing;;2D
01.09.2025;10M;IRS;EUR;0,01865;EURIBOR;1M;1M;;;;1Y;Act360;Act360;;ModifiedFollowing;ModifiedFollowing;;2D
01.09.2025;3M;DEPOSIT;EUR;0,0198;EURIBOR;3M;3M;;;;3M;Act360;Act360;;ModifiedFollowing;ModifiedFollowing;;2D
01.09.2025;6M;OIS;GBP;0,03939;SONIA;1D;6M;;;;6M;Act360;Act360;;ModifiedFollowing;ModifiedFollowing;;2D
01.09.2025;20Y;OIS;GBP;0,04672;SONIA;1D;1Y;;;;1Y;Act360;Act360;;ModifiedFollowing;ModifiedFollowing;;2D
01.09.2025;3Y;IRS;EUR;0,020921;EURIBOR;3M;3M;;;;1Y;Act360;Act360;;ModifiedFollowing;ModifiedFollowing;;2D
01.09.2025;3Mx9M;FRA;GBP;0,04097;LIBOR;3M;3M;;;;3M;Act360;Act360;;ModifiedFollowing;ModifiedFollowing;;2D
01.09.2025;6Mx9M;FRA;GBP;0,03853;LIBOR;3M;3M;;;;3M;Act360;Act360;;ModifiedFollowing;ModifiedFollowing;;2D
01.09.2025;15Y;OIS;EUR;0,02829;EONIA;1D;1Y;;;;1Y;Act360;Act360;;ModifiedFollowing;ModifiedFollowing;;2D
01.09.2025;8Y;OIS;USD;0,03487;SOFR;1D;1Y;;;;1Y;Act360;Act360;;ModifiedFollowing;ModifiedFollowing;;2D
01.09.2025;11Y;IRS;EUR;0,02705;EURIBOR;3M;3M;;;;1Y;Act360;Act360;;ModifiedFollowing;ModifiedFollowing;;2D
01.09.2025;4M;IRS;EUR;0,019;EURIBOR;1M;1M;;;;1Y;Act360;Act360;;ModifiedFollowing;ModifiedFollowing;;2D
01.09.2025;7Mx10M;FRA;USD;0,03754;LIBOR;3M;3M;;;;3M;Act360;Act360;;ModifiedFollowing;ModifiedFollowing;;2D
01.09.2025;5M;OIS;EUR;0,019845;EONIA;1D;5M;;;;5M;Act360;Act360;;ModifiedFollowing;ModifiedFollowing;;2D
01.09.2025;4Mx10M;FRA;EUR;0,02016;EURIBOR;3M;3M;;;;3M;Act360;Act360;;ModifiedFollowing;ModifiedFollowing;;2D
01.09.2025;2Mx8M;FRA;EUR;0,02045;EURIBOR;3M;3M;;;;3M;Act360;Act360;;ModifiedFollowing;ModifiedFollowing;;2D
01.09.2025;6M;DEPOSIT;EUR;0,019;EURIBOR;6M;6M;;;;6M;Act360;Act360;;ModifiedFollowing;ModifiedFollowing;;2D
01.09.2025;3M;IRS;EUR;0,01899;EURIBOR;1M;1M;;;;1Y;Act360;Act360;;ModifiedFollowing;ModifiedFollowing;;2D
01.09.2025;9Y;OIS;GBP;0,04138;SONIA;1D;1Y;;;;1Y;Act360;Act360;;ModifiedFollowing;ModifiedFollowing;;2D
01.09.2025;3Mx9M;FRA;EUR;0,02033;EURIBOR;3M;3M;;;;3M;Act360;Act360;;ModifiedFollowing;ModifiedFollowing;;2D
01.09.2025;9Mx21M;FRA;EUR;0,02109;EURIBOR;3M;3M;;;;3M;Act360;Act360;;ModifiedFollowing;ModifiedFollowing;;2D
01.09.2025;7Y;OIS;USD;0,0341;SOFR;1D;1Y;;;;1Y;Act360;Act360;;ModifiedFollowing;ModifiedFollowing;;2D
01.09.2025;7M;OIS;GBP;0,03924;SONIA;1D;7M;;;;7M;Act360;Act360;;ModifiedFollowing;ModifiedFollowing;;2D
01.09.2025;10Y;IRS;EUR;0,02645;EURIBOR;3M;3M;;;;1Y;Act360;Act360;;ModifiedFollowing;ModifiedFollowing;;2D
01.09.2025;3M;OIS;EUR;0,02001;EONIA;1D;3M;;;;3M;Act360;Act360;;ModifiedFollowing;ModifiedFollowing;;2D
01.09.2025;40Y;OIS;USD;0,03917;SOFR;1D;1Y;;;;1Y;Act360;Act360;;ModifiedFollowing;ModifiedFollowing;;2D
01.09.2025;6Y;OIS;USD;0,03334;SOFR;1D;1Y;;;;1Y;Act360;Act360;;ModifiedFollowing;ModifiedFollowing;;2D
01.09.2025;8M;OIS;GBP;0,03912;SONIA;1D;8M;;;;8M;Act360;Act360;;ModifiedFollowing;ModifiedFollowing;;2D
01.09.2025;12M;DEPOSIT;EUR;0,02045;EURIBOR;12M;1Y;;;;1Y;Act360;Act360;;ModifiedFollowing;ModifiedFollowing;;2D
01.09.2025;2M;OIS;GBP;0,03979;SONIA;1D;2M;;;;2M;Act360;Act360;;ModifiedFollowing;ModifiedFollowing;;2D
01.09.2025;5Mx8M;FRA;GBP;0,03893;LIBOR;3M;3M;;;;3M;Act360;Act360;;ModifiedFollowing;ModifiedFollowing;;2D
01.09.2025;5Y;OIS;USD;0,03271;SOFR;1D;1Y;;;;1Y;Act360;Act360;;ModifiedFollowing;ModifiedFollowing;;2D
01.09.2025;6M;IRS;EUR;0,0189;EURIBOR;1M;1M;;;;1Y;Act360;Act360;;ModifiedFollowing;ModifiedFollowing;;2D
01.09.2025;8Mx20M;FRA;EUR;0,02101;EURIBOR;3M;3M;;;;3M;Act360;Act360;;ModifiedFollowing;ModifiedFollowing;;2D
01.09.2025;4Y;IRS;EUR;0,021862;EURIBOR;3M;3M;;;;1Y;Act360;Act360;;ModifiedFollowing;ModifiedFollowing;;2D
01.09.2025;2Mx8M;FRA;GBP;0,0414;LIBOR;3M;3M;;;;3M;Act360;Act360;;ModifiedFollowing;ModifiedFollowing;;2D
01.09.2025;4Y;OIS;EUR;0,021211;EONIA;1D;1Y;;;;1Y;Act360;Act360;;ModifiedFollowing;ModifiedFollowing;;2D
01.09.2025;9M;OIS;GBP;0,03895;SONIA;1D;9M;;;;9M;Act360;Act360;;ModifiedFollowing;ModifiedFollowing;;2D
01.09.2025;11M;OIS;EUR;0,019315;EONIA;1D;1Y;;;;1Y;Act360;Act360;;ModifiedFollowing;ModifiedFollowing;;2D
01.09.2025;2M;OIS;EUR;0,02006;EONIA;1D;2M;;;;2M;Act360;Act360;;ModifiedFollowing;ModifiedFollowing;;2D
01.09.2025;8Y;OIS;GBP;0,0406;SONIA;1D;1Y;;;;1Y;Act360;Act360;;ModifiedFollowing;ModifiedFollowing;;2D
01.09.2025;2Y;OIS;GBP;0,03754;SONIA;1D;1Y;;;;1Y;Act360;Act360;;ModifiedFollowing;ModifiedFollowing;;2D
01.09.2025;4Y;OIS;USD;0,03238;SOFR;1D;1Y;;;;1Y;Act360;Act360;;ModifiedFollowing;ModifiedFollowing;;2D
01.09.2025;35Y;OIS;USD;0,03973;SOFR;1D;1Y;;;;1Y;Act360;Act360;;ModifiedFollowing;ModifiedFollowing;;2D
01.09.2025;1M;DEPOSIT;USD;0,04295;LIBOR;1M;1M;;;;1M;Act360;Act360;;ModifiedFollowing;ModifiedFollowing;;2D
01.09.2025;30Y;OIS;EUR;0,02919;EONIA;1D;1Y;;;;1Y;Act360;Act360;;ModifiedFollowing;ModifiedFollowing;;2D
01.09.2025;7M;OIS;EUR;0,01964;EONIA;1D;7M;;;;7M;Act360;Act360;;ModifiedFollowing;ModifiedFollowing;;2D
01.09.2025;9M;OIS;EUR;0,01945;EONIA;1D;9M;;;;9M;Act360;Act360;;ModifiedFollowing;ModifiedFollowing;;2D
01.09.2025;4Mx7M;FRA;GBP;0,03943;LIBOR;3M;3M;;;;3M;Act360;Act360;;ModifiedFollowing;ModifiedFollowing;;2D
01.09.2025;18M;OIS;GBP;0,03775;SONIA;1D;1Y;;;;1Y;Act360;Act360;;ModifiedFollowing;ModifiedFollowing;;2D
01.09.2025;50Y;IRS;EUR;0,02896;EURIBOR;3M;3M;;;;1Y;Act360;Act360;;ModifiedFollowing;ModifiedFollowing;;2D
01.09.2025;30Y;OIS;GBP;0,04751;SONIA;1D;1Y;;;;1Y;Act360;Act360;;ModifiedFollowing;ModifiedFollowing;;2D
01.09.2025;7Mx19M;FRA;EUR;0,02095;EURIBOR;3M;3M;;;;3M;Act360;Act360;;ModifiedFollowing;ModifiedFollowing;;2D
01.09.2025;4M;OIS;EUR;0,01995;EONIA;1D;4M;;;;4M;Act360;Act360;;ModifiedFollowing;ModifiedFollowing;;2D
01.09.2025;3Y;OIS;USD;0,0324;SOFR;1D;1Y;;;;1Y;Act360;Act360;;ModifiedFollowing;ModifiedFollowing;;2D
01.09.2025;5Mx8M;FRA;USD;0,03917;LIBOR;3M;3M;;;;3M;Act360;Act360;;ModifiedFollowing;ModifiedFollowing;;2D
01.09.2025;8Mx11M;FRA;USD;0,0366;LIBOR;3M;3M;;;;3M;Act360;Act360;;ModifiedFollowing;ModifiedFollowing;;2D
01.09.2025;4Mx7M;FRA;USD;0,04003;LIBOR;3M;3M;;;;3M;Act360;Act360;;ModifiedFollowing;ModifiedFollowing;;2D
01.09.2025;1Y;IRS;EUR;0,019499;EURIBOR;3M;3M;;;;1Y;Act360;Act360;;ModifiedFollowing;ModifiedFollowing;;2D
01.09.2025;2Y;OIS;USD;0,03339;SOFR;1D;1Y;;;;1Y;Act360;Act360;;ModifiedFollowing;ModifiedFollowing;;2D
01.09.2025;10M;OIS;GBP;0,03883;SONIA;1D;1Y;;;;1Y;Act360;Act360;;ModifiedFollowing;ModifiedFollowing;;2D
01.09.2025;12Y;IRS;EUR;0,027585;EURIBOR;3M;3M;;;;1Y;Act360;Act360;;ModifiedFollowing;ModifiedFollowing;;2D
01.09.2025;3M;DEPOSIT;USD;0,04245;LIBOR;3M;3M;;;;3M;Act360;Act360;;ModifiedFollowing;ModifiedFollowing;;2D
01.09.2025;7D;OIS;GBP;0,0397;SONIA;1D;7D;;;;7D;Act360;Act360;;ModifiedFollowing;ModifiedFollowing;;2D
01.09.2025;20Y;OIS;EUR;0,02914;EONIA;1D;1Y;;;;1Y;Act360;Act360;;ModifiedFollowing;ModifiedFollowing;;2D
01.09.2025;18M;OIS;USD;0,03465;SOFR;1D;1Y;;;;1Y;Act360;Act360;;ModifiedFollowing;ModifiedFollowing;;2D
01.09.2025;3Mx6M;FRA;GBP;0,03989;LIBOR;3M;3M;;;;3M;Act360;Act360;;ModifiedFollowing;ModifiedFollowing;;2D
01.09.2025;5Y;IRS;EUR;0,02274;EURIBOR;3M;3M;;;;1Y;Act360;Act360;;ModifiedFollowing;ModifiedFollowing;;2D
01.09.2025;2Mx5M;FRA;USD;0,04196;LIBOR;3M;3M;;;;3M;Act360;Act360;;ModifiedFollowing;ModifiedFollowing;;2D
01.09.2025;6Mx18M;FRA;EUR;0,02092;EURIBOR;3M;3M;;;;3M;Act360;Act360;;ModifiedFollowing;ModifiedFollowing;;2D
01.09.2025;7Y;OIS;GBP;0,03983;SONIA;1D;1Y;;;;1Y;Act360;Act360;;ModifiedFollowing;ModifiedFollowing;;2D
01.09.2025;1Y;OIS;USD;0,03703;SOFR;1D;1Y;;;;1Y;Act360;Act360;;ModifiedFollowing;ModifiedFollowing;;2D
01.09.2025;11M;OIS;GBP;0,03871;SONIA;1D;1Y;;;;1Y;Act360;Act360;;ModifiedFollowing;ModifiedFollowing;;2D
01.09.2025;2Mx5M;FRA;EUR;0,01999;EURIBOR;3M;3M;;;;3M;Act360;Act360;;ModifiedFollowing;ModifiedFollowing;;2D
01.09.2025;9Y;IRS;EUR;0,025805;EURIBOR;3M;3M;;;;1Y;Act360;Act360;;ModifiedFollowing;ModifiedFollowing;;2D
01.09.2025;15Y;IRS;EUR;0,028765;EURIBOR;3M;3M;;;;1Y;Act360;Act360;;ModifiedFollowing;ModifiedFollowing;;2D
01.09.2025;10Y;OIS;EUR;0,025951;EONIA;1D;1Y;;;;1Y;Act360;Act360;;ModifiedFollowing;ModifiedFollowing;;2D
01.09.2025;6M;DEPOSIT;USD;0,04215;LIBOR;6M;6M;;;;6M;Act360;Act360;;ModifiedFollowing;ModifiedFollowing;;2D
01.09.2025;4Mx7M;FRA;EUR;0,0195;EURIBOR;3M;3M;;;;3M;Act360;Act360;;ModifiedFollowing;ModifiedFollowing;;2D
01.09.2025;11M;OIS;USD;0,03746;SOFR;1D;1Y;;;;1Y;Act360;Act360;;ModifiedFollowing;ModifiedFollowing;;2D
01.09.2025;8Y;OIS;EUR;0,024585;EONIA;1D;1Y;;;;1Y;Act360;Act360;;ModifiedFollowing;ModifiedFollowing;;2D
01.09.2025;5Mx8M;FRA;EUR;0,01933;EURIBOR;3M;3M;;;;3M;Act360;Act360;;ModifiedFollowing;ModifiedFollowing;;2D
01.09.2025;5Y;OIS;GBP;0,03843;SONIA;1D;1Y;;;;1Y;Act360;Act360;;ModifiedFollowing;ModifiedFollowing;;2D
01.09.2025;5Mx17M;FRA;EUR;0,02094;EURIBOR;3M;3M;;;;3M;Act360;Act360;;ModifiedFollowing;ModifiedFollowing;;2D
01.09.2025;3M;OIS;GBP;0,03971;SONIA;1D;3M;;;;3M;Act360;Act360;;ModifiedFollowing;ModifiedFollowing;;2D
01.09.2025;30Y;OIS;USD;0,04026;SOFR;1D;1Y;;;;1Y;Act360;Act360;;ModifiedFollowing;ModifiedFollowing;;2D
01.09.2025;10M;OIS;USD;0,0379;SOFR;1D;1Y;;;;1Y;Act360;Act360;;ModifiedFollowing;ModifiedFollowing;;2D
01.09.2025;1Mx7M;FRA;USD;0,04339;LIBOR;3M;3M;;;;3M;Act360;Act360;;ModifiedFollowing;ModifiedFollowing;;2D
01.09.2025;12M;DEPOSIT;USD;0,04105;LIBOR;12M;1Y;;;;1Y;Act360;Act360;;ModifiedFollowing;ModifiedFollowing;;2D
01.09.2025;12Y;OIS;GBP;0,04349;SONIA;1D;1Y;;;;1Y;Act360;Act360;;ModifiedFollowing;ModifiedFollowing;;2D
01.09.2025;2Mx5M;FRA;GBP;0,04031;LIBOR;3M;3M;;;;3M;Act360;Act360;;ModifiedFollowing;ModifiedFollowing;;2D
01.09.2025;1Mx7M;FRA;EUR;0,02066;EURIBOR;3M;3M;;;;3M;Act360;Act360;;ModifiedFollowing;ModifiedFollowing;;2D
01.09.2025;14D;OIS;GBP;0,03971;SONIA;1D;14D;;;;14D;Act360;Act360;;ModifiedFollowing;ModifiedFollowing;;2D
29.08.2025;9M;IRS;EUR;0,01864;EURIBOR;1M;1M;;;;1Y;Act360;Act360;;ModifiedFollowing;ModifiedFollowing;;2D
29.08.2025;4Mx10M;FRA;GBP;0,04059;LIBOR;3M;3M;;;;3M;Act360;Act360;;ModifiedFollowing;ModifiedFollowing;;2D
29.08.2025;20Y;OIS;GBP;0,04626;SONIA;1D;1Y;;;;1Y;Act360;Act360;;ModifiedFollowing;ModifiedFollowing;;2D
29.08.2025;7D;OIS;GBP;0,03969;SONIA;1D;7D;;;;7D;Act360;Act360;;ModifiedFollowing;ModifiedFollowing;;2D
29.08.2025;30Y;OIS;EUR;0,02854;EONIA;1D;1Y;;;;1Y;Act360;Act360;;ModifiedFollowing;ModifiedFollowing;;2D
29.08.2025;3Mx6M;FRA;USD;0,04101;LIBOR;3M;3M;;;;3M;Act360;Act360;;ModifiedFollowing;ModifiedFollowing;;2D
29.08.2025;6Y;OIS;EUR;0,022645;EONIA;1D;1Y;;;;1Y;Act360;Act360;;ModifiedFollowing;ModifiedFollowing;;2D
29.08.2025;5Mx11M;FRA;GBP;0,04023;LIBOR;3M;3M;;;;3M;Act360;Act360;;ModifiedFollowing;ModifiedFollowing;;2D
29.08.2025;50Y;OIS;USD;0,0375;SOFR;1D;1Y;;;;1Y;Act360;Act360;;ModifiedFollowing;ModifiedFollowing;;2D
29.08.2025;25Y;OIS;GBP;0,04692;SONIA;1D;1Y;;;;1Y;Act360;Act360;;ModifiedFollowing;ModifiedFollowing;;2D
29.08.2025;12Y;IRS;EUR;0,02716;EURIBOR;3M;3M;;;;1Y;Act360;Act360;;ModifiedFollowing;ModifiedFollowing;;2D
29.08.2025;3Mx9M;FRA;EUR;0,02024;EURIBOR;3M;3M;;;;3M;Act360;Act360;;ModifiedFollowing;ModifiedFollowing;;2D
29.08.2025;40Y;OIS;USD;0,03871;SOFR;1D;1Y;;;;1Y;Act360;Act360;;ModifiedFollowing;ModifiedFollowing;;2D
29.08.2025;5Mx11M;FRA;USD;0,03967;LIBOR;3M;3M;;;;3M;Act360;Act360;;ModifiedFollowing;ModifiedFollowing;;2D
29.08.2025;35Y;OIS;USD;0,03929;SOFR;1D;1Y;;;;1Y;Act360;Act360;;ModifiedFollowing;ModifiedFollowing;;2D
29.08.2025;30Y;OIS;GBP;0,04701;SONIA;1D;1Y;;;;1Y;Act360;Act360;;ModifiedFollowing;ModifiedFollowing;;2D
29.08.2025;1Y;IRS;EUR;0,0193525;EURIBOR;3M;3M;;;;1Y;Act360;Act360;;ModifiedFollowing;ModifiedFollowing;;2D
29.08.2025;2Mx5M;FRA;USD;0,04208;LIBOR;3M;3M;;;;3M;Act360;Act360;;ModifiedFollowing;ModifiedFollowing;;2D
29.08.2025;30Y;OIS;USD;0,03985;SOFR;1D;1Y;;;;1Y;Act360;Act360;;ModifiedFollowing;ModifiedFollowing;;2D
29.08.2025;8M;IRS;EUR;0,01871;EURIBOR;1M;1M;;;;1Y;Act360;Act360;;ModifiedFollowing;ModifiedFollowing;;2D
29.08.2025;8Mx11M;FRA;EUR;0,01881;EURIBOR;3M;3M;;;;3M;Act360;Act360;;ModifiedFollowing;ModifiedFollowing;;2D
29.08.2025;40Y;OIS;GBP;0,04643;SONIA;1D;1Y;;;;1Y;Act360;Act360;;ModifiedFollowing;ModifiedFollowing;;2D
29.08.2025;2M;IRS;EUR;0,01897;EURIBOR;1M;1M;;;;1Y;Act360;Act360;;ModifiedFollowing;ModifiedFollowing;;2D
29.08.2025;25Y;OIS;USD;0,04012;SOFR;1D;1Y;;;;1Y;Act360;Act360;;ModifiedFollowing;ModifiedFollowing;;2D
29.08.2025;1Mx4M;FRA;USD;0,04318;LIBOR;3M;3M;;;;3M;Act360;Act360;;ModifiedFollowing;ModifiedFollowing;;2D
29.08.2025;20Y;OIS;USD;0,03996;SOFR;1D;1Y;;;;1Y;Act360;Act360;;ModifiedFollowing;ModifiedFollowing;;2D
29.08.2025;2Mx8M;FRA;USD;0,04248;LIBOR;3M;3M;;;;3M;Act360;Act360;;ModifiedFollowing;ModifiedFollowing;;2D
29.08.2025;50Y;OIS;GBP;0,04548;SONIA;1D;1Y;;;;1Y;Act360;Act360;;ModifiedFollowing;ModifiedFollowing;;2D
29.08.2025;15Y;OIS;USD;0,0388;SOFR;1D;1Y;;;;1Y;Act360;Act360;;ModifiedFollowing;ModifiedFollowing;;2D
29.08.2025;5Y;OIS;EUR;0,021825;EONIA;1D;1Y;;;;1Y;Act360;Act360;;ModifiedFollowing;ModifiedFollowing;;2D
29.08.2025;2Y;IRS;EUR;0,01987;EURIBOR;3M;3M;;;;1Y;Act360;Act360;;ModifiedFollowing;ModifiedFollowing;;2D
29.08.2025;11Mx23M;FRA;EUR;0,02112;EURIBOR;3M;3M;;;;3M;Act360;Act360;;ModifiedFollowing;ModifiedFollowing;;2D
29.08.2025;7M;IRS;EUR;0,0188;EURIBOR;1M;1M;;;;1Y;Act360;Act360;;ModifiedFollowing;ModifiedFollowing;;2D
29.08.2025;5Mx8M;FRA;EUR;0,01921;EURIBOR;3M;3M;;;;3M;Act360;Act360;;ModifiedFollowing;ModifiedFollowing;;2D
29.08.2025;12Y;OIS;USD;0,03741;SOFR;1D;1Y;;;;1Y;Act360;Act360;;ModifiedFollowing;ModifiedFollowing;;2D
29.08.2025;1M;DEPOSIT;EUR;0,0196;EURIBOR;1M;1M;;;;1M;Act360;Act360;;ModifiedFollowing;ModifiedFollowing;;2D
29.08.2025;5M;OIS;EUR;0,0198;EONIA;1D;5M;;;;5M;Act360;Act360;;ModifiedFollowing;ModifiedFollowing;;2D
29.08.2025;10Y;OIS;USD;0,03621;SOFR;1D;1Y;;;;1Y;Act360;Act360;;ModifiedFollowing;ModifiedFollowing;;2D
29.08.2025;10Mx22M;FRA;EUR;0,02099;EURIBOR;3M;3M;;;;3M;Act360;Act360;;ModifiedFollowing;ModifiedFollowing;;2D
29.08.2025;9Y;OIS;USD;0,03552;SOFR;1D;1Y;;;;1Y;Act360;Act360;;ModifiedFollowing;ModifiedFollowing;;2D
29.08.2025;3M;DEPOSIT;EUR;0,02125;EURIBOR;3M;3M;;;;3M;Act360;Act360;;ModifiedFollowing;ModifiedFollowing;;2D
29.08.2025;3Y;IRS;EUR;0,02072;EURIBOR;3M;3M;;;;1Y;Act360;Act360;;ModifiedFollowing;ModifiedFollowing;;2D
29.08.2025;8Y;OIS;USD;0,03479;SOFR;1D;1Y;;;;1Y;Act360;Act360;;ModifiedFollowing;ModifiedFollowing;;2D
29.08.2025;11Y;IRS;EUR;0,02664;EURIBOR;3M;3M;;;;1Y;Act360;Act360;;ModifiedFollowing;ModifiedFollowing;;2D
29.08.2025;2Mx8M;FRA;EUR;0,02043;EURIBOR;3M;3M;;;;3M;Act360;Act360;;ModifiedFollowing;ModifiedFollowing;;2D
29.08.2025;6M;DEPOSIT;EUR;0,0189;EURIBOR;6M;6M;;;;6M;Act360;Act360;;ModifiedFollowing;ModifiedFollowing;;2D
29.08.2025;4M;IRS;EUR;0,019;EURIBOR;1M;1M;;;;1Y;Act360;Act360;;ModifiedFollowing;ModifiedFollowing;;2D
29.08.2025;9Mx21M;FRA;EUR;0,02089;EURIBOR;3M;3M;;;;3M;Act360;Act360;;ModifiedFollowing;ModifiedFollowing;;2D
29.08.2025;7Y;OIS;USD;0,03407;SOFR;1D;1Y;;;;1Y;Act360;Act360;;ModifiedFollowing;ModifiedFollowing;;2D
29.08.2025;6Y;OIS;USD;0,03333;SOFR;1D;1Y;;;;1Y;Act360;Act360;;ModifiedFollowing;ModifiedFollowing;;2D
29.08.2025;10Y;IRS;EUR;0,02606;EURIBOR;3M;3M;;;;1Y;Act360;Act360;;ModifiedFollowing;ModifiedFollowing;;2D
29.08.2025;6M;IRS;EUR;0,01886;EURIBOR;1M;1M;;;;1Y;Act360;Act360;;ModifiedFollowing;ModifiedFollowing;;2D
29.08.2025;12M;DEPOSIT;EUR;0,0198;EURIBOR;12M;1Y;;;;1Y;Act360;Act360;;ModifiedFollowing;ModifiedFollowing;;2D
29.08.2025;5Y;OIS;USD;0,03274;SOFR;1D;1Y;;;;1Y;Act360;Act360;;ModifiedFollowing;ModifiedFollowing;;2D
29.08.2025;8Mx20M;FRA;EUR;0,02082;EURIBOR;3M;3M;;;;3M;Act360;Act360;;ModifiedFollowing;ModifiedFollowing;;2D
29.08.2025;4Y;IRS;EUR;0,02161;EURIBOR;3M;3M;;;;1Y;Act360;Act360;;ModifiedFollowing;ModifiedFollowing;;2D
29.08.2025;4Y;OIS;EUR;0,020945;EONIA;1D;1Y;;;;1Y;Act360;Act360;;ModifiedFollowing;ModifiedFollowing;;2D
29.08.2025;4Y;OIS;USD;0,03245;SOFR;1D;1Y;;;;1Y;Act360;Act360;;ModifiedFollowing;ModifiedFollowing;;2D
29.08.2025;18M;OIS;GBP;0,03772;SONIA;1D;1Y;;;;1Y;Act360;Act360;;ModifiedFollowing;ModifiedFollowing;;2D
29.08.2025;11M;OIS;EUR;0,01923;EONIA;1D;1Y;;;;1Y;Act360;Act360;;ModifiedFollowing;ModifiedFollowing;;2D
29.08.2025;4M;OIS;EUR;0,01993;EONIA;1D;4M;;;;4M;Act360;Act360;;ModifiedFollowing;ModifiedFollowing;;2D
29.08.2025;1M;DEPOSIT;USD;0,04295;LIBOR;1M;1M;;;;1M;Act360;Act360;;ModifiedFollowing;ModifiedFollowing;;2D
29.08.2025;9M;OIS;EUR;0,01939;EONIA;1D;9M;;;;9M;Act360;Act360;;ModifiedFollowing;ModifiedFollowing;;2D
29.08.2025;7Mx19M;FRA;EUR;0,02076;EURIBOR;3M;3M;;;;3M;Act360;Act360;;ModifiedFollowing;ModifiedFollowing;;2D
29.08.2025;3Y;OIS;USD;0,0325;SOFR;1D;1Y;;;;1Y;Act360;Act360;;ModifiedFollowing;ModifiedFollowing;;2D
29.08.2025;2Y;OIS;USD;0,033505;SOFR;1D;1Y;;;;1Y;Act360;Act360;;ModifiedFollowing;ModifiedFollowing;;2D
29.08.2025;3M;DEPOSIT;USD;0,04265;LIBOR;3M;3M;;;;3M;Act360;Act360;;ModifiedFollowing;ModifiedFollowing;;2D
29.08.2025;18M;OIS;USD;0,03475;SOFR;1D;1Y;;;;1Y;Act360;Act360;;ModifiedFollowing;ModifiedFollowing;;2D
29.08.2025;5Y;IRS;EUR;0,022425;EURIBOR;3M;3M;;;;1Y;Act360;Act360;;ModifiedFollowing;ModifiedFollowing;;2D
29.08.2025;6Mx18M;FRA;EUR;0,02075;EURIBOR;3M;3M;;;;3M;Act360;Act360;;ModifiedFollowing;ModifiedFollowing;;2D
29.08.2025;1Y;OIS;USD;0,03713;SOFR;1D;1Y;;;;1Y;Act360;Act360;;ModifiedFollowing;ModifiedFollowing;;2D
29.08.2025;2Mx5M;FRA;EUR;0,02012;EURIBOR;3M;3M;;;;3M;Act360;Act360;;ModifiedFollowing;ModifiedFollowing;;2D
29.08.2025;15Y;IRS;EUR;0,02829;EURIBOR;3M;3M;;;;1Y;Act360;Act360;;ModifiedFollowing;ModifiedFollowing;;2D
29.08.2025;6M;DEPOSIT;USD;0,04225;LIBOR;6M;6M;;;;6M;Act360;Act360;;ModifiedFollowing;ModifiedFollowing;;2D
29.08.2025;11M;OIS;USD;0,03756;SOFR;1D;1Y;;;;1Y;Act360;Act360;;ModifiedFollowing;ModifiedFollowing;;2D
29.08.2025;5Mx17M;FRA;EUR;0,02078;EURIBOR;3M;3M;;;;3M;Act360;Act360;;ModifiedFollowing;ModifiedFollowing;;2D
29.08.2025;14D;OIS;EUR;0,02011;EONIA;1D;14D;;;;14D;Act360;Act360;;ModifiedFollowing;ModifiedFollowing;;2D
29.08.2025;10M;OIS;USD;0,038;SOFR;1D;1Y;;;;1Y;Act360;Act360;;ModifiedFollowing;ModifiedFollowing;;2D
29.08.2025;1Mx7M;FRA;EUR;0,02062;EURIBOR;3M;3M;;;;3M;Act360;Act360;;ModifiedFollowing;ModifiedFollowing;;2D
29.08.2025;12M;DEPOSIT;USD;0,04115;LIBOR;12M;1Y;;;;1Y;Act360;Act360;;ModifiedFollowing;ModifiedFollowing;;2D
29.08.2025;5M;IRS;EUR;0,01893;EURIBOR;1M;1M;;;;1Y;Act360;Act360;;ModifiedFollowing;ModifiedFollowing;;2D
29.08.2025;1Y;OIS;GBP;0,0386;SONIA;1D;1Y;;;;1Y;Act360;Act360;;ModifiedFollowing;ModifiedFollowing;;2D
29.08.2025;9M;OIS;USD;0,03839;SOFR;1D;9M;;;;9M;Act360;Act360;;ModifiedFollowing;ModifiedFollowing;;2D
29.08.2025;7D;OIS;EUR;0,02011;EONIA;1D;7D;;;;7D;Act360;Act360;;ModifiedFollowing;ModifiedFollowing;;2D
29.08.2025;3Y;OIS;EUR;0,02;EONIA;1D;1Y;;;;1Y;Act360;Act360;;ModifiedFollowing;ModifiedFollowing;;2D
29.08.2025;3Mx6M;FRA;EUR;0,01966;EURIBOR;3M;3M;;;;3M;Act360;Act360;;ModifiedFollowing;ModifiedFollowing;;2D
29.08.2025;6Y;IRS;EUR;0,023215;EURIBOR;3M;3M;;;;1Y;Act360;Act360;;ModifiedFollowing;ModifiedFollowing;;2D
29.08.2025;40Y;IRS;EUR;0,028635;EURIBOR;3M;3M;;;;1Y;Act360;Act360;;ModifiedFollowing;ModifiedFollowing;;2D
29.08.2025;8M;OIS;USD;0,03882;SOFR;1D;8M;;;;8M;Act360;Act360;;ModifiedFollowing;ModifiedFollowing;;2D
29.08.2025;1M;DEPOSIT;GBP;0,0402;LIBOR;1M;1M;;;;1M;Act360;Act360;;ModifiedFollowing;ModifiedFollowing;;2D
29.08.2025;7M;OIS;USD;0,03923;SOFR;1D;7M;;;;7M;Act360;Act360;;ModifiedFollowing;ModifiedFollowing;;2D
29.08.2025;4Mx16M;FRA;EUR;0,02084;EURIBOR;3M;3M;;;;3M;Act360;Act360;;ModifiedFollowing;ModifiedFollowing;;2D
29.08.2025;60Y;IRS;EUR;0,02771;EURIBOR;3M;3M;;;;1Y;Act360;Act360;;ModifiedFollowing;ModifiedFollowing;;2D
29.08.2025;6M;OIS;USD;0,03966;SOFR;1D;6M;;;;6M;Act360;Act360;;ModifiedFollowing;ModifiedFollowing;;2D
29.08.2025;20Y;IRS;EUR;0,02903;EURIBOR;3M;3M;;;;1Y;Act360;Act360;;ModifiedFollowing;ModifiedFollowing;;2D
29.08.2025;3M;DEPOSIT;GBP;0,041;LIBOR;3M;3M;;;;3M;Act360;Act360;;ModifiedFollowing;ModifiedFollowing;;2D
29.08.2025;1M;OIS;EUR;0,02008;EONIA;1D;1M;;;;1M;Act360;Act360;;ModifiedFollowing;ModifiedFollowing;;2D
29.08.2025;4Y;OIS;GBP;0,03767;SONIA;1D;1Y;;;;1Y;Act360;Act360;;ModifiedFollowing;ModifiedFollowing;;2D
29.08.2025;3Mx15M;FRA;EUR;0,02093;EURIBOR;3M;3M;;;;3M;Act360;Act360;;ModifiedFollowing;ModifiedFollowing;;2D
29.08.2025;6Mx9M;FRA;EUR;0,01903;EURIBOR;3M;3M;;;;3M;Act360;Act360;;ModifiedFollowing;ModifiedFollowing;;2D
29.08.2025;5M;OIS;USD;0,04011;SOFR;1D;5M;;;;5M;Act360;Act360;;ModifiedFollowing;ModifiedFollowing;;2D
29.08.2025;7Y;IRS;EUR;0,02398;EURIBOR;3M;3M;;;;1Y;Act360;Act360;;ModifiedFollowing;ModifiedFollowing;;2D
29.08.2025;3Mx9M;FRA;USD;0,04154;LIBOR;3M;3M;;;;3M;Act360;Act360;;ModifiedFollowing;ModifiedFollowing;;2D
29.08.2025;4M;OIS;USD;0,04057;SOFR;1D;4M;;;;4M;Act360;Act360;;ModifiedFollowing;ModifiedFollowing;;2D
29.08.2025;6M;DEPOSIT;GBP;0,0422;LIBOR;6M;6M;;;;6M;Act360;Act360;;ModifiedFollowing;ModifiedFollowing;;2D
29.08.2025;1Mx4M;FRA;GBP;0,04065;LIBOR;3M;3M;;;;3M;Act360;Act360;;ModifiedFollowing;ModifiedFollowing;;2D
29.08.2025;2Mx14M;FRA;EUR;0,02103;EURIBOR;3M;3M;;;;3M;Act360;Act360;;ModifiedFollowing;ModifiedFollowing;;2D
29.08.2025;3M;IRS;EUR;0,01899;EURIBOR;1M;1M;;;;1Y;Act360;Act360;;ModifiedFollowing;ModifiedFollowing;;2D
29.08.2025;3M;OIS;USD;0,04123;SOFR;1D;3M;;;;3M;Act360;Act360;;ModifiedFollowing;ModifiedFollowing;;2D
29.08.2025;2Y;OIS;EUR;0,01918;EONIA;1D;1Y;;;;1Y;Act360;Act360;;ModifiedFollowing;ModifiedFollowing;;2D
29.08.2025;4Mx10M;FRA;USD;0,0406;LIBOR;3M;3M;;;;3M;Act360;Act360;;ModifiedFollowing;ModifiedFollowing;;2D
29.08.2025;12M;DEPOSIT;GBP;0,0426;LIBOR;12M;1Y;;;;1Y;Act360;Act360;;ModifiedFollowing;ModifiedFollowing;;2D
29.08.2025;2M;OIS;USD;0,04174;SOFR;1D;2M;;;;2M;Act360;Act360;;ModifiedFollowing;ModifiedFollowing;;2D
29.08.2025;7M;OIS;EUR;0,0196;EONIA;1D;7M;;;;7M;Act360;Act360;;ModifiedFollowing;ModifiedFollowing;;2D
29.08.2025;1Mx13M;FRA;EUR;0,02116;EURIBOR;3M;3M;;;;3M;Act360;Act360;;ModifiedFollowing;ModifiedFollowing;;2D
29.08.2025;3Y;OIS;GBP;0,03738;SONIA;1D;1Y;;;;1Y;Act360;Act360;;ModifiedFollowing;ModifiedFollowing;;2D
29.08.2025;8Y;IRS;EUR;0,02472;EURIBOR;3M;3M;;;;1Y;Act360;Act360;;ModifiedFollowing;ModifiedFollowing;;2D
29.08.2025;25Y;IRS;EUR;0,02904;EURIBOR;3M;3M;;;;1Y;Act360;Act360;;ModifiedFollowing;ModifiedFollowing;;2D
29.08.2025;1M;OIS;USD;0,0423;SOFR;1D;1M;;;;1M;Act360;Act360;;ModifiedFollowing;ModifiedFollowing;;2D
29.08.2025;5Mx11M;FRA;EUR;0,01992;EURIBOR;3M;3M;;;;3M;Act360;Act360;;ModifiedFollowing;ModifiedFollowing;;2D
29.08.2025;1Mx4M;FRA;EUR;0,02017;EURIBOR;3M;3M;;;;3M;Act360;Act360;;ModifiedFollowing;ModifiedFollowing;;2D
29.08.2025;6M;OIS;EUR;0,0197;EONIA;1D;6M;;;;6M;Act360;Act360;;ModifiedFollowing;ModifiedFollowing;;2D
29.08.2025;9Y;OIS;EUR;0,0249;EONIA;1D;1Y;;;;1Y;Act360;Act360;;ModifiedFollowing;ModifiedFollowing;;2D
29.08.2025;50Y;IRS;EUR;0,028195;EURIBOR;3M;3M;;;;1Y;Act360;Act360;;ModifiedFollowing;ModifiedFollowing;;2D
29.08.2025;14D;OIS;USD;0,04333;SOFR;1D;14D;;;;14D;Act360;Act360;;ModifiedFollowing;ModifiedFollowing;;2D
29.08.2025;7D;OIS;USD;0,04331;SOFR;1D;7D;;;;7D;Act360;Act360;;ModifiedFollowing;ModifiedFollowing;;2D
29.08.2025;6Y;OIS;GBP;0,03878;SONIA;1D;1Y;;;;1Y;Act360;Act360;;ModifiedFollowing;ModifiedFollowing;;2D
29.08.2025;11M;IRS;EUR;0,01853;EURIBOR;1M;1M;;;;1Y;Act360;Act360;;ModifiedFollowing;ModifiedFollowing;;2D
29.08.2025;4Mx10M;FRA;EUR;0,0201;EURIBOR;3M;3M;;;;3M;Act360;Act360;;ModifiedFollowing;ModifiedFollowing;;2D
29.08.2025;2Mx5M;FRA;GBP;0,04025;LIBOR;3M;3M;;;;3M;Act360;Act360;;ModifiedFollowing;ModifiedFollowing;;2D
29.08.2025;1Mx7M;FRA;USD;0,04349;LIBOR;3M;3M;;;;3M;Act360;Act360;;ModifiedFollowing;ModifiedFollowing;;2D
29.08.2025;8Y;OIS;EUR;0,024195;EONIA;1D;1Y;;;;1Y;Act360;Act360;;ModifiedFollowing;ModifiedFollowing;;2D
29.08.2025;11M;OIS;GBP;0,03872;SONIA;1D;1Y;;;;1Y;Act360;Act360;;ModifiedFollowing;ModifiedFollowing;;2D
29.08.2025;10Y;OIS;EUR;0,02554;EONIA;1D;1Y;;;;1Y;Act360;Act360;;ModifiedFollowing;ModifiedFollowing;;2D
29.08.2025;4Mx7M;FRA;EUR;0,01942;EURIBOR;3M;3M;;;;3M;Act360;Act360;;ModifiedFollowing;ModifiedFollowing;;2D
29.08.2025;9Y;IRS;EUR;0,02542;EURIBOR;3M;3M;;;;1Y;Act360;Act360;;ModifiedFollowing;ModifiedFollowing;;2D
29.08.2025;7Y;OIS;GBP;0,0395;SONIA;1D;1Y;;;;1Y;Act360;Act360;;ModifiedFollowing;ModifiedFollowing;;2D
29.08.2025;5Y;OIS;GBP;0,03816;SONIA;1D;1Y;;;;1Y;Act360;Act360;;ModifiedFollowing;ModifiedFollowing;;2D
29.08.2025;3Mx6M;FRA;GBP;0,03989;LIBOR;3M;3M;;;;3M;Act360;Act360;;ModifiedFollowing;ModifiedFollowing;;2D
29.08.2025;10M;OIS;GBP;0,03883;SONIA;1D;1Y;;;;1Y;Act360;Act360;;ModifiedFollowing;ModifiedFollowing;;2D
29.08.2025;8Mx11M;FRA;USD;0,03651;LIBOR;3M;3M;;;;3M;Act360;Act360;;ModifiedFollowing;ModifiedFollowing;;2D
29.08.2025;4Mx7M;FRA;GBP;0,03944;LIBOR;3M;3M;;;;3M;Act360;Act360;;ModifiedFollowing;ModifiedFollowing;;2D
29.08.2025;9M;OIS;GBP;0,03897;SONIA;1D;9M;;;;9M;Act360;Act360;;ModifiedFollowing;ModifiedFollowing;;2D
29.08.2025;8Y;OIS;GBP;0,04025;SONIA;1D;1Y;;;;1Y;Act360;Act360;;ModifiedFollowing;ModifiedFollowing;;2D
29.08.2025;5Mx8M;FRA;GBP;0,039;LIBOR;3M;3M;;;;3M;Act360;Act360;;ModifiedFollowing;ModifiedFollowing;;2D
29.08.2025;8M;OIS;GBP;0,03913;SONIA;1D;8M;;;;8M;Act360;Act360;;ModifiedFollowing;ModifiedFollowing;;2D
29.08.2025;8M;OIS;EUR;0,01947;EONIA;1D;8M;;;;8M;Act360;Act360;;ModifiedFollowing;ModifiedFollowing;;2D
29.08.2025;7M;OIS;GBP;0,03926;SONIA;1D;7M;;;;7M;Act360;Act360;;ModifiedFollowing;ModifiedFollowing;;2D
29.08.2025;9Y;OIS;GBP;0,04101;SONIA;1D;1Y;;;;1Y;Act360;Act360;;ModifiedFollowing;ModifiedFollowing;;2D
29.08.2025;7Mx10M;FRA;USD;0,0375;LIBOR;3M;3M;;;;3M;Act360;Act360;;ModifiedFollowing;ModifiedFollowing;;2D
29.08.2025;10M;OIS;EUR;0,01931;EONIA;1D;1Y;;;;1Y;Act360;Act360;;ModifiedFollowing;ModifiedFollowing;;2D
29.08.2025;15Y;OIS;EUR;0,0278;EONIA;1D;1Y;;;;1Y;Act360;Act360;;ModifiedFollowing;ModifiedFollowing;;2D
29.08.2025;6Mx9M;FRA;GBP;0,03853;LIBOR;3M;3M;;;;3M;Act360;Act360;;ModifiedFollowing;ModifiedFollowing;;2D
29.08.2025;7Mx10M;FRA;EUR;0,01888;EURIBOR;3M;3M;;;;3M;Act360;Act360;;ModifiedFollowing;ModifiedFollowing;;2D
29.08.2025;10M;IRS;EUR;0,01858;EURIBOR;1M;1M;;;;1Y;Act360;Act360;;ModifiedFollowing;ModifiedFollowing;;2D
29.08.2025;6M;OIS;GBP;0,03942;SONIA;1D;6M;;;;6M;Act360;Act360;;ModifiedFollowing;ModifiedFollowing;;2D
29.08.2025;2M;OIS;EUR;0,02007;EONIA;1D;2M;;;;2M;Act360;Act360;;ModifiedFollowing;ModifiedFollowing;;2D
29.08.2025;7Mx10M;FRA;GBP;0,03813;LIBOR;3M;3M;;;;3M;Act360;Act360;;ModifiedFollowing;ModifiedFollowing;;2D
29.08.2025;10Y;OIS;GBP;0,04174;SONIA;1D;1Y;;;;1Y;Act360;Act360;;ModifiedFollowing;ModifiedFollowing;;2D
29.08.2025;5M;OIS;GBP;0,03957;SONIA;1D;5M;;;;5M;Act360;Act360;;ModifiedFollowing;ModifiedFollowing;;2D
29.08.2025;6Mx9M;FRA;USD;0,03841;LIBOR;3M;3M;;;;3M;Act360;Act360;;ModifiedFollowing;ModifiedFollowing;;2D
29.08.2025;8Mx11M;FRA;GBP;0,0378;LIBOR;3M;3M;;;;3M;Act360;Act360;;ModifiedFollowing;ModifiedFollowing;;2D
29.08.2025;4M;OIS;GBP;0,03965;SONIA;1D;4M;;;;4M;Act360;Act360;;ModifiedFollowing;ModifiedFollowing;;2D
29.08.2025;7Y;OIS;EUR;0,02341;EONIA;1D;1Y;;;;1Y;Act360;Act360;;ModifiedFollowing;ModifiedFollowing;;2D
29.08.2025;1Mx7M;FRA;GBP;0,04182;LIBOR;3M;3M;;;;3M;Act360;Act360;;ModifiedFollowing;ModifiedFollowing;;2D
29.08.2025;18M;OIS;EUR;0,01895;EONIA;1D;1Y;;;;1Y;Act360;Act360;;ModifiedFollowing;ModifiedFollowing;;2D
29.08.2025;1Y;OIS;EUR;0,01917;EONIA;1D;1Y;;;;1Y;Act360;Act360;;ModifiedFollowing;ModifiedFollowing;;2D
29.08.2025;12Y;OIS;GBP;0,04309;SONIA;1D;1Y;;;;1Y;Act360;Act360;;ModifiedFollowing;ModifiedFollowing;;2D
29.08.2025;3M;OIS;GBP;0,03973;SONIA;1D;3M;;;;3M;Act360;Act360;;ModifiedFollowing;ModifiedFollowing;;2D
29.08.2025;3M;OIS;EUR;0,02001;EONIA;1D;3M;;;;3M;Act360;Act360;;ModifiedFollowing;ModifiedFollowing;;2D
29.08.2025;20Y;OIS;EUR;0,02858;EONIA;1D;1Y;;;;1Y;Act360;Act360;;ModifiedFollowing;ModifiedFollowing;;2D
29.08.2025;2Y;OIS;GBP;0,03746;SONIA;1D;1Y;;;;1Y;Act360;Act360;;ModifiedFollowing;ModifiedFollowing;;2D
29.08.2025;5Mx8M;FRA;USD;0,03917;LIBOR;3M;3M;;;;3M;Act360;Act360;;ModifiedFollowing;ModifiedFollowing;;2D
29.08.2025;2Mx8M;FRA;GBP;0,0414;LIBOR;3M;3M;;;;3M;Act360;Act360;;ModifiedFollowing;ModifiedFollowing;;2D
29.08.2025;2M;OIS;GBP;0,03978;SONIA;1D;2M;;;;2M;Act360;Act360;;ModifiedFollowing;ModifiedFollowing;;2D
29.08.2025;1M;OIS;GBP;0,03973;SONIA;1D;1M;;;;1M;Act360;Act360;;ModifiedFollowing;ModifiedFollowing;;2D
29.08.2025;15Y;OIS;GBP;0,04468;SONIA;1D;1Y;;;;1Y;Act360;Act360;;ModifiedFollowing;ModifiedFollowing;;2D
29.08.2025;3Mx9M;FRA;GBP;0,04098;LIBOR;3M;3M;;;;3M;Act360;Act360;;ModifiedFollowing;ModifiedFollowing;;2D
29.08.2025;30Y;IRS;EUR;0,02892;EURIBOR;3M;3M;;;;1Y;Act360;Act360;;ModifiedFollowing;ModifiedFollowing;;2D
29.08.2025;4Mx7M;FRA;USD;0,04006;LIBOR;3M;3M;;;;3M;Act360;Act360;;ModifiedFollowing;ModifiedFollowing;;2D
29.08.2025;14D;OIS;GBP;0,03971;SONIA;1D;14D;;;;14D;Act360;Act360;;ModifiedFollowing;ModifiedFollowing;;2D
28.08.2025;9M;OIS;USD;0,0383;SOFR;1D;9M;;;;9M;Act360;Act360;;ModifiedFollowing;ModifiedFollowing;;2D
28.08.2025;8Y;OIS;EUR;0,02411;EONIA;1D;1Y;;;;1Y;Act360;Act360;;ModifiedFollowing;ModifiedFollowing;;2D
28.08.2025;40Y;IRS;EUR;0,02863;EURIBOR;3M;3M;;;;1Y;Act360;Act360;;ModifiedFollowing;ModifiedFollowing;;2D
28.08.2025;9M;IRS;EUR;0,01859;EURIBOR;1M;1M;;;;1Y;Act360;Act360;;ModifiedFollowing;ModifiedFollowing;;2D
28.08.2025;2Mx5M;FRA;GBP;0,04036;LIBOR;3M;3M;;;;3M;Act360;Act360;;ModifiedFollowing;ModifiedFollowing;;2D
28.08.2025;12M;DEPOSIT;USD;0,04125;LIBOR;12M;1Y;;;;1Y;Act360;Act360;;ModifiedFollowing;ModifiedFollowing;;2D
28.08.2025;1Mx7M;FRA;USD;0,04339;LIBOR;3M;3M;;;;3M;Act360;Act360;;ModifiedFollowing;ModifiedFollowing;;2D
28.08.2025;12Y;OIS;GBP;0,04312;SONIA;1D;1Y;;;;1Y;Act360;Act360;;ModifiedFollowing;ModifiedFollowing;;2D
28.08.2025;1Mx7M;FRA;EUR;0,02063;EURIBOR;3M;3M;;;;3M;Act360;Act360;;ModifiedFollowing;ModifiedFollowing;;2D
28.08.2025;10M;OIS;USD;0,03789;SOFR;1D;1Y;;;;1Y;Act360;Act360;;ModifiedFollowing;ModifiedFollowing;;2D
28.08.2025;5Mx17M;FRA;EUR;0,02067;EURIBOR;3M;3M;;;;3M;Act360;Act360;;ModifiedFollowing;ModifiedFollowing;;2D
28.08.2025;14D;OIS;EUR;0,02011;EONIA;1D;14D;;;;14D;Act360;Act360;;ModifiedFollowing;ModifiedFollowing;;2D
28.08.2025;8M;IRS;EUR;0,01867;EURIBOR;1M;1M;;;;1Y;Act360;Act360;;ModifiedFollowing;ModifiedFollowing;;2D
28.08.2025;1Y;OIS;GBP;0,03863;SONIA;1D;1Y;;;;1Y;Act360;Act360;;ModifiedFollowing;ModifiedFollowing;;2D
28.08.2025;11M;OIS;USD;0,03742;SOFR;1D;1Y;;;;1Y;Act360;Act360;;ModifiedFollowing;ModifiedFollowing;;2D
28.08.2025;15Y;IRS;EUR;0,02827;EURIBOR;3M;3M;;;;1Y;Act360;Act360;;ModifiedFollowing;ModifiedFollowing;;2D
28.08.2025;6M;DEPOSIT;USD;0,04225;LIBOR;6M;6M;;;;6M;Act360;Act360;;ModifiedFollowing;ModifiedFollowing;;2D
28.08.2025;3M;OIS;GBP;0,03973;SONIA;1D;3M;;;;3M;Act360;Act360;;ModifiedFollowing;ModifiedFollowing;;2D
28.08.2025;11M;OIS;GBP;0,03874;SONIA;1D;1Y;;;;1Y;Act360;Act360;;ModifiedFollowing;ModifiedFollowing;;2D
28.08.2025;1Y;OIS;USD;0,037;SOFR;1D;1Y;;;;1Y;Act360;Act360;;ModifiedFollowing;ModifiedFollowing;;2D
28.08.2025;30Y;OIS;USD;0,03976;SOFR;1D;1Y;;;;1Y;Act360;Act360;;ModifiedFollowing;ModifiedFollowing;;2D
28.08.2025;7D;OIS;EUR;0,019255;EONIA;1D;7D;;;;7D;Act360;Act360;;ModifiedFollowing;ModifiedFollowing;;2D
28.08.2025;2Mx5M;FRA;EUR;0,02001;EURIBOR;3M;3M;;;;3M;Act360;Act360;;ModifiedFollowing;ModifiedFollowing;;2D
28.08.2025;7Y;OIS;GBP;0,03956;SONIA;1D;1Y;;;;1Y;Act360;Act360;;ModifiedFollowing;ModifiedFollowing;;2D
28.08.2025;9Y;IRS;EUR;0,025363;EURIBOR;3M;3M;;;;1Y;Act360;Act360;;ModifiedFollowing;ModifiedFollowing;;2D
28.08.2025;10Y;OIS;EUR;0,02549;EONIA;1D;1Y;;;;1Y;Act360;Act360;;ModifiedFollowing;ModifiedFollowing;;2D
28.08.2025;4Mx7M;FRA;EUR;0,01942;EURIBOR;3M;3M;;;;3M;Act360;Act360;;ModifiedFollowing;ModifiedFollowing;;2D
28.08.2025;6Mx18M;FRA;EUR;0,02063;EURIBOR;3M;3M;;;;3M;Act360;Act360;;ModifiedFollowing;ModifiedFollowing;;2D
28.08.2025;5Y;IRS;EUR;0,022338;EURIBOR;3M;3M;;;;1Y;Act360;Act360;;ModifiedFollowing;ModifiedFollowing;;2D
28.08.2025;2Mx5M;FRA;USD;0,04206;LIBOR;3M;3M;;;;3M;Act360;Act360;;ModifiedFollowing;ModifiedFollowing;;2D
28.08.2025;3Mx6M;FRA;GBP;0,03992;LIBOR;3M;3M;;;;3M;Act360;Act360;;ModifiedFollowing;ModifiedFollowing;;2D
28.08.2025;18M;OIS;USD;0,03459;SOFR;1D;1Y;;;;1Y;Act360;Act360;;ModifiedFollowing;ModifiedFollowing;;2D
28.08.2025;3M;DEPOSIT;USD;0,04255;LIBOR;3M;3M;;;;3M;Act360;Act360;;ModifiedFollowing;ModifiedFollowing;;2D
28.08.2025;1Y;IRS;EUR;0,019229;EURIBOR;3M;3M;;;;1Y;Act360;Act360;;ModifiedFollowing;ModifiedFollowing;;2D
28.08.2025;10M;OIS;GBP;0,03885;SONIA;1D;1Y;;;;1Y;Act360;Act360;;ModifiedFollowing;ModifiedFollowing;;2D
28.08.2025;1Mx4M;FRA;EUR;0,02015;EURIBOR;3M;3M;;;;3M;Act360;Act360;;ModifiedFollowing;ModifiedFollowing;;2D
28.08.2025;2Y;OIS;USD;0,033347;SOFR;1D;1Y;;;;1Y;Act360;Act360;;ModifiedFollowing;ModifiedFollowing;;2D
28.08.2025;20Y;OIS;EUR;0,02856;EONIA;1D;1Y;;;;1Y;Act360;Act360;;ModifiedFollowing;ModifiedFollowing;;2D
28.08.2025;8Mx11M;FRA;USD;0,03623;LIBOR;3M;3M;;;;3M;Act360;Act360;;ModifiedFollowing;ModifiedFollowing;;2D
28.08.2025;5Mx8M;FRA;USD;0,03893;LIBOR;3M;3M;;;;3M;Act360;Act360;;ModifiedFollowing;ModifiedFollowing;;2D
28.08.2025;3Y;OIS;USD;0,03236;SOFR;1D;1Y;;;;1Y;Act360;Act360;;ModifiedFollowing;ModifiedFollowing;;2D
28.08.2025;5M;IRS;EUR;0,0189;EURIBOR;1M;1M;;;;1Y;Act360;Act360;;ModifiedFollowing;ModifiedFollowing;;2D
28.08.2025;12Y;IRS;EUR;0,027125;EURIBOR;3M;3M;;;;1Y;Act360;Act360;;ModifiedFollowing;ModifiedFollowing;;2D
28.08.2025;7Mx19M;FRA;EUR;0,02064;EURIBOR;3M;3M;;;;3M;Act360;Act360;;ModifiedFollowing;ModifiedFollowing;;2D
28.08.2025;5M;OIS;EUR;0,01978;EONIA;1D;5M;;;;5M;Act360;Act360;;ModifiedFollowing;ModifiedFollowing;;2D
28.08.2025;5Y;OIS;GBP;0,03824;SONIA;1D;1Y;;;;1Y;Act360;Act360;;ModifiedFollowing;ModifiedFollowing;;2D
28.08.2025;7Mx10M;FRA;EUR;0,01876;EURIBOR;3M;3M;;;;3M;Act360;Act360;;ModifiedFollowing;ModifiedFollowing;;2D
28.08.2025;9M;OIS;EUR;0,01935;EONIA;1D;9M;;;;9M;Act360;Act360;;ModifiedFollowing;ModifiedFollowing;;2D
28.08.2025;4Mx7M;FRA;GBP;0,03944;LIBOR;3M;3M;;;;3M;Act360;Act360;;ModifiedFollowing;ModifiedFollowing;;2D
28.08.2025;9M;OIS;GBP;0,03899;SONIA;1D;9M;;;;9M;Act360;Act360;;ModifiedFollowing;ModifiedFollowing;;2D
28.08.2025;30Y;OIS;GBP;0,04699;SONIA;1D;1Y;;;;1Y;Act360;Act360;;ModifiedFollowing;ModifiedFollowing;;2D
28.08.2025;11M;OIS;EUR;0,01917;EONIA;1D;1Y;;;;1Y;Act360;Act360;;ModifiedFollowing;ModifiedFollowing;;2D
28.08.2025;1M;DEPOSIT;USD;0,04305;LIBOR;1M;1M;;;;1M;Act360;Act360;;ModifiedFollowing;ModifiedFollowing;;2D
28.08.2025;4Y;OIS;USD;0,03232;SOFR;1D;1Y;;;;1Y;Act360;Act360;;ModifiedFollowing;ModifiedFollowing;;2D
28.08.2025;35Y;OIS;USD;0,03919;SOFR;1D;1Y;;;;1Y;Act360;Act360;;ModifiedFollowing;ModifiedFollowing;;2D
28.08.2025;8Y;OIS;GBP;0,0403;SONIA;1D;1Y;;;;1Y;Act360;Act360;;ModifiedFollowing;ModifiedFollowing;;2D
28.08.2025;18M;OIS;GBP;0,03777;SONIA;1D;1Y;;;;1Y;Act360;Act360;;ModifiedFollowing;ModifiedFollowing;;2D
28.08.2025;4Y;IRS;EUR;0,021505;EURIBOR;3M;3M;;;;1Y;Act360;Act360;;ModifiedFollowing;ModifiedFollowing;;2D
28.08.2025;4Y;OIS;EUR;0,02089;EONIA;1D;1Y;;;;1Y;Act360;Act360;;ModifiedFollowing;ModifiedFollowing;;2D
28.08.2025;20Y;OIS;GBP;0,04626;SONIA;1D;1Y;;;;1Y;Act360;Act360;;ModifiedFollowing;ModifiedFollowing;;2D
28.08.2025;8Mx20M;FRA;EUR;0,0207;EURIBOR;3M;3M;;;;3M;Act360;Act360;;ModifiedFollowing;ModifiedFollowing;;2D
28.08.2025;5Y;OIS;USD;0,03263;SOFR;1D;1Y;;;;1Y;Act360;Act360;;ModifiedFollowing;ModifiedFollowing;;2D
28.08.2025;12M;DEPOSIT;EUR;0,01965;EURIBOR;12M;1Y;;;;1Y;Act360;Act360;;ModifiedFollowing;ModifiedFollowing;;2D
28.08.2025;5Mx8M;FRA;GBP;0,03904;LIBOR;3M;3M;;;;3M;Act360;Act360;;ModifiedFollowing;ModifiedFollowing;;2D
28.08.2025;4Mx10M;FRA;GBP;0,04056;LIBOR;3M;3M;;;;3M;Act360;Act360;;ModifiedFollowing;ModifiedFollowing;;2D
28.08.2025;10M;IRS;EUR;0,01852;EURIBOR;1M;1M;;;;1Y;Act360;Act360;;ModifiedFollowing;ModifiedFollowing;;2D
28.08.2025;6M;IRS;EUR;0,01884;EURIBOR;1M;1M;;;;1Y;Act360;Act360;;ModifiedFollowing;ModifiedFollowing;;2D
28.08.2025;3M;IRS;EUR;0,01895;EURIBOR;1M;1M;;;;1Y;Act360;Act360;;ModifiedFollowing;ModifiedFollowing;;2D
28.08.2025;2Mx8M;FRA;GBP;0,04145;LIBOR;3M;3M;;;;3M;Act360;Act360;;ModifiedFollowing;ModifiedFollowing;;2D
28.08.2025;8M;OIS;GBP;0,03915;SONIA;1D;8M;;;;8M;Act360;Act360;;ModifiedFollowing;ModifiedFollowing;;2D
28.08.2025;5Mx11M;FRA;USD;0,03941;LIBOR;3M;3M;;;;3M;Act360;Act360;;ModifiedFollowing;ModifiedFollowing;;2D
28.08.2025;2M;OIS;GBP;0,03979;SONIA;1D;2M;;;;2M;Act360;Act360;;ModifiedFollowing;ModifiedFollowing;;2D
28.08.2025;6Y;OIS;GBP;0,03886;SONIA;1D;1Y;;;;1Y;Act360;Act360;;ModifiedFollowing;ModifiedFollowing;;2D
28.08.2025;14D;OIS;GBP;0,0397;SONIA;1D;14D;;;;14D;Act360;Act360;;ModifiedFollowing;ModifiedFollowing;;2D
28.08.2025;10Y;IRS;EUR;0,02601;EURIBOR;3M;3M;;;;1Y;Act360;Act360;;ModifiedFollowing;ModifiedFollowing;;2D
28.08.2025;6Y;OIS;USD;0,03327;SOFR;1D;1Y;;;;1Y;Act360;Act360;;ModifiedFollowing;ModifiedFollowing;;2D
28.08.2025;4M;IRS;EUR;0,01896;EURIBOR;1M;1M;;;;1Y;Act360;Act360;;ModifiedFollowing;ModifiedFollowing;;2D
28.08.2025;2M;OIS;EUR;0,02004;EONIA;1D;2M;;;;2M;Act360;Act360;;ModifiedFollowing;ModifiedFollowing;;2D
28.08.2025;7M;OIS;GBP;0,03927;SONIA;1D;7M;;;;7M;Act360;Act360;;ModifiedFollowing;ModifiedFollowing;;2D
28.08.2025;30Y;IRS;EUR;0,028895;EURIBOR;3M;3M;;;;1Y;Act360;Act360;;ModifiedFollowing;ModifiedFollowing;;2D
28.08.2025;9Mx21M;FRA;EUR;0,02078;EURIBOR;3M;3M;;;;3M;Act360;Act360;;ModifiedFollowing;ModifiedFollowing;;2D
28.08.2025;7Y;OIS;USD;0,034;SOFR;1D;1Y;;;;1Y;Act360;Act360;;ModifiedFollowing;ModifiedFollowing;;2D
28.08.2025;40Y;OIS;USD;0,03862;SOFR;1D;1Y;;;;1Y;Act360;Act360;;ModifiedFollowing;ModifiedFollowing;;2D
28.08.2025;9Y;OIS;GBP;0,04105;SONIA;1D;1Y;;;;1Y;Act360;Act360;;ModifiedFollowing;ModifiedFollowing;;2D
28.08.2025;6M;DEPOSIT;EUR;0,0189;EURIBOR;6M;6M;;;;6M;Act360;Act360;;ModifiedFollowing;ModifiedFollowing;;2D
28.08.2025;11Y;IRS;EUR;0,0266;EURIBOR;3M;3M;;;;1Y;Act360;Act360;;ModifiedFollowing;ModifiedFollowing;;2D
28.08.2025;7Mx10M;FRA;USD;0,03723;LIBOR;3M;3M;;;;3M;Act360;Act360;;ModifiedFollowing;ModifiedFollowing;;2D
28.08.2025;3Mx9M;FRA;EUR;0,02018;EURIBOR;3M;3M;;;;3M;Act360;Act360;;ModifiedFollowing;ModifiedFollowing;;2D
28.08.2025;2Mx8M;FRA;EUR;0,02036;EURIBOR;3M;3M;;;;3M;Act360;Act360;;ModifiedFollowing;ModifiedFollowing;;2D
28.08.2025;8Y;OIS;USD;0,03478;SOFR;1D;1Y;;;;1Y;Act360;Act360;;ModifiedFollowing;ModifiedFollowing;;2D
28.08.2025;15Y;OIS;EUR;0,02779;EONIA;1D;1Y;;;;1Y;Act360;Act360;;ModifiedFollowing;ModifiedFollowing;;2D
28.08.2025;3Y;IRS;EUR;0,020604;EURIBOR;3M;3M;;;;1Y;Act360;Act360;;ModifiedFollowing;ModifiedFollowing;;2D
28.08.2025;1M;OIS;GBP;0,03974;SONIA;1D;1M;;;;1M;Act360;Act360;;ModifiedFollowing;ModifiedFollowing;;2D
28.08.2025;6Mx9M;FRA;GBP;0,03861;LIBOR;3M;3M;;;;3M;Act360;Act360;;ModifiedFollowing;ModifiedFollowing;;2D
28.08.2025;6M;OIS;GBP;0,03943;SONIA;1D;6M;;;;6M;Act360;Act360;;ModifiedFollowing;ModifiedFollowing;;2D
28.08.2025;25Y;OIS;GBP;0,04691;SONIA;1D;1Y;;;;1Y;Act360;Act360;;ModifiedFollowing;ModifiedFollowing;;2D
28.08.2025;3M;DEPOSIT;EUR;0,0219;EURIBOR;3M;3M;;;;3M;Act360;Act360;;ModifiedFollowing;ModifiedFollowing;;2D
28.08.2025;9Y;OIS;USD;0,03551;SOFR;1D;1Y;;;;1Y;Act360;Act360;;ModifiedFollowing;ModifiedFollowing;;2D
28.08.2025;7Y;OIS;EUR;0,023365;EONIA;1D;1Y;;;;1Y;Act360;Act360;;ModifiedFollowing;ModifiedFollowing;;2D
28.08.2025;50Y;OIS;USD;0,03742;SOFR;1D;1Y;;;;1Y;Act360;Act360;;ModifiedFollowing;ModifiedFollowing;;2D
28.08.2025;5Mx11M;FRA;GBP;0,04028;LIBOR;3M;3M;;;;3M;Act360;Act360;;ModifiedFollowing;ModifiedFollowing;;2D
28.08.2025;10Mx22M;FRA;EUR;0,02088;EURIBOR;3M;3M;;;;3M;Act360;Act360;;ModifiedFollowing;ModifiedFollowing;;2D
28.08.2025;10Y;OIS;USD;0,03618;SOFR;1D;1Y;;;;1Y;Act360;Act360;;ModifiedFollowing;ModifiedFollowing;;2D
28.08.2025;6Y;OIS;EUR;0,022565;EONIA;1D;1Y;;;;1Y;Act360;Act360;;ModifiedFollowing;ModifiedFollowing;;2D
28.08.2025;7Mx10M;FRA;GBP;0,03817;LIBOR;3M;3M;;;;3M;Act360;Act360;;ModifiedFollowing;ModifiedFollowing;;2D
28.08.2025;5Mx8M;FRA;EUR;0,01916;EURIBOR;3M;3M;;;;3M;Act360;Act360;;ModifiedFollowing;ModifiedFollowing;;2D
28.08.2025;10Y;OIS;GBP;0,04178;SONIA;1D;1Y;;;;1Y;Act360;Act360;;ModifiedFollowing;ModifiedFollowing;;2D
28.08.2025;2Y;OIS;GBP;0,03753;SONIA;1D;1Y;;;;1Y;Act360;Act360;;ModifiedFollowing;ModifiedFollowing;;2D
28.08.2025;3Mx6M;FRA;USD;0,04091;LIBOR;3M;3M;;;;3M;Act360;Act360;;ModifiedFollowing;ModifiedFollowing;;2D
28.08.2025;1M;DEPOSIT;EUR;0,0203;EURIBOR;1M;1M;;;;1M;Act360;Act360;;ModifiedFollowing;ModifiedFollowing;;2D
28.08.2025;12Y;OIS;USD;0,03745;SOFR;1D;1Y;;;;1Y;Act360;Act360;;ModifiedFollowing;ModifiedFollowing;;2D
28.08.2025;3M;OIS;EUR;0,01998;EONIA;1D;3M;;;;3M;Act360;Act360;;ModifiedFollowing;ModifiedFollowing;;2D
28.08.2025;5M;OIS;GBP;0,03958;SONIA;1D;5M;;;;5M;Act360;Act360;;ModifiedFollowing;ModifiedFollowing;;2D
28.08.2025;7M;IRS;EUR;0,01877;EURIBOR;1M;1M;;;;1Y;Act360;Act360;;ModifiedFollowing;ModifiedFollowing;;2D
28.08.2025;6Mx9M;FRA;USD;0,03817;LIBOR;3M;3M;;;;3M;Act360;Act360;;ModifiedFollowing;ModifiedFollowing;;2D
28.08.2025;4Mx7M;FRA;USD;0,03989;LIBOR;3M;3M;;;;3M;Act360;Act360;;ModifiedFollowing;ModifiedFollowing;;2D
28.08.2025;11Mx23M;FRA;EUR;0,02102;EURIBOR;3M;3M;;;;3M;Act360;Act360;;ModifiedFollowing;ModifiedFollowing;;2D
28.08.2025;2Y;IRS;EUR;0,019764;EURIBOR;3M;3M;;;;1Y;Act360;Act360;;ModifiedFollowing;ModifiedFollowing;;2D
28.08.2025;4M;OIS;EUR;0,0199;EONIA;1D;4M;;;;4M;Act360;Act360;;ModifiedFollowing;ModifiedFollowing;;2D
28.08.2025;5Y;OIS;EUR;0,02173;EONIA;1D;1Y;;;;1Y;Act360;Act360;;ModifiedFollowing;ModifiedFollowing;;2D
28.08.2025;15Y;OIS;USD;0,03881;SOFR;1D;1Y;;;;1Y;Act360;Act360;;ModifiedFollowing;ModifiedFollowing;;2D
28.08.2025;50Y;OIS;GBP;0,04545;SONIA;1D;1Y;;;;1Y;Act360;Act360;;ModifiedFollowing;ModifiedFollowing;;2D
28.08.2025;1Mx13M;FRA;EUR;0,02109;EURIBOR;3M;3M;;;;3M;Act360;Act360;;ModifiedFollowing;ModifiedFollowing;;2D
28.08.2025;6Mx9M;FRA;EUR;0,01893;EURIBOR;3M;3M;;;;3M;Act360;Act360;;ModifiedFollowing;ModifiedFollowing;;2D
28.08.2025;3Y;OIS;GBP;0,03747;SONIA;1D;1Y;;;;1Y;Act360;Act360;;ModifiedFollowing;ModifiedFollowing;;2D
28.08.2025;12M;DEPOSIT;GBP;0,0426;LIBOR;12M;1Y;;;;1Y;Act360;Act360;;ModifiedFollowing;ModifiedFollowing;;2D
28.08.2025;15Y;OIS;GBP;0,04471;SONIA;1D;1Y;;;;1Y;Act360;Act360;;ModifiedFollowing;ModifiedFollowing;;2D
28.08.2025;8Y;IRS;EUR;0,02465;EURIBOR;3M;3M;;;;1Y;Act360;Act360;;ModifiedFollowing;ModifiedFollowing;;2D
28.08.2025;4Mx10M;FRA;USD;0,04038;LIBOR;3M;3M;;;;3M;Act360;Act360;;ModifiedFollowing;ModifiedFollowing;;2D
28.08.2025;6M;OIS;EUR;0,01968;EONIA;1D;6M;;;;6M;Act360;Act360;;ModifiedFollowing;ModifiedFollowing;;2D
28.08.2025;2M;OIS;USD;0,04172;SOFR;1D;2M;;;;2M;Act360;Act360;;ModifiedFollowing;ModifiedFollowing;;2D
28.08.2025;8Mx11M;FRA;GBP;0,03786;LIBOR;3M;3M;;;;3M;Act360;Act360;;ModifiedFollowing;ModifiedFollowing;;2D
28.08.2025;25Y;IRS;EUR;0,029012;EURIBOR;3M;3M;;;;1Y;Act360;Act360;;ModifiedFollowing;ModifiedFollowing;;2D
28.08.2025;1M;OIS;USD;0,04234;SOFR;1D;1M;;;;1M;Act360;Act360;;ModifiedFollowing;ModifiedFollowing;;2D
28.08.2025;20Y;OIS;USD;0,03991;SOFR;1D;1Y;;;;1Y;Act360;Act360;;ModifiedFollowing;ModifiedFollowing;;2D
28.08.2025;4M;OIS;GBP;0,03966;SONIA;1D;4M;;;;4M;Act360;Act360;;ModifiedFollowing;ModifiedFollowing;;2D
28.08.2025;2Y;OIS;EUR;0,01909;EONIA;1D;1Y;;;;1Y;Act360;Act360;;ModifiedFollowing;ModifiedFollowing;;2D
28.08.2025;3M;OIS;USD;0,04124;SOFR;1D;3M;;;;3M;Act360;Act360;;ModifiedFollowing;ModifiedFollowing;;2D
28.08.2025;2Mx14M;FRA;EUR;0,02094;EURIBOR;3M;3M;;;;3M;Act360;Act360;;ModifiedFollowing;ModifiedFollowing;;2D
28.08.2025;1Mx4M;FRA;GBP;0,0407;LIBOR;3M;3M;;;;3M;Act360;Act360;;ModifiedFollowing;ModifiedFollowing;;2D
28.08.2025;6M;DEPOSIT;GBP;0,042;LIBOR;6M;6M;;;;6M;Act360;Act360;;ModifiedFollowing;ModifiedFollowing;;2D
28.08.2025;4M;OIS;USD;0,04062;SOFR;1D;4M;;;;4M;Act360;Act360;;ModifiedFollowing;ModifiedFollowing;;2D
28.08.2025;3Mx9M;FRA;USD;0,04136;LIBOR;3M;3M;;;;3M;Act360;Act360;;ModifiedFollowing;ModifiedFollowing;;2D
28.08.2025;7Y;IRS;EUR;0,0239;EURIBOR;3M;3M;;;;1Y;Act360;Act360;;ModifiedFollowing;ModifiedFollowing;;2D
28.08.2025;5M;OIS;USD;0,04012;SOFR;1D;5M;;;;5M;Act360;Act360;;ModifiedFollowing;ModifiedFollowing;;2D
28.08.2025;3Mx15M;FRA;EUR;0,02083;EURIBOR;3M;3M;;;;3M;Act360;Act360;;ModifiedFollowing;ModifiedFollowing;;2D
28.08.2025;20Y;IRS;EUR;0,028995;EURIBOR;3M;3M;;;;1Y;Act360;Act360;;ModifiedFollowing;ModifiedFollowing;;2D
28.08.2025;5Mx11M;FRA;EUR;0,01982;EURIBOR;3M;3M;;;;3M;Act360;Act360;;ModifiedFollowing;ModifiedFollowing;;2D
28.08.2025;3M;DEPOSIT;GBP;0,041;LIBOR;3M;3M;;;;3M;Act360;Act360;;ModifiedFollowing;ModifiedFollowing;;2D
28.08.2025;1Mx4M;FRA;USD;0,04315;LIBOR;3M;3M;;;;3M;Act360;Act360;;ModifiedFollowing;ModifiedFollowing;;2D
28.08.2025;18M;OIS;EUR;0,01888;EONIA;1D;1Y;;;;1Y;Act360;Act360;;ModifiedFollowing;ModifiedFollowing;;2D
28.08.2025;2Mx8M;FRA;USD;0,04235;LIBOR;3M;3M;;;;3M;Act360;Act360;;ModifiedFollowing;ModifiedFollowing;;2D
28.08.2025;14D;OIS;USD;0,04333;SOFR;1D;14D;;;;14D;Act360;Act360;;ModifiedFollowing;ModifiedFollowing;;2D
28.08.2025;7M;OIS;EUR;0,01958;EONIA;1D;7M;;;;7M;Act360;Act360;;ModifiedFollowing;ModifiedFollowing;;2D
28.08.2025;1M;OIS;EUR;0,02006;EONIA;1D;1M;;;;1M;Act360;Act360;;ModifiedFollowing;ModifiedFollowing;;2D
28.08.2025;9Y;OIS;EUR;0,024845;EONIA;1D;1Y;;;;1Y;Act360;Act360;;ModifiedFollowing;ModifiedFollowing;;2D
28.08.2025;6M;OIS;USD;0,03965;SOFR;1D;6M;;;;6M;Act360;Act360;;ModifiedFollowing;ModifiedFollowing;;2D
28.08.2025;8M;OIS;EUR;0,01945;EONIA;1D;8M;;;;8M;Act360;Act360;;ModifiedFollowing;ModifiedFollowing;;2D
28.08.2025;3Mx9M;FRA;GBP;0,04102;LIBOR;3M;3M;;;;3M;Act360;Act360;;ModifiedFollowing;ModifiedFollowing;;2D
28.08.2025;60Y;IRS;EUR;0,02772;EURIBOR;3M;3M;;;;1Y;Act360;Act360;;ModifiedFollowing;ModifiedFollowing;;2D
28.08.2025;4Y;OIS;GBP;0,03776;SONIA;1D;1Y;;;;1Y;Act360;Act360;;ModifiedFollowing;ModifiedFollowing;;2D
28.08.2025;1Y;OIS;EUR;0,01911;EONIA;1D;1Y;;;;1Y;Act360;Act360;;ModifiedFollowing;ModifiedFollowing;;2D
28.08.2025;1Mx7M;FRA;GBP;0,04184;LIBOR;3M;3M;;;;3M;Act360;Act360;;ModifiedFollowing;ModifiedFollowing;;2D
28.08.2025;7M;OIS;USD;0,0392;SOFR;1D;7M;;;;7M;Act360;Act360;;ModifiedFollowing;ModifiedFollowing;;2D
28.08.2025;1M;DEPOSIT;GBP;0,0402;LIBOR;1M;1M;;;;1M;Act360;Act360;;ModifiedFollowing;ModifiedFollowing;;2D
28.08.2025;10M;OIS;EUR;0,01926;EONIA;1D;1Y;;;;1Y;Act360;Act360;;ModifiedFollowing;ModifiedFollowing;;2D
28.08.2025;50Y;IRS;EUR;0,02821;EURIBOR;3M;3M;;;;1Y;Act360;Act360;;ModifiedFollowing;ModifiedFollowing;;2D
28.08.2025;7D;OIS;USD;0,04331;SOFR;1D;7D;;;;7D;Act360;Act360;;ModifiedFollowing;ModifiedFollowing;;2D
28.08.2025;30Y;OIS;EUR;0,02851;EONIA;1D;1Y;;;;1Y;Act360;Act360;;ModifiedFollowing;ModifiedFollowing;;2D
28.08.2025;8M;OIS;USD;0,03874;SOFR;1D;8M;;;;8M;Act360;Act360;;ModifiedFollowing;ModifiedFollowing;;2D
28.08.2025;25Y;OIS;USD;0,04008;SOFR;1D;1Y;;;;1Y;Act360;Act360;;ModifiedFollowing;ModifiedFollowing;;2D
28.08.2025;3Mx6M;FRA;EUR;0,01965;EURIBOR;3M;3M;;;;3M;Act360;Act360;;ModifiedFollowing;ModifiedFollowing;;2D
28.08.2025;4Mx16M;FRA;EUR;0,02073;EURIBOR;3M;3M;;;;3M;Act360;Act360;;ModifiedFollowing;ModifiedFollowing;;2D
28.08.2025;40Y;OIS;GBP;0,0464;SONIA;1D;1Y;;;;1Y;Act360;Act360;;ModifiedFollowing;ModifiedFollowing;;2D
28.08.2025;2M;IRS;EUR;0,01894;EURIBOR;1M;1M;;;;1Y;Act360;Act360;;ModifiedFollowing;ModifiedFollowing;;2D
28.08.2025;7D;OIS;GBP;0,03969;SONIA;1D;7D;;;;7D;Act360;Act360;;ModifiedFollowing;ModifiedFollowing;;2D
28.08.2025;6Y;IRS;EUR;0,02313;EURIBOR;3M;3M;;;;1Y;Act360;Act360;;ModifiedFollowing;ModifiedFollowing;;2D
28.08.2025;11M;IRS;EUR;0,01846;EURIBOR;1M;1M;;;;1Y;Act360;Act360;;ModifiedFollowing;ModifiedFollowing;;2D
28.08.2025;3Y;OIS;EUR;0,01994;EONIA;1D;1Y;;;;1Y;Act360;Act360;;ModifiedFollowing;ModifiedFollowing;;2D
28.08.2025;4Mx10M;FRA;EUR;0,02003;EURIBOR;3M;3M;;;;3M;Act360;Act360;;ModifiedFollowing;ModifiedFollowing;;2D
28.08.2025;8Mx11M;FRA;EUR;0,01867;EURIBOR;3M;3M;;;;3M;Act360;Act360;;ModifiedFollowing;ModifiedFollowing;;2D
27.08.2025;50Y;IRS;EUR;0,028415;EURIBOR;3M;3M;;;;1Y;Act360;Act360;;ModifiedFollowing;ModifiedFollowing;;2D
27.08.2025;60Y;IRS;EUR;0,02793;EURIBOR;3M;3M;;;;1Y;Act360;Act360;;ModifiedFollowing;ModifiedFollowing;;2D
27.08.2025;11Y;IRS;EUR;0,026765;EURIBOR;3M;3M;;;;1Y;Act360;Act360;;ModifiedFollowing;ModifiedFollowing;;2D
27.08.2025;2M;IRS;EUR;0,01898;EURIBOR;1M;1M;;;;1Y;Act360;Act360;;ModifiedFollowing;ModifiedFollowing;;2D
27.08.2025;3M;IRS;EUR;0,01901;EURIBOR;1M;1M;;;;1Y;Act360;Act360;;ModifiedFollowing;ModifiedFollowing;;2D
27.08.2025;4M;IRS;EUR;0,01902;EURIBOR;1M;1M;;;;1Y;Act360;Act360;;ModifiedFollowing;ModifiedFollowing;;2D
27.08.2025;5M;IRS;EUR;0,01894;EURIBOR;1M;1M;;;;1Y;Act360;Act360;;ModifiedFollowing;ModifiedFollowing;;2D
27.08.2025;6M;IRS;EUR;0,01888;EURIBOR;1M;1M;;;;1Y;Act360;Act360;;ModifiedFollowing;ModifiedFollowing;;2D
27.08.2025;10Y;IRS;EUR;0,02618;EURIBOR;3M;3M;;;;1Y;Act360;Act360;;ModifiedFollowing;ModifiedFollowing;;2D
27.08.2025;7M;IRS;EUR;0,0188;EURIBOR;1M;1M;;;;1Y;Act360;Act360;;ModifiedFollowing;ModifiedFollowing;;2D
27.08.2025;8M;IRS;EUR;0,01871;EURIBOR;1M;1M;;;;1Y;Act360;Act360;;ModifiedFollowing;ModifiedFollowing;;2D
27.08.2025;9M;IRS;EUR;0,01863;EURIBOR;1M;1M;;;;1Y;Act360;Act360;;ModifiedFollowing;ModifiedFollowing;;2D
27.08.2025;10M;IRS;EUR;0,01856;EURIBOR;1M;1M;;;;1Y;Act360;Act360;;ModifiedFollowing;ModifiedFollowing;;2D
27.08.2025;9Y;IRS;EUR;0,02553;EURIBOR;3M;3M;;;;1Y;Act360;Act360;;ModifiedFollowing;ModifiedFollowing;;2D
27.08.2025;11M;IRS;EUR;0,01851;EURIBOR;1M;1M;;;;1Y;Act360;Act360;;ModifiedFollowing;ModifiedFollowing;;2D
27.08.2025;7D;OIS;USD;0,04331;SOFR;1D;7D;;;;7D;Act360;Act360;;ModifiedFollowing;ModifiedFollowing;;2D
27.08.2025;14D;OIS;USD;0,04333;SOFR;1D;14D;;;;14D;Act360;Act360;;ModifiedFollowing;ModifiedFollowing;;2D
27.08.2025;4M;OIS;EUR;0,01996;EONIA;1D;4M;;;;4M;Act360;Act360;;ModifiedFollowing;ModifiedFollowing;;2D
27.08.2025;8Y;IRS;EUR;0,02482;EURIBOR;3M;3M;;;;1Y;Act360;Act360;;ModifiedFollowing;ModifiedFollowing;;2D
27.08.2025;1M;OIS;USD;0,0426;SOFR;1D;1M;;;;1M;Act360;Act360;;ModifiedFollowing;ModifiedFollowing;;2D
27.08.2025;2M;OIS;USD;0,04198;SOFR;1D;2M;;;;2M;Act360;Act360;;ModifiedFollowing;ModifiedFollowing;;2D
27.08.2025;6M;OIS;EUR;0,01973;EONIA;1D;6M;;;;6M;Act360;Act360;;ModifiedFollowing;ModifiedFollowing;;2D
27.08.2025;3M;OIS;USD;0,0414;SOFR;1D;3M;;;;3M;Act360;Act360;;ModifiedFollowing;ModifiedFollowing;;2D
27.08.2025;2M;OIS;EUR;0,02008;EONIA;1D;2M;;;;2M;Act360;Act360;;ModifiedFollowing;ModifiedFollowing;;2D
27.08.2025;4M;OIS;USD;0,04083;SOFR;1D;4M;;;;4M;Act360;Act360;;ModifiedFollowing;ModifiedFollowing;;2D
27.08.2025;7Y;IRS;EUR;0,02407;EURIBOR;3M;3M;;;;1Y;Act360;Act360;;ModifiedFollowing;ModifiedFollowing;;2D
27.08.2025;5M;OIS;USD;0,04034;SOFR;1D;5M;;;;5M;Act360;Act360;;ModifiedFollowing;ModifiedFollowing;;2D
27.08.2025;6M;OIS;USD;0,03984;SOFR;1D;6M;;;;6M;Act360;Act360;;ModifiedFollowing;ModifiedFollowing;;2D
27.08.2025;7M;OIS;USD;0,0394;SOFR;1D;7M;;;;7M;Act360;Act360;;ModifiedFollowing;ModifiedFollowing;;2D
27.08.2025;8M;OIS;USD;0,039;SOFR;1D;8M;;;;8M;Act360;Act360;;ModifiedFollowing;ModifiedFollowing;;2D
27.08.2025;6Y;IRS;EUR;0,023285;EURIBOR;3M;3M;;;;1Y;Act360;Act360;;ModifiedFollowing;ModifiedFollowing;;2D
27.08.2025;9M;OIS;USD;0,03854;SOFR;1D;9M;;;;9M;Act360;Act360;;ModifiedFollowing;ModifiedFollowing;;2D
27.08.2025;10M;OIS;USD;0,03814;SOFR;1D;1Y;;;;1Y;Act360;Act360;;ModifiedFollowing;ModifiedFollowing;;2D
27.08.2025;11M;OIS;USD;0,03772;SOFR;1D;1Y;;;;1Y;Act360;Act360;;ModifiedFollowing;ModifiedFollowing;;2D
27.08.2025;5Y;IRS;EUR;0,02247;EURIBOR;3M;3M;;;;1Y;Act360;Act360;;ModifiedFollowing;ModifiedFollowing;;2D
27.08.2025;1Y;OIS;USD;0,03727;SOFR;1D;1Y;;;;1Y;Act360;Act360;;ModifiedFollowing;ModifiedFollowing;;2D
27.08.2025;18M;OIS;USD;0,03492;SOFR;1D;1Y;;;;1Y;Act360;Act360;;ModifiedFollowing;ModifiedFollowing;;2D
27.08.2025;2Y;OIS;USD;0,033699;SOFR;1D;1Y;;;;1Y;Act360;Act360;;ModifiedFollowing;ModifiedFollowing;;2D
27.08.2025;3Y;OIS;USD;0,03277;SOFR;1D;1Y;;;;1Y;Act360;Act360;;ModifiedFollowing;ModifiedFollowing;;2D
27.08.2025;4Y;IRS;EUR;0,021635;EURIBOR;3M;3M;;;;1Y;Act360;Act360;;ModifiedFollowing;ModifiedFollowing;;2D
27.08.2025;4Y;OIS;USD;0,03277;SOFR;1D;1Y;;;;1Y;Act360;Act360;;ModifiedFollowing;ModifiedFollowing;;2D
27.08.2025;5Y;OIS;USD;0,03312;SOFR;1D;1Y;;;;1Y;Act360;Act360;;ModifiedFollowing;ModifiedFollowing;;2D
27.08.2025;6Y;OIS;USD;0,03378;SOFR;1D;1Y;;;;1Y;Act360;Act360;;ModifiedFollowing;ModifiedFollowing;;2D
27.08.2025;7Y;OIS;USD;0,03455;SOFR;1D;1Y;;;;1Y;Act360;Act360;;ModifiedFollowing;ModifiedFollowing;;2D
27.08.2025;3Y;IRS;EUR;0,02074;EURIBOR;3M;3M;;;;1Y;Act360;Act360;;ModifiedFollowing;ModifiedFollowing;;2D
27.08.2025;8Y;OIS;USD;0,03527;SOFR;1D;1Y;;;;1Y;Act360;Act360;;ModifiedFollowing;ModifiedFollowing;;2D
27.08.2025;9Y;OIS;USD;0,03597;SOFR;1D;1Y;;;;1Y;Act360;Act360;;ModifiedFollowing;ModifiedFollowing;;2D
27.08.2025;10Y;OIS;USD;0,03665;SOFR;1D;1Y;;;;1Y;Act360;Act360;;ModifiedFollowing;ModifiedFollowing;;2D
27.08.2025;12Y;OIS;USD;0,03786;SOFR;1D;1Y;;;;1Y;Act360;Act360;;ModifiedFollowing;ModifiedFollowing;;2D
27.08.2025;2Y;IRS;EUR;0,019844;EURIBOR;3M;3M;;;;1Y;Act360;Act360;;ModifiedFollowing;ModifiedFollowing;;2D
27.08.2025;15Y;OIS;USD;0,03917;SOFR;1D;1Y;;;;1Y;Act360;Act360;;ModifiedFollowing;ModifiedFollowing;;2D
27.08.2025;20Y;OIS;USD;0,04027;SOFR;1D;1Y;;;;1Y;Act360;Act360;;ModifiedFollowing;ModifiedFollowing;;2D
27.08.2025;25Y;OIS;USD;0,04039;SOFR;1D;1Y;;;;1Y;Act360;Act360;;ModifiedFollowing;ModifiedFollowing;;2D
27.08.2025;1Y;IRS;EUR;0,01978;EURIBOR;3M;3M;;;;1Y;Act360;Act360;;ModifiedFollowing;ModifiedFollowing;;2D
27.08.2025;30Y;OIS;USD;0,04004;SOFR;1D;1Y;;;;1Y;Act360;Act360;;ModifiedFollowing;ModifiedFollowing;;2D
27.08.2025;35Y;OIS;USD;0,03946;SOFR;1D;1Y;;;;1Y;Act360;Act360;;ModifiedFollowing;ModifiedFollowing;;2D
27.08.2025;3M;OIS;EUR;0,02003;EONIA;1D;3M;;;;3M;Act360;Act360;;ModifiedFollowing;ModifiedFollowing;;2D
27.08.2025;40Y;OIS;USD;0,03886;SOFR;1D;1Y;;;;1Y;Act360;Act360;;ModifiedFollowing;ModifiedFollowing;;2D
27.08.2025;50Y;OIS;USD;0,03768;SOFR;1D;1Y;;;;1Y;Act360;Act360;;ModifiedFollowing;ModifiedFollowing;;2D
27.08.2025;5Mx11M;FRA;GBP;0,0402;LIBOR;3M;3M;;;;3M;Act360;Act360;;ModifiedFollowing;ModifiedFollowing;;2D
27.08.2025;30Y;OIS;EUR;0,02871;EONIA;1D;1Y;;;;1Y;Act360;Act360;;ModifiedFollowing;ModifiedFollowing;;2D
27.08.2025;7D;OIS;GBP;0,03969;SONIA;1D;7D;;;;7D;Act360;Act360;;ModifiedFollowing;ModifiedFollowing;;2D
27.08.2025;4Mx10M;FRA;GBP;0,04062;LIBOR;3M;3M;;;;3M;Act360;Act360;;ModifiedFollowing;ModifiedFollowing;;2D
27.08.2025;14D;OIS;GBP;0,0397;SONIA;1D;14D;;;;14D;Act360;Act360;;ModifiedFollowing;ModifiedFollowing;;2D
27.08.2025;3Mx9M;FRA;GBP;0,04101;LIBOR;3M;3M;;;;3M;Act360;Act360;;ModifiedFollowing;ModifiedFollowing;;2D
27.08.2025;1M;OIS;GBP;0,03973;SONIA;1D;1M;;;;1M;Act360;Act360;;ModifiedFollowing;ModifiedFollowing;;2D
27.08.2025;20Y;OIS;EUR;0,02875;EONIA;1D;1Y;;;;1Y;Act360;Act360;;ModifiedFollowing;ModifiedFollowing;;2D
27.08.2025;2M;OIS;GBP;0,03977;SONIA;1D;2M;;;;2M;Act360;Act360;;ModifiedFollowing;ModifiedFollowing;;2D
27.08.2025;2Mx8M;FRA;GBP;0,04144;LIBOR;3M;3M;;;;3M;Act360;Act360;;ModifiedFollowing;ModifiedFollowing;;2D
27.08.2025;3M;OIS;GBP;0,03971;SONIA;1D;3M;;;;3M;Act360;Act360;;ModifiedFollowing;ModifiedFollowing;;2D
27.08.2025;1Mx7M;FRA;GBP;0,04183;LIBOR;3M;3M;;;;3M;Act360;Act360;;ModifiedFollowing;ModifiedFollowing;;2D
27.08.2025;4M;OIS;GBP;0,03962;SONIA;1D;4M;;;;4M;Act360;Act360;;ModifiedFollowing;ModifiedFollowing;;2D
27.08.2025;8Mx11M;FRA;GBP;0,03791;LIBOR;3M;3M;;;;3M;Act360;Act360;;ModifiedFollowing;ModifiedFollowing;;2D
27.08.2025;5M;OIS;GBP;0,03955;SONIA;1D;5M;;;;5M;Act360;Act360;;ModifiedFollowing;ModifiedFollowing;;2D
27.08.2025;7Mx10M;FRA;GBP;0,03821;LIBOR;3M;3M;;;;3M;Act360;Act360;;ModifiedFollowing;ModifiedFollowing;;2D
27.08.2025;6M;OIS;GBP;0,03939;SONIA;1D;6M;;;;6M;Act360;Act360;;ModifiedFollowing;ModifiedFollowing;;2D
27.08.2025;15Y;OIS;EUR;0,02797;EONIA;1D;1Y;;;;1Y;Act360;Act360;;ModifiedFollowing;ModifiedFollowing;;2D
27.08.2025;6Mx9M;FRA;GBP;0,03862;LIBOR;3M;3M;;;;3M;Act360;Act360;;ModifiedFollowing;ModifiedFollowing;;2D
27.08.2025;7M;OIS;GBP;0,03926;SONIA;1D;7M;;;;7M;Act360;Act360;;ModifiedFollowing;ModifiedFollowing;;2D
27.08.2025;5Mx8M;FRA;GBP;0,03899;LIBOR;3M;3M;;;;3M;Act360;Act360;;ModifiedFollowing;ModifiedFollowing;;2D
27.08.2025;8M;OIS;GBP;0,03913;SONIA;1D;8M;;;;8M;Act360;Act360;;ModifiedFollowing;ModifiedFollowing;;2D
27.08.2025;9M;OIS;GBP;0,03898;SONIA;1D;9M;;;;9M;Act360;Act360;;ModifiedFollowing;ModifiedFollowing;;2D
27.08.2025;4Mx7M;FRA;GBP;0,03944;LIBOR;3M;3M;;;;3M;Act360;Act360;;ModifiedFollowing;ModifiedFollowing;;2D
27.08.2025;10M;OIS;GBP;0,03884;SONIA;1D;1Y;;;;1Y;Act360;Act360;;ModifiedFollowing;ModifiedFollowing;;2D
27.08.2025;3Mx6M;FRA;GBP;0,0399;LIBOR;3M;3M;;;;3M;Act360;Act360;;ModifiedFollowing;ModifiedFollowing;;2D
27.08.2025;10Y;OIS;EUR;0,0257;EONIA;1D;1Y;;;;1Y;Act360;Act360;;ModifiedFollowing;ModifiedFollowing;;2D
27.08.2025;11M;OIS;GBP;0,03875;SONIA;1D;1Y;;;;1Y;Act360;Act360;;ModifiedFollowing;ModifiedFollowing;;2D
27.08.2025;2Mx5M;FRA;GBP;0,04026;LIBOR;3M;3M;;;;3M;Act360;Act360;;ModifiedFollowing;ModifiedFollowing;;2D
27.08.2025;1Y;OIS;GBP;0,03864;SONIA;1D;1Y;;;;1Y;Act360;Act360;;ModifiedFollowing;ModifiedFollowing;;2D
27.08.2025;1Mx4M;FRA;GBP;0,04068;LIBOR;3M;3M;;;;3M;Act360;Act360;;ModifiedFollowing;ModifiedFollowing;;2D
27.08.2025;18M;OIS;GBP;0,0378;SONIA;1D;1Y;;;;1Y;Act360;Act360;;ModifiedFollowing;ModifiedFollowing;;2D
27.08.2025;5Mx11M;FRA;USD;0,03965;LIBOR;3M;3M;;;;3M;Act360;Act360;;ModifiedFollowing;ModifiedFollowing;;2D
27.08.2025;2Y;OIS;GBP;0,03759;SONIA;1D;1Y;;;;1Y;Act360;Act360;;ModifiedFollowing;ModifiedFollowing;;2D
27.08.2025;9Y;OIS;EUR;0,025065;EONIA;1D;1Y;;;;1Y;Act360;Act360;;ModifiedFollowing;ModifiedFollowing;;2D
27.08.2025;3Y;OIS;GBP;0,03757;SONIA;1D;1Y;;;;1Y;Act360;Act360;;ModifiedFollowing;ModifiedFollowing;;2D
27.08.2025;4Mx10M;FRA;USD;0,04059;LIBOR;3M;3M;;;;3M;Act360;Act360;;ModifiedFollowing;ModifiedFollowing;;2D
27.08.2025;4Y;OIS;GBP;0,0379;SONIA;1D;1Y;;;;1Y;Act360;Act360;;ModifiedFollowing;ModifiedFollowing;;2D
27.08.2025;3Mx9M;FRA;USD;0,04159;LIBOR;3M;3M;;;;3M;Act360;Act360;;ModifiedFollowing;ModifiedFollowing;;2D
27.08.2025;5Y;OIS;GBP;0,03841;SONIA;1D;1Y;;;;1Y;Act360;Act360;;ModifiedFollowing;ModifiedFollowing;;2D
27.08.2025;7M;OIS;EUR;0,01961;EONIA;1D;7M;;;;7M;Act360;Act360;;ModifiedFollowing;ModifiedFollowing;;2D
27.08.2025;2Mx8M;FRA;USD;0,04251;LIBOR;3M;3M;;;;3M;Act360;Act360;;ModifiedFollowing;ModifiedFollowing;;2D
27.08.2025;6Y;OIS;GBP;0,03905;SONIA;1D;1Y;;;;1Y;Act360;Act360;;ModifiedFollowing;ModifiedFollowing;;2D
27.08.2025;8Y;OIS;EUR;0,024325;EONIA;1D;1Y;;;;1Y;Act360;Act360;;ModifiedFollowing;ModifiedFollowing;;2D
27.08.2025;1Mx7M;FRA;USD;0,04363;LIBOR;3M;3M;;;;3M;Act360;Act360;;ModifiedFollowing;ModifiedFollowing;;2D
27.08.2025;7Y;OIS;GBP;0,03977;SONIA;1D;1Y;;;;1Y;Act360;Act360;;ModifiedFollowing;ModifiedFollowing;;2D
27.08.2025;8Mx11M;FRA;USD;0,03659;LIBOR;3M;3M;;;;3M;Act360;Act360;;ModifiedFollowing;ModifiedFollowing;;2D
27.08.2025;8Y;OIS;GBP;0,04053;SONIA;1D;1Y;;;;1Y;Act360;Act360;;ModifiedFollowing;ModifiedFollowing;;2D
27.08.2025;7Mx10M;FRA;USD;0,03753;LIBOR;3M;3M;;;;3M;Act360;Act360;;ModifiedFollowing;ModifiedFollowing;;2D
27.08.2025;9Y;OIS;GBP;0,04129;SONIA;1D;1Y;;;;1Y;Act360;Act360;;ModifiedFollowing;ModifiedFollowing;;2D
27.08.2025;7Y;OIS;EUR;0,023555;EONIA;1D;1Y;;;;1Y;Act360;Act360;;ModifiedFollowing;ModifiedFollowing;;2D
27.08.2025;10Y;OIS;GBP;0,04202;SONIA;1D;1Y;;;;1Y;Act360;Act360;;ModifiedFollowing;ModifiedFollowing;;2D
27.08.2025;6Mx9M;FRA;USD;0,03836;LIBOR;3M;3M;;;;3M;Act360;Act360;;ModifiedFollowing;ModifiedFollowing;;2D
27.08.2025;12Y;OIS;GBP;0,04337;SONIA;1D;1Y;;;;1Y;Act360;Act360;;ModifiedFollowing;ModifiedFollowing;;2D
27.08.2025;5Mx8M;FRA;USD;0,03909;LIBOR;3M;3M;;;;3M;Act360;Act360;;ModifiedFollowing;ModifiedFollowing;;2D
27.08.2025;15Y;OIS;GBP;0,04496;SONIA;1D;1Y;;;;1Y;Act360;Act360;;ModifiedFollowing;ModifiedFollowing;;2D
27.08.2025;4Mx7M;FRA;USD;0,04003;LIBOR;3M;3M;;;;3M;Act360;Act360;;ModifiedFollowing;ModifiedFollowing;;2D
27.08.2025;20Y;OIS;GBP;0,04651;SONIA;1D;1Y;;;;1Y;Act360;Act360;;ModifiedFollowing;ModifiedFollowing;;2D
27.08.2025;3Mx6M;FRA;USD;0,0411;LIBOR;3M;3M;;;;3M;Act360;Act360;;ModifiedFollowing;ModifiedFollowing;;2D
27.08.2025;6Y;OIS;EUR;0,02273;EONIA;1D;1Y;;;;1Y;Act360;Act360;;ModifiedFollowing;ModifiedFollowing;;2D
27.08.2025;25Y;OIS;GBP;0,04715;SONIA;1D;1Y;;;;1Y;Act360;Act360;;ModifiedFollowing;ModifiedFollowing;;2D
27.08.2025;30Y;OIS;GBP;0,04723;SONIA;1D;1Y;;;;1Y;Act360;Act360;;ModifiedFollowing;ModifiedFollowing;;2D
27.08.2025;2Mx5M;FRA;USD;0,04223;LIBOR;3M;3M;;;;3M;Act360;Act360;;ModifiedFollowing;ModifiedFollowing;;2D
27.08.2025;40Y;OIS;GBP;0,04664;SONIA;1D;1Y;;;;1Y;Act360;Act360;;ModifiedFollowing;ModifiedFollowing;;2D
27.08.2025;1Mx4M;FRA;USD;0,04333;LIBOR;3M;3M;;;;3M;Act360;Act360;;ModifiedFollowing;ModifiedFollowing;;2D
27.08.2025;50Y;OIS;GBP;0,04569;SONIA;1D;1Y;;;;1Y;Act360;Act360;;ModifiedFollowing;ModifiedFollowing;;2D
27.08.2025;5Y;OIS;EUR;0,021915;EONIA;1D;1Y;;;;1Y;Act360;Act360;;ModifiedFollowing;ModifiedFollowing;;2D
27.08.2025;11Mx23M;FRA;EUR;0,02122;EURIBOR;3M;3M;;;;3M;Act360;Act360;;ModifiedFollowing;ModifiedFollowing;;2D
27.08.2025;1M;DEPOSIT;EUR;0,0196;EURIBOR;1M;1M;;;;1M;Act360;Act360;;ModifiedFollowing;ModifiedFollowing;;2D
27.08.2025;10Mx22M;FRA;EUR;0,0211;EURIBOR;3M;3M;;;;3M;Act360;Act360;;ModifiedFollowing;ModifiedFollowing;;2D
27.08.2025;3M;DEPOSIT;EUR;0,02125;EURIBOR;3M;3M;;;;3M;Act360;Act360;;ModifiedFollowing;ModifiedFollowing;;2D
27.08.2025;9Mx21M;FRA;EUR;0,02094;EURIBOR;3M;3M;;;;3M;Act360;Act360;;ModifiedFollowing;ModifiedFollowing;;2D
27.08.2025;6M;DEPOSIT;EUR;0,0214;EURIBOR;6M;6M;;;;6M;Act360;Act360;;ModifiedFollowing;ModifiedFollowing;;2D
27.08.2025;4Y;OIS;EUR;0,021035;EONIA;1D;1Y;;;;1Y;Act360;Act360;;ModifiedFollowing;ModifiedFollowing;;2D
27.08.2025;12M;DEPOSIT;EUR;0,02025;EURIBOR;12M;1Y;;;;1Y;Act360;Act360;;ModifiedFollowing;ModifiedFollowing;;2D
27.08.2025;8Mx20M;FRA;EUR;0,02085;EURIBOR;3M;3M;;;;3M;Act360;Act360;;ModifiedFollowing;ModifiedFollowing;;2D
27.08.2025;1M;DEPOSIT;USD;0,04315;LIBOR;1M;1M;;;;1M;Act360;Act360;;ModifiedFollowing;ModifiedFollowing;;2D
27.08.2025;7Mx19M;FRA;EUR;0,02082;EURIBOR;3M;3M;;;;3M;Act360;Act360;;ModifiedFollowing;ModifiedFollowing;;2D
27.08.2025;3M;DEPOSIT;USD;0,04295;LIBOR;3M;3M;;;;3M;Act360;Act360;;ModifiedFollowing;ModifiedFollowing;;2D
27.08.2025;6Mx18M;FRA;EUR;0,02074;EURIBOR;3M;3M;;;;3M;Act360;Act360;;ModifiedFollowing;ModifiedFollowing;;2D
27.08.2025;6M;DEPOSIT;USD;0,04235;LIBOR;6M;6M;;;;6M;Act360;Act360;;ModifiedFollowing;ModifiedFollowing;;2D
27.08.2025;5Mx17M;FRA;EUR;0,02076;EURIBOR;3M;3M;;;;3M;Act360;Act360;;ModifiedFollowing;ModifiedFollowing;;2D
27.08.2025;3Y;OIS;EUR;0,0201;EONIA;1D;1Y;;;;1Y;Act360;Act360;;ModifiedFollowing;ModifiedFollowing;;2D
27.08.2025;12M;DEPOSIT;USD;0,04145;LIBOR;12M;1Y;;;;1Y;Act360;Act360;;ModifiedFollowing;ModifiedFollowing;;2D
27.08.2025;4Mx16M;FRA;EUR;0,02088;EURIBOR;3M;3M;;;;3M;Act360;Act360;;ModifiedFollowing;ModifiedFollowing;;2D
27.08.2025;1M;DEPOSIT;GBP;0,0408;LIBOR;1M;1M;;;;1M;Act360;Act360;;ModifiedFollowing;ModifiedFollowing;;2D
27.08.2025;3M;DEPOSIT;GBP;0,0415;LIBOR;3M;3M;;;;3M;Act360;Act360;;ModifiedFollowing;ModifiedFollowing;;2D
27.08.2025;3Mx15M;FRA;EUR;0,02089;EURIBOR;3M;3M;;;;3M;Act360;Act360;;ModifiedFollowing;ModifiedFollowing;;2D
27.08.2025;6M;DEPOSIT;GBP;0,0428;LIBOR;6M;6M;;;;6M;Act360;Act360;;ModifiedFollowing;ModifiedFollowing;;2D
27.08.2025;2Mx14M;FRA;EUR;0,02099;EURIBOR;3M;3M;;;;3M;Act360;Act360;;ModifiedFollowing;ModifiedFollowing;;2D
27.08.2025;2Y;OIS;EUR;0,01921;EONIA;1D;1Y;;;;1Y;Act360;Act360;;ModifiedFollowing;ModifiedFollowing;;2D
27.08.2025;12M;DEPOSIT;GBP;0,0427;LIBOR;12M;1Y;;;;1Y;Act360;Act360;;ModifiedFollowing;ModifiedFollowing;;2D
27.08.2025;1Mx13M;FRA;EUR;0,02116;EURIBOR;3M;3M;;;;3M;Act360;Act360;;ModifiedFollowing;ModifiedFollowing;;2D
27.08.2025;5Mx11M;FRA;EUR;0,01986;EURIBOR;3M;3M;;;;3M;Act360;Act360;;ModifiedFollowing;ModifiedFollowing;;2D
27.08.2025;4Mx10M;FRA;EUR;0,02008;EURIBOR;3M;3M;;;;3M;Act360;Act360;;ModifiedFollowing;ModifiedFollowing;;2D
27.08.2025;18M;OIS;EUR;0,01897;EONIA;1D;1Y;;;;1Y;Act360;Act360;;ModifiedFollowing;ModifiedFollowing;;2D
27.08.2025;3Mx9M;FRA;EUR;0,02023;EURIBOR;3M;3M;;;;3M;Act360;Act360;;ModifiedFollowing;ModifiedFollowing;;2D
27.08.2025;2Mx8M;FRA;EUR;0,02037;EURIBOR;3M;3M;;;;3M;Act360;Act360;;ModifiedFollowing;ModifiedFollowing;;2D
27.08.2025;1Mx7M;FRA;EUR;0,02063;EURIBOR;3M;3M;;;;3M;Act360;Act360;;ModifiedFollowing;ModifiedFollowing;;2D
27.08.2025;1Y;OIS;EUR;0,01916;EONIA;1D;1Y;;;;1Y;Act360;Act360;;ModifiedFollowing;ModifiedFollowing;;2D
27.08.2025;8Mx11M;FRA;EUR;0,01873;EURIBOR;3M;3M;;;;3M;Act360;Act360;;ModifiedFollowing;ModifiedFollowing;;2D
27.08.2025;7Mx10M;FRA;EUR;0,01887;EURIBOR;3M;3M;;;;3M;Act360;Act360;;ModifiedFollowing;ModifiedFollowing;;2D
27.08.2025;7D;OIS;EUR;0,019225;EONIA;1D;7D;;;;7D;Act360;Act360;;ModifiedFollowing;ModifiedFollowing;;2D
27.08.2025;6Mx9M;FRA;EUR;0,01897;EURIBOR;3M;3M;;;;3M;Act360;Act360;;ModifiedFollowing;ModifiedFollowing;;2D
27.08.2025;11M;OIS;EUR;0,01922;EONIA;1D;1Y;;;;1Y;Act360;Act360;;ModifiedFollowing;ModifiedFollowing;;2D
27.08.2025;5Mx8M;FRA;EUR;0,01917;EURIBOR;3M;3M;;;;3M;Act360;Act360;;ModifiedFollowing;ModifiedFollowing;;2D
27.08.2025;4Mx7M;FRA;EUR;0,01942;EURIBOR;3M;3M;;;;3M;Act360;Act360;;ModifiedFollowing;ModifiedFollowing;;2D
27.08.2025;3Mx6M;FRA;EUR;0,01966;EURIBOR;3M;3M;;;;3M;Act360;Act360;;ModifiedFollowing;ModifiedFollowing;;2D
27.08.2025;14D;OIS;EUR;0,02011;EONIA;1D;14D;;;;14D;Act360;Act360;;ModifiedFollowing;ModifiedFollowing;;2D
27.08.2025;5M;OIS;EUR;0,01982;EONIA;1D;5M;;;;5M;Act360;Act360;;ModifiedFollowing;ModifiedFollowing;;2D
27.08.2025;2Mx5M;FRA;EUR;0,01991;EURIBOR;3M;3M;;;;3M;Act360;Act360;;ModifiedFollowing;ModifiedFollowing;;2D
27.08.2025;10M;OIS;EUR;0,01929;EONIA;1D;1Y;;;;1Y;Act360;Act360;;ModifiedFollowing;ModifiedFollowing;;2D
27.08.2025;1Mx4M;FRA;EUR;0,02025;EURIBOR;3M;3M;;;;3M;Act360;Act360;;ModifiedFollowing;ModifiedFollowing;;2D
27.08.2025;1M;OIS;EUR;0,02008;EONIA;1D;1M;;;;1M;Act360;Act360;;ModifiedFollowing;ModifiedFollowing;;2D
27.08.2025;9M;OIS;EUR;0,01939;EONIA;1D;9M;;;;9M;Act360;Act360;;ModifiedFollowing;ModifiedFollowing;;2D
27.08.2025;8M;OIS;EUR;0,01949;EONIA;1D;8M;;;;8M;Act360;Act360;;ModifiedFollowing;ModifiedFollowing;;2D
27.08.2025;15Y;IRS;EUR;0,02844;EURIBOR;3M;3M;;;;1Y;Act360;Act360;;ModifiedFollowing;ModifiedFollowing;;2D
27.08.2025;20Y;IRS;EUR;0,02918;EURIBOR;3M;3M;;;;1Y;Act360;Act360;;ModifiedFollowing;ModifiedFollowing;;2D
27.08.2025;25Y;IRS;EUR;0,0292;EURIBOR;3M;3M;;;;1Y;Act360;Act360;;ModifiedFollowing;ModifiedFollowing;;2D
27.08.2025;30Y;IRS;EUR;0,029085;EURIBOR;3M;3M;;;;1Y;Act360;Act360;;ModifiedFollowing;ModifiedFollowing;;2D
27.08.2025;12Y;IRS;EUR;0,027285;EURIBOR;3M;3M;;;;1Y;Act360;Act360;;ModifiedFollowing;ModifiedFollowing;;2D
27.08.2025;40Y;IRS;EUR;0,02883;EURIBOR;3M;3M;;;;1Y;Act360;Act360;;ModifiedFollowing;ModifiedFollowing;;2D
26.08.2025;8Y;OIS;EUR;0,02455;EONIA;1D;1Y;;;;1Y;Act360;Act360;;ModifiedFollowing;ModifiedFollowing;;2D
26.08.2025;6Mx9M;FRA;EUR;0,01895;EURIBOR;3M;3M;;;;3M;Act360;Act360;;ModifiedFollowing;ModifiedFollowing;;2D
26.08.2025;7M;OIS;EUR;0,0196;EONIA;1D;7M;;;;7M;Act360;Act360;;ModifiedFollowing;ModifiedFollowing;;2D
26.08.2025;6Y;OIS;USD;0,03424;SOFR;1D;1Y;;;;1Y;Act360;Act360;;ModifiedFollowing;ModifiedFollowing;;2D
26.08.2025;11M;IRS;EUR;0,01853;EURIBOR;1M;1M;;;;1Y;Act360;Act360;;ModifiedFollowing;ModifiedFollowing;;2D
26.08.2025;6Y;OIS;GBP;0,03924;SONIA;1D;1Y;;;;1Y;Act360;Act360;;ModifiedFollowing;ModifiedFollowing;;2D
26.08.2025;2Mx8M;FRA;USD;0,04278;LIBOR;3M;3M;;;;3M;Act360;Act360;;ModifiedFollowing;ModifiedFollowing;;2D
26.08.2025;2Mx8M;FRA;EUR;0,02043;EURIBOR;3M;3M;;;;3M;Act360;Act360;;ModifiedFollowing;ModifiedFollowing;;2D
26.08.2025;7Y;OIS;USD;0,03501;SOFR;1D;1Y;;;;1Y;Act360;Act360;;ModifiedFollowing;ModifiedFollowing;;2D
26.08.2025;12Y;IRS;EUR;0,027532;EURIBOR;3M;3M;;;;1Y;Act360;Act360;;ModifiedFollowing;ModifiedFollowing;;2D
26.08.2025;5Y;OIS;GBP;0,03858;SONIA;1D;1Y;;;;1Y;Act360;Act360;;ModifiedFollowing;ModifiedFollowing;;2D
26.08.2025;3Mx9M;FRA;USD;0,04169;LIBOR;3M;3M;;;;3M;Act360;Act360;;ModifiedFollowing;ModifiedFollowing;;2D
26.08.2025;3Y;IRS;EUR;0,02087;EURIBOR;3M;3M;;;;1Y;Act360;Act360;;ModifiedFollowing;ModifiedFollowing;;2D
26.08.2025;8Y;OIS;USD;0,03574;SOFR;1D;1Y;;;;1Y;Act360;Act360;;ModifiedFollowing;ModifiedFollowing;;2D
26.08.2025;7D;OIS;USD;0,04331;SOFR;1D;7D;;;;7D;Act360;Act360;;ModifiedFollowing;ModifiedFollowing;;2D
26.08.2025;4Y;OIS;GBP;0,03805;SONIA;1D;1Y;;;;1Y;Act360;Act360;;ModifiedFollowing;ModifiedFollowing;;2D
26.08.2025;4Mx10M;FRA;USD;0,04089;LIBOR;3M;3M;;;;3M;Act360;Act360;;ModifiedFollowing;ModifiedFollowing;;2D
26.08.2025;9Y;OIS;USD;0,03643;SOFR;1D;1Y;;;;1Y;Act360;Act360;;ModifiedFollowing;ModifiedFollowing;;2D
26.08.2025;3M;DEPOSIT;GBP;0,0415;LIBOR;3M;3M;;;;3M;Act360;Act360;;ModifiedFollowing;ModifiedFollowing;;2D
26.08.2025;3Y;OIS;GBP;0,0377;SONIA;1D;1Y;;;;1Y;Act360;Act360;;ModifiedFollowing;ModifiedFollowing;;2D
26.08.2025;7D;OIS;EUR;0,019245;EONIA;1D;7D;;;;7D;Act360;Act360;;ModifiedFollowing;ModifiedFollowing;;2D
26.08.2025;9Y;OIS;EUR;0,025285;EONIA;1D;1Y;;;;1Y;Act360;Act360;;ModifiedFollowing;ModifiedFollowing;;2D
26.08.2025;40Y;IRS;EUR;0,02896;EURIBOR;3M;3M;;;;1Y;Act360;Act360;;ModifiedFollowing;ModifiedFollowing;;2D
26.08.2025;10Y;OIS;USD;0,03709;SOFR;1D;1Y;;;;1Y;Act360;Act360;;ModifiedFollowing;ModifiedFollowing;;2D
26.08.2025;1M;OIS;EUR;0,02009;EONIA;1D;1M;;;;1M;Act360;Act360;;ModifiedFollowing;ModifiedFollowing;;2D
26.08.2025;2Y;OIS;GBP;0,0377;SONIA;1D;1Y;;;;1Y;Act360;Act360;;ModifiedFollowing;ModifiedFollowing;;2D
26.08.2025;5Mx11M;FRA;USD;0,03986;LIBOR;3M;3M;;;;3M;Act360;Act360;;ModifiedFollowing;ModifiedFollowing;;2D
26.08.2025;12Y;OIS;USD;0,03826;SOFR;1D;1Y;;;;1Y;Act360;Act360;;ModifiedFollowing;ModifiedFollowing;;2D
26.08.2025;18M;OIS;GBP;0,0379;SONIA;1D;1Y;;;;1Y;Act360;Act360;;ModifiedFollowing;ModifiedFollowing;;2D
26.08.2025;2Y;IRS;EUR;0,019937;EURIBOR;3M;3M;;;;1Y;Act360;Act360;;ModifiedFollowing;ModifiedFollowing;;2D
26.08.2025;1Mx4M;FRA;GBP;0,04065;LIBOR;3M;3M;;;;3M;Act360;Act360;;ModifiedFollowing;ModifiedFollowing;;2D
26.08.2025;3Mx6M;FRA;EUR;0,01963;EURIBOR;3M;3M;;;;3M;Act360;Act360;;ModifiedFollowing;ModifiedFollowing;;2D
26.08.2025;14D;OIS;USD;0,04333;SOFR;1D;14D;;;;14D;Act360;Act360;;ModifiedFollowing;ModifiedFollowing;;2D
26.08.2025;15Y;OIS;USD;0,03957;SOFR;1D;1Y;;;;1Y;Act360;Act360;;ModifiedFollowing;ModifiedFollowing;;2D
26.08.2025;1Y;OIS;GBP;0,03873;SONIA;1D;1Y;;;;1Y;Act360;Act360;;ModifiedFollowing;ModifiedFollowing;;2D
26.08.2025;2Mx5M;FRA;GBP;0,0403;LIBOR;3M;3M;;;;3M;Act360;Act360;;ModifiedFollowing;ModifiedFollowing;;2D
26.08.2025;8Mx11M;FRA;EUR;0,01877;EURIBOR;3M;3M;;;;3M;Act360;Act360;;ModifiedFollowing;ModifiedFollowing;;2D
26.08.2025;20Y;OIS;USD;0,04061;SOFR;1D;1Y;;;;1Y;Act360;Act360;;ModifiedFollowing;ModifiedFollowing;;2D
26.08.2025;1M;DEPOSIT;GBP;0,0406;LIBOR;1M;1M;;;;1M;Act360;Act360;;ModifiedFollowing;ModifiedFollowing;;2D
26.08.2025;11M;OIS;GBP;0,03883;SONIA;1D;1Y;;;;1Y;Act360;Act360;;ModifiedFollowing;ModifiedFollowing;;2D
26.08.2025;10Y;OIS;EUR;0,02593;EONIA;1D;1Y;;;;1Y;Act360;Act360;;ModifiedFollowing;ModifiedFollowing;;2D
26.08.2025;4Mx16M;FRA;EUR;0,02086;EURIBOR;3M;3M;;;;3M;Act360;Act360;;ModifiedFollowing;ModifiedFollowing;;2D
26.08.2025;3Mx6M;FRA;GBP;0,03994;LIBOR;3M;3M;;;;3M;Act360;Act360;;ModifiedFollowing;ModifiedFollowing;;2D
26.08.2025;14D;OIS;EUR;0,02011;EONIA;1D;14D;;;;14D;Act360;Act360;;ModifiedFollowing;ModifiedFollowing;;2D
26.08.2025;3M;IRS;EUR;0,01907;EURIBOR;1M;1M;;;;1Y;Act360;Act360;;ModifiedFollowing;ModifiedFollowing;;2D
26.08.2025;25Y;OIS;USD;0,04072;SOFR;1D;1Y;;;;1Y;Act360;Act360;;ModifiedFollowing;ModifiedFollowing;;2D
26.08.2025;1Y;IRS;EUR;0,019793;EURIBOR;3M;3M;;;;1Y;Act360;Act360;;ModifiedFollowing;ModifiedFollowing;;2D
26.08.2025;10M;OIS;GBP;0,03893;SONIA;1D;1Y;;;;1Y;Act360;Act360;;ModifiedFollowing;ModifiedFollowing;;2D
26.08.2025;4Mx7M;FRA;GBP;0,03952;LIBOR;3M;3M;;;;3M;Act360;Act360;;ModifiedFollowing;ModifiedFollowing;;2D
26.08.2025;11Y;IRS;EUR;0,02701;EURIBOR;3M;3M;;;;1Y;Act360;Act360;;ModifiedFollowing;ModifiedFollowing;;2D
26.08.2025;12M;DEPOSIT;USD;0,04145;LIBOR;12M;1Y;;;;1Y;Act360;Act360;;ModifiedFollowing;ModifiedFollowing;;2D
26.08.2025;3Y;OIS;EUR;0,0202;EONIA;1D;1Y;;;;1Y;Act360;Act360;;ModifiedFollowing;ModifiedFollowing;;2D
26.08.2025;9M;OIS;GBP;0,03905;SONIA;1D;9M;;;;9M;Act360;Act360;;ModifiedFollowing;ModifiedFollowing;;2D
26.08.2025;2M;IRS;EUR;0,01902;EURIBOR;1M;1M;;;;1Y;Act360;Act360;;ModifiedFollowing;ModifiedFollowing;;2D
26.08.2025;30Y;OIS;USD;0,04037;SOFR;1D;1Y;;;;1Y;Act360;Act360;;ModifiedFollowing;ModifiedFollowing;;2D
26.08.2025;1Mx4M;FRA;EUR;0,02016;EURIBOR;3M;3M;;;;3M;Act360;Act360;;ModifiedFollowing;ModifiedFollowing;;2D
26.08.2025;3M;OIS;EUR;0,02003;EONIA;1D;3M;;;;3M;Act360;Act360;;ModifiedFollowing;ModifiedFollowing;;2D
26.08.2025;8Y;IRS;EUR;0,02506;EURIBOR;3M;3M;;;;1Y;Act360;Act360;;ModifiedFollowing;ModifiedFollowing;;2D
26.08.2025;8M;OIS;GBP;0,03919;SONIA;1D;8M;;;;8M;Act360;Act360;;ModifiedFollowing;ModifiedFollowing;;2D
26.08.2025;5Mx8M;FRA;GBP;0,03916;LIBOR;3M;3M;;;;3M;Act360;Act360;;ModifiedFollowing;ModifiedFollowing;;2D
26.08.2025;1M;OIS;USD;0,04268;SOFR;1D;1M;;;;1M;Act360;Act360;;ModifiedFollowing;ModifiedFollowing;;2D
26.08.2025;35Y;OIS;USD;0,03978;SOFR;1D;1Y;;;;1Y;Act360;Act360;;ModifiedFollowing;ModifiedFollowing;;2D
26.08.2025;25Y;IRS;EUR;0,029365;EURIBOR;3M;3M;;;;1Y;Act360;Act360;;ModifiedFollowing;ModifiedFollowing;;2D
26.08.2025;7M;OIS;GBP;0,03931;SONIA;1D;7M;;;;7M;Act360;Act360;;ModifiedFollowing;ModifiedFollowing;;2D
26.08.2025;6Mx9M;FRA;GBP;0,03876;LIBOR;3M;3M;;;;3M;Act360;Act360;;ModifiedFollowing;ModifiedFollowing;;2D
26.08.2025;5Mx17M;FRA;EUR;0,02082;EURIBOR;3M;3M;;;;3M;Act360;Act360;;ModifiedFollowing;ModifiedFollowing;;2D
26.08.2025;40Y;OIS;USD;0,03918;SOFR;1D;1Y;;;;1Y;Act360;Act360;;ModifiedFollowing;ModifiedFollowing;;2D
26.08.2025;15Y;OIS;EUR;0,02818;EONIA;1D;1Y;;;;1Y;Act360;Act360;;ModifiedFollowing;ModifiedFollowing;;2D
26.08.2025;2Mx5M;FRA;EUR;0,01992;EURIBOR;3M;3M;;;;3M;Act360;Act360;;ModifiedFollowing;ModifiedFollowing;;2D
26.08.2025;6M;OIS;GBP;0,03944;SONIA;1D;6M;;;;6M;Act360;Act360;;ModifiedFollowing;ModifiedFollowing;;2D
26.08.2025;50Y;OIS;USD;0,038;SOFR;1D;1Y;;;;1Y;Act360;Act360;;ModifiedFollowing;ModifiedFollowing;;2D
26.08.2025;8M;OIS;EUR;0,01948;EONIA;1D;8M;;;;8M;Act360;Act360;;ModifiedFollowing;ModifiedFollowing;;2D
26.08.2025;7Mx10M;FRA;GBP;0,03839;LIBOR;3M;3M;;;;3M;Act360;Act360;;ModifiedFollowing;ModifiedFollowing;;2D
26.08.2025;6M;DEPOSIT;USD;0,04245;LIBOR;6M;6M;;;;6M;Act360;Act360;;ModifiedFollowing;ModifiedFollowing;;2D
26.08.2025;5Mx11M;FRA;GBP;0,04043;LIBOR;3M;3M;;;;3M;Act360;Act360;;ModifiedFollowing;ModifiedFollowing;;2D
26.08.2025;6Mx18M;FRA;EUR;0,0208;EURIBOR;3M;3M;;;;3M;Act360;Act360;;ModifiedFollowing;ModifiedFollowing;;2D
26.08.2025;30Y;OIS;EUR;0,02884;EONIA;1D;1Y;;;;1Y;Act360;Act360;;ModifiedFollowing;ModifiedFollowing;;2D
26.08.2025;5M;OIS;GBP;0,03958;SONIA;1D;5M;;;;5M;Act360;Act360;;ModifiedFollowing;ModifiedFollowing;;2D
26.08.2025;8Mx11M;FRA;GBP;0,03808;LIBOR;3M;3M;;;;3M;Act360;Act360;;ModifiedFollowing;ModifiedFollowing;;2D
26.08.2025;2M;OIS;USD;0,04211;SOFR;1D;2M;;;;2M;Act360;Act360;;ModifiedFollowing;ModifiedFollowing;;2D
26.08.2025;7D;OIS;GBP;0,0397;SONIA;1D;7D;;;;7D;Act360;Act360;;ModifiedFollowing;ModifiedFollowing;;2D
26.08.2025;4Mx10M;FRA;GBP;0,04073;LIBOR;3M;3M;;;;3M;Act360;Act360;;ModifiedFollowing;ModifiedFollowing;;2D
26.08.2025;4M;OIS;GBP;0,03964;SONIA;1D;4M;;;;4M;Act360;Act360;;ModifiedFollowing;ModifiedFollowing;;2D
26.08.2025;1Mx7M;FRA;GBP;0,04188;LIBOR;3M;3M;;;;3M;Act360;Act360;;ModifiedFollowing;ModifiedFollowing;;2D
26.08.2025;3M;OIS;USD;0,04153;SOFR;1D;3M;;;;3M;Act360;Act360;;ModifiedFollowing;ModifiedFollowing;;2D
26.08.2025;14D;OIS;GBP;0,03971;SONIA;1D;14D;;;;14D;Act360;Act360;;ModifiedFollowing;ModifiedFollowing;;2D
26.08.2025;3Mx9M;FRA;EUR;0,0202;EURIBOR;3M;3M;;;;3M;Act360;Act360;;ModifiedFollowing;ModifiedFollowing;;2D
26.08.2025;3Mx9M;FRA;GBP;0,04113;LIBOR;3M;3M;;;;3M;Act360;Act360;;ModifiedFollowing;ModifiedFollowing;;2D
26.08.2025;3M;DEPOSIT;USD;0,04275;LIBOR;3M;3M;;;;3M;Act360;Act360;;ModifiedFollowing;ModifiedFollowing;;2D
26.08.2025;7Mx19M;FRA;EUR;0,02086;EURIBOR;3M;3M;;;;3M;Act360;Act360;;ModifiedFollowing;ModifiedFollowing;;2D
26.08.2025;3M;OIS;GBP;0,03972;SONIA;1D;3M;;;;3M;Act360;Act360;;ModifiedFollowing;ModifiedFollowing;;2D
26.08.2025;2Mx8M;FRA;GBP;0,04151;LIBOR;3M;3M;;;;3M;Act360;Act360;;ModifiedFollowing;ModifiedFollowing;;2D
26.08.2025;1M;OIS;GBP;0,03973;SONIA;1D;1M;;;;1M;Act360;Act360;;ModifiedFollowing;ModifiedFollowing;;2D
26.08.2025;10M;OIS;EUR;0,01929;EONIA;1D;1Y;;;;1Y;Act360;Act360;;ModifiedFollowing;ModifiedFollowing;;2D
26.08.2025;2M;OIS;GBP;0,03978;SONIA;1D;2M;;;;2M;Act360;Act360;;ModifiedFollowing;ModifiedFollowing;;2D
26.08.2025;20Y;OIS;EUR;0,02893;EONIA;1D;1Y;;;;1Y;Act360;Act360;;ModifiedFollowing;ModifiedFollowing;;2D
26.08.2025;6M;OIS;EUR;0,0197;EONIA;1D;6M;;;;6M;Act360;Act360;;ModifiedFollowing;ModifiedFollowing;;2D
26.08.2025;11M;OIS;EUR;0,01922;EONIA;1D;1Y;;;;1Y;Act360;Act360;;ModifiedFollowing;ModifiedFollowing;;2D
26.08.2025;9M;OIS;EUR;0,01938;EONIA;1D;9M;;;;9M;Act360;Act360;;ModifiedFollowing;ModifiedFollowing;;2D
26.08.2025;4M;OIS;USD;0,04095;SOFR;1D;4M;;;;4M;Act360;Act360;;ModifiedFollowing;ModifiedFollowing;;2D
26.08.2025;4M;OIS;EUR;0,01995;EONIA;1D;4M;;;;4M;Act360;Act360;;ModifiedFollowing;ModifiedFollowing;;2D
26.08.2025;1M;DEPOSIT;USD;0,04315;LIBOR;1M;1M;;;;1M;Act360;Act360;;ModifiedFollowing;ModifiedFollowing;;2D
26.08.2025;8Mx20M;FRA;EUR;0,02094;EURIBOR;3M;3M;;;;3M;Act360;Act360;;ModifiedFollowing;ModifiedFollowing;;2D
26.08.2025;7Y;IRS;EUR;0,0243;EURIBOR;3M;3M;;;;1Y;Act360;Act360;;ModifiedFollowing;ModifiedFollowing;;2D
26.08.2025;12M;DEPOSIT;EUR;0,01975;EURIBOR;12M;1Y;;;;1Y;Act360;Act360;;ModifiedFollowing;ModifiedFollowing;;2D
26.08.2025;4Y;OIS;EUR;0,02118;EONIA;1D;1Y;;;;1Y;Act360;Act360;;ModifiedFollowing;ModifiedFollowing;;2D
26.08.2025;5M;OIS;USD;0,04048;SOFR;1D;5M;;;;5M;Act360;Act360;;ModifiedFollowing;ModifiedFollowing;;2D
26.08.2025;1Y;OIS;EUR;0,01916;EONIA;1D;1Y;;;;1Y;Act360;Act360;;ModifiedFollowing;ModifiedFollowing;;2D
26.08.2025;6M;DEPOSIT;EUR;0,0189;EURIBOR;6M;6M;;;;6M;Act360;Act360;;ModifiedFollowing;ModifiedFollowing;;2D
26.08.2025;9Mx21M;FRA;EUR;0,02105;EURIBOR;3M;3M;;;;3M;Act360;Act360;;ModifiedFollowing;ModifiedFollowing;;2D
26.08.2025;18M;OIS;EUR;0,019;EONIA;1D;1Y;;;;1Y;Act360;Act360;;ModifiedFollowing;ModifiedFollowing;;2D
26.08.2025;20Y;IRS;EUR;0,02939;EURIBOR;3M;3M;;;;1Y;Act360;Act360;;ModifiedFollowing;ModifiedFollowing;;2D
26.08.2025;60Y;IRS;EUR;0,02803;EURIBOR;3M;3M;;;;1Y;Act360;Act360;;ModifiedFollowing;ModifiedFollowing;;2D
26.08.2025;3M;DEPOSIT;EUR;0,02025;EURIBOR;3M;3M;;;;3M;Act360;Act360;;ModifiedFollowing;ModifiedFollowing;;2D
26.08.2025;10Mx22M;FRA;EUR;0,0212;EURIBOR;3M;3M;;;;3M;Act360;Act360;;ModifiedFollowing;ModifiedFollowing;;2D
26.08.2025;6M;IRS;EUR;0,01889;EURIBOR;1M;1M;;;;1Y;Act360;Act360;;ModifiedFollowing;ModifiedFollowing;;2D
26.08.2025;6M;OIS;USD;0,03995;SOFR;1D;6M;;;;6M;Act360;Act360;;ModifiedFollowing;ModifiedFollowing;;2D
26.08.2025;10Y;IRS;EUR;0,026425;EURIBOR;3M;3M;;;;1Y;Act360;Act360;;ModifiedFollowing;ModifiedFollowing;;2D
26.08.2025;1M;DEPOSIT;EUR;0,01985;EURIBOR;1M;1M;;;;1M;Act360;Act360;;ModifiedFollowing;ModifiedFollowing;;2D
26.08.2025;11Mx23M;FRA;EUR;0,02133;EURIBOR;3M;3M;;;;3M;Act360;Act360;;ModifiedFollowing;ModifiedFollowing;;2D
26.08.2025;4Mx10M;FRA;EUR;0,02002;EURIBOR;3M;3M;;;;3M;Act360;Act360;;ModifiedFollowing;ModifiedFollowing;;2D
26.08.2025;7M;OIS;USD;0,03951;SOFR;1D;7M;;;;7M;Act360;Act360;;ModifiedFollowing;ModifiedFollowing;;2D
26.08.2025;5Y;OIS;EUR;0,02207;EONIA;1D;1Y;;;;1Y;Act360;Act360;;ModifiedFollowing;ModifiedFollowing;;2D
26.08.2025;5Mx8M;FRA;EUR;0,01915;EURIBOR;3M;3M;;;;3M;Act360;Act360;;ModifiedFollowing;ModifiedFollowing;;2D
26.08.2025;50Y;OIS;GBP;0,04592;SONIA;1D;1Y;;;;1Y;Act360;Act360;;ModifiedFollowing;ModifiedFollowing;;2D
26.08.2025;7M;IRS;EUR;0,01881;EURIBOR;1M;1M;;;;1Y;Act360;Act360;;ModifiedFollowing;ModifiedFollowing;;2D
26.08.2025;1Mx4M;FRA;USD;0,04346;LIBOR;3M;3M;;;;3M;Act360;Act360;;ModifiedFollowing;ModifiedFollowing;;2D
26.08.2025;8M;OIS;USD;0,03912;SOFR;1D;8M;;;;8M;Act360;Act360;;ModifiedFollowing;ModifiedFollowing;;2D
26.08.2025;6Y;IRS;EUR;0,023495;EURIBOR;3M;3M;;;;1Y;Act360;Act360;;ModifiedFollowing;ModifiedFollowing;;2D
26.08.2025;1Mx7M;FRA;EUR;0,02083;EURIBOR;3M;3M;;;;3M;Act360;Act360;;ModifiedFollowing;ModifiedFollowing;;2D
26.08.2025;40Y;OIS;GBP;0,04687;SONIA;1D;1Y;;;;1Y;Act360;Act360;;ModifiedFollowing;ModifiedFollowing;;2D
26.08.2025;2Mx5M;FRA;USD;0,04249;LIBOR;3M;3M;;;;3M;Act360;Act360;;ModifiedFollowing;ModifiedFollowing;;2D
26.08.2025;30Y;OIS;GBP;0,04746;SONIA;1D;1Y;;;;1Y;Act360;Act360;;ModifiedFollowing;ModifiedFollowing;;2D
26.08.2025;9M;OIS;USD;0,03868;SOFR;1D;9M;;;;9M;Act360;Act360;;ModifiedFollowing;ModifiedFollowing;;2D
26.08.2025;7Mx10M;FRA;EUR;0,01882;EURIBOR;3M;3M;;;;3M;Act360;Act360;;ModifiedFollowing;ModifiedFollowing;;2D
26.08.2025;25Y;OIS;GBP;0,04738;SONIA;1D;1Y;;;;1Y;Act360;Act360;;ModifiedFollowing;ModifiedFollowing;;2D
26.08.2025;3Mx6M;FRA;USD;0,0412;LIBOR;3M;3M;;;;3M;Act360;Act360;;ModifiedFollowing;ModifiedFollowing;;2D
26.08.2025;10M;OIS;USD;0,03827;SOFR;1D;1Y;;;;1Y;Act360;Act360;;ModifiedFollowing;ModifiedFollowing;;2D
26.08.2025;6Y;OIS;EUR;0,02293;EONIA;1D;1Y;;;;1Y;Act360;Act360;;ModifiedFollowing;ModifiedFollowing;;2D
26.08.2025;5Mx11M;FRA;EUR;0,01989;EURIBOR;3M;3M;;;;3M;Act360;Act360;;ModifiedFollowing;ModifiedFollowing;;2D
26.08.2025;4M;IRS;EUR;0,01906;EURIBOR;1M;1M;;;;1Y;Act360;Act360;;ModifiedFollowing;ModifiedFollowing;;2D
26.08.2025;11M;OIS;USD;0,03787;SOFR;1D;1Y;;;;1Y;Act360;Act360;;ModifiedFollowing;ModifiedFollowing;;2D
26.08.2025;15Y;IRS;EUR;0,02866;EURIBOR;3M;3M;;;;1Y;Act360;Act360;;ModifiedFollowing;ModifiedFollowing;;2D
26.08.2025;8M;IRS;EUR;0,01872;EURIBOR;1M;1M;;;;1Y;Act360;Act360;;ModifiedFollowing;ModifiedFollowing;;2D
26.08.2025;9M;IRS;EUR;0,01864;EURIBOR;1M;1M;;;;1Y;Act360;Act360;;ModifiedFollowing;ModifiedFollowing;;2D
26.08.2025;20Y;OIS;GBP;0,04674;SONIA;1D;1Y;;;;1Y;Act360;Act360;;ModifiedFollowing;ModifiedFollowing;;2D
26.08.2025;5M;OIS;EUR;0,01981;EONIA;1D;5M;;;;5M;Act360;Act360;;ModifiedFollowing;ModifiedFollowing;;2D
26.08.2025;4Mx7M;FRA;USD;0,04032;LIBOR;3M;3M;;;;3M;Act360;Act360;;ModifiedFollowing;ModifiedFollowing;;2D
26.08.2025;2M;OIS;EUR;0,02009;EONIA;1D;2M;;;;2M;Act360;Act360;;ModifiedFollowing;ModifiedFollowing;;2D
26.08.2025;1Mx13M;FRA;EUR;0,02114;EURIBOR;3M;3M;;;;3M;Act360;Act360;;ModifiedFollowing;ModifiedFollowing;;2D
26.08.2025;15Y;OIS;GBP;0,0452;SONIA;1D;1Y;;;;1Y;Act360;Act360;;ModifiedFollowing;ModifiedFollowing;;2D
26.08.2025;4Mx7M;FRA;EUR;0,01937;EURIBOR;3M;3M;;;;3M;Act360;Act360;;ModifiedFollowing;ModifiedFollowing;;2D
26.08.2025;5Mx8M;FRA;USD;0,03924;LIBOR;3M;3M;;;;3M;Act360;Act360;;ModifiedFollowing;ModifiedFollowing;;2D
26.08.2025;30Y;IRS;EUR;0,02924;EURIBOR;3M;3M;;;;1Y;Act360;Act360;;ModifiedFollowing;ModifiedFollowing;;2D
26.08.2025;5Y;IRS;EUR;0,02267;EURIBOR;3M;3M;;;;1Y;Act360;Act360;;ModifiedFollowing;ModifiedFollowing;;2D
26.08.2025;1Y;OIS;USD;0,03747;SOFR;1D;1Y;;;;1Y;Act360;Act360;;ModifiedFollowing;ModifiedFollowing;;2D
26.08.2025;12Y;OIS;GBP;0,0436;SONIA;1D;1Y;;;;1Y;Act360;Act360;;ModifiedFollowing;ModifiedFollowing;;2D
26.08.2025;6Mx9M;FRA;USD;0,03848;LIBOR;3M;3M;;;;3M;Act360;Act360;;ModifiedFollowing;ModifiedFollowing;;2D
26.08.2025;5M;IRS;EUR;0,01896;EURIBOR;1M;1M;;;;1Y;Act360;Act360;;ModifiedFollowing;ModifiedFollowing;;2D
26.08.2025;18M;OIS;USD;0,03516;SOFR;1D;1Y;;;;1Y;Act360;Act360;;ModifiedFollowing;ModifiedFollowing;;2D
26.08.2025;10Y;OIS;GBP;0,04225;SONIA;1D;1Y;;;;1Y;Act360;Act360;;ModifiedFollowing;ModifiedFollowing;;2D
26.08.2025;7Y;OIS;EUR;0,02376;EONIA;1D;1Y;;;;1Y;Act360;Act360;;ModifiedFollowing;ModifiedFollowing;;2D
26.08.2025;50Y;IRS;EUR;0,028513;EURIBOR;3M;3M;;;;1Y;Act360;Act360;;ModifiedFollowing;ModifiedFollowing;;2D
26.08.2025;2Y;OIS;USD;0,033976;SOFR;1D;1Y;;;;1Y;Act360;Act360;;ModifiedFollowing;ModifiedFollowing;;2D
26.08.2025;9Y;OIS;GBP;0,04151;SONIA;1D;1Y;;;;1Y;Act360;Act360;;ModifiedFollowing;ModifiedFollowing;;2D
26.08.2025;12M;DEPOSIT;GBP;0,0428;LIBOR;12M;1Y;;;;1Y;Act360;Act360;;ModifiedFollowing;ModifiedFollowing;;2D
26.08.2025;2Y;OIS;EUR;0,01928;EONIA;1D;1Y;;;;1Y;Act360;Act360;;ModifiedFollowing;ModifiedFollowing;;2D
26.08.2025;3Y;OIS;USD;0,03314;SOFR;1D;1Y;;;;1Y;Act360;Act360;;ModifiedFollowing;ModifiedFollowing;;2D
26.08.2025;7Mx10M;FRA;USD;0,03774;LIBOR;3M;3M;;;;3M;Act360;Act360;;ModifiedFollowing;ModifiedFollowing;;2D
26.08.2025;4Y;IRS;EUR;0,02182;EURIBOR;3M;3M;;;;1Y;Act360;Act360;;ModifiedFollowing;ModifiedFollowing;;2D
26.08.2025;2Mx14M;FRA;EUR;0,02102;EURIBOR;3M;3M;;;;3M;Act360;Act360;;ModifiedFollowing;ModifiedFollowing;;2D
26.08.2025;4Y;OIS;USD;0,0332;SOFR;1D;1Y;;;;1Y;Act360;Act360;;ModifiedFollowing;ModifiedFollowing;;2D
26.08.2025;10M;IRS;EUR;0,01858;EURIBOR;1M;1M;;;;1Y;Act360;Act360;;ModifiedFollowing;ModifiedFollowing;;2D
26.08.2025;9Y;IRS;EUR;0,02576;EURIBOR;3M;3M;;;;1Y;Act360;Act360;;ModifiedFollowing;ModifiedFollowing;;2D
26.08.2025;8Y;OIS;GBP;0,04074;SONIA;1D;1Y;;;;1Y;Act360;Act360;;ModifiedFollowing;ModifiedFollowing;;2D
26.08.2025;8Mx11M;FRA;USD;0,03692;LIBOR;3M;3M;;;;3M;Act360;Act360;;ModifiedFollowing;ModifiedFollowing;;2D
26.08.2025;5Y;OIS;USD;0,03358;SOFR;1D;1Y;;;;1Y;Act360;Act360;;ModifiedFollowing;ModifiedFollowing;;2D
26.08.2025;6M;DEPOSIT;GBP;0,0423;LIBOR;6M;6M;;;;6M;Act360;Act360;;ModifiedFollowing;ModifiedFollowing;;2D
26.08.2025;7Y;OIS;GBP;0,03998;SONIA;1D;1Y;;;;1Y;Act360;Act360;;ModifiedFollowing;ModifiedFollowing;;2D
26.08.2025;1Mx7M;FRA;USD;0,04377;LIBOR;3M;3M;;;;3M;Act360;Act360;;ModifiedFollowing;ModifiedFollowing;;2D
26.08.2025;3Mx15M;FRA;EUR;0,02091;EURIBOR;3M;3M;;;;3M;Act360;Act360;;ModifiedFollowing;ModifiedFollowing;;2D
25.08.2025;1Mx4M;FRA;EUR;0,02015;EURIBOR;3M;3M;;;;3M;Act360;Act360;;ModifiedFollowing;ModifiedFollowing;;2D
25.08.2025;7Mx10M;FRA;EUR;0,01898;EURIBOR;3M;3M;;;;3M;Act360;Act360;;ModifiedFollowing;ModifiedFollowing;;2D
25.08.2025;8Mx11M;FRA;EUR;0,01892;EURIBOR;3M;3M;;;;3M;Act360;Act360;;ModifiedFollowing;ModifiedFollowing;;2D
25.08.2025;1Y;OIS;EUR;0,01927;EONIA;1D;1Y;;;;1Y;Act360;Act360;;ModifiedFollowing;ModifiedFollowing;;2D
25.08.2025;1Mx7M;FRA;EUR;0,02071;EURIBOR;3M;3M;;;;3M;Act360;Act360;;ModifiedFollowing;ModifiedFollowing;;2D
25.08.2025;5M;OIS;EUR;0,01986;EONIA;1D;5M;;;;5M;Act360;Act360;;ModifiedFollowing;ModifiedFollowing;;2D
25.08.2025;2Mx8M;FRA;EUR;0,02049;EURIBOR;3M;3M;;;;3M;Act360;Act360;;ModifiedFollowing;ModifiedFollowing;;2D
25.08.2025;3Mx9M;FRA;EUR;0,02029;EURIBOR;3M;3M;;;;3M;Act360;Act360;;ModifiedFollowing;ModifiedFollowing;;2D
25.08.2025;18M;OIS;EUR;0,01914;EONIA;1D;1Y;;;;1Y;Act360;Act360;;ModifiedFollowing;ModifiedFollowing;;2D
25.08.2025;4Mx10M;FRA;EUR;0,02013;EURIBOR;3M;3M;;;;3M;Act360;Act360;;ModifiedFollowing;ModifiedFollowing;;2D
25.08.2025;5Mx11M;FRA;EUR;0,02004;EURIBOR;3M;3M;;;;3M;Act360;Act360;;ModifiedFollowing;ModifiedFollowing;;2D
25.08.2025;1Mx13M;FRA;EUR;0,02124;EURIBOR;3M;3M;;;;3M;Act360;Act360;;ModifiedFollowing;ModifiedFollowing;;2D
25.08.2025;12M;DEPOSIT;GBP;0,04215;LIBOR;12M;1Y;;;;1Y;Act360;Act360;;ModifiedFollowing;ModifiedFollowing;;2D
25.08.2025;2Y;OIS;EUR;0,01943;EONIA;1D;1Y;;;;1Y;Act360;Act360;;ModifiedFollowing;ModifiedFollowing;;2D
25.08.2025;2Mx14M;FRA;EUR;0,02114;EURIBOR;3M;3M;;;;3M;Act360;Act360;;ModifiedFollowing;ModifiedFollowing;;2D
25.08.2025;6M;DEPOSIT;GBP;0,0422;LIBOR;6M;6M;;;;6M;Act360;Act360;;ModifiedFollowing;ModifiedFollowing;;2D
25.08.2025;3Mx15M;FRA;EUR;0,02105;EURIBOR;3M;3M;;;;3M;Act360;Act360;;ModifiedFollowing;ModifiedFollowing;;2D
25.08.2025;3M;DEPOSIT;GBP;0,0415;LIBOR;3M;3M;;;;3M;Act360;Act360;;ModifiedFollowing;ModifiedFollowing;;2D
25.08.2025;1M;OIS;EUR;0,0201;EONIA;1D;1M;;;;1M;Act360;Act360;;ModifiedFollowing;ModifiedFollowing;;2D
25.08.2025;40Y;IRS;EUR;0,029018;EURIBOR;3M;3M;;;;1Y;Act360;Act360;;ModifiedFollowing;ModifiedFollowing;;2D
25.08.2025;1M;DEPOSIT;GBP;0,0406;LIBOR;1M;1M;;;;1M;Act360;Act360;;ModifiedFollowing;ModifiedFollowing;;2D
25.08.2025;4Mx16M;FRA;EUR;0,02101;EURIBOR;3M;3M;;;;3M;Act360;Act360;;ModifiedFollowing;ModifiedFollowing;;2D
25.08.2025;12M;DEPOSIT;USD;0,04145;LIBOR;12M;1Y;;;;1Y;Act360;Act360;;ModifiedFollowing;ModifiedFollowing;;2D
25.08.2025;3Y;OIS;EUR;0,02036;EONIA;1D;1Y;;;;1Y;Act360;Act360;;ModifiedFollowing;ModifiedFollowing;;2D
25.08.2025;5Mx17M;FRA;EUR;0,02098;EURIBOR;3M;3M;;;;3M;Act360;Act360;;ModifiedFollowing;ModifiedFollowing;;2D
25.08.2025;6M;DEPOSIT;USD;0,04215;LIBOR;6M;6M;;;;6M;Act360;Act360;;ModifiedFollowing;ModifiedFollowing;;2D
25.08.2025;6Mx18M;FRA;EUR;0,02098;EURIBOR;3M;3M;;;;3M;Act360;Act360;;ModifiedFollowing;ModifiedFollowing;;2D
25.08.2025;3M;DEPOSIT;USD;0,04265;LIBOR;3M;3M;;;;3M;Act360;Act360;;ModifiedFollowing;ModifiedFollowing;;2D
25.08.2025;7Mx19M;FRA;EUR;0,02106;EURIBOR;3M;3M;;;;3M;Act360;Act360;;ModifiedFollowing;ModifiedFollowing;;2D
25.08.2025;9M;OIS;EUR;0,01947;EONIA;1D;9M;;;;9M;Act360;Act360;;ModifiedFollowing;ModifiedFollowing;;2D
25.08.2025;1M;DEPOSIT;USD;0,04325;LIBOR;1M;1M;;;;1M;Act360;Act360;;ModifiedFollowing;ModifiedFollowing;;2D
25.08.2025;8Mx20M;FRA;EUR;0,02112;EURIBOR;3M;3M;;;;3M;Act360;Act360;;ModifiedFollowing;ModifiedFollowing;;2D
25.08.2025;12M;DEPOSIT;EUR;0,02035;EURIBOR;12M;1Y;;;;1Y;Act360;Act360;;ModifiedFollowing;ModifiedFollowing;;2D
25.08.2025;4Y;OIS;EUR;0,021315;EONIA;1D;1Y;;;;1Y;Act360;Act360;;ModifiedFollowing;ModifiedFollowing;;2D
25.08.2025;6M;DEPOSIT;EUR;0,019;EURIBOR;6M;6M;;;;6M;Act360;Act360;;ModifiedFollowing;ModifiedFollowing;;2D
25.08.2025;9Mx21M;FRA;EUR;0,02123;EURIBOR;3M;3M;;;;3M;Act360;Act360;;ModifiedFollowing;ModifiedFollowing;;2D
25.08.2025;4M;IRS;EUR;0,01909;EURIBOR;1M;1M;;;;1Y;Act360;Act360;;ModifiedFollowing;ModifiedFollowing;;2D
25.08.2025;3M;DEPOSIT;EUR;0,02125;EURIBOR;3M;3M;;;;3M;Act360;Act360;;ModifiedFollowing;ModifiedFollowing;;2D
25.08.2025;10Mx22M;FRA;EUR;0,02139;EURIBOR;3M;3M;;;;3M;Act360;Act360;;ModifiedFollowing;ModifiedFollowing;;2D
25.08.2025;1M;DEPOSIT;EUR;0,0196;EURIBOR;1M;1M;;;;1M;Act360;Act360;;ModifiedFollowing;ModifiedFollowing;;2D
25.08.2025;11Mx23M;FRA;EUR;0,02152;EURIBOR;3M;3M;;;;3M;Act360;Act360;;ModifiedFollowing;ModifiedFollowing;;2D
25.08.2025;5Y;OIS;EUR;0,02222;EONIA;1D;1Y;;;;1Y;Act360;Act360;;ModifiedFollowing;ModifiedFollowing;;2D
25.08.2025;50Y;OIS;GBP;0,0453;SONIA;1D;1Y;;;;1Y;Act360;Act360;;ModifiedFollowing;ModifiedFollowing;;2D
25.08.2025;1Mx4M;FRA;USD;0,04333;LIBOR;3M;3M;;;;3M;Act360;Act360;;ModifiedFollowing;ModifiedFollowing;;2D
25.08.2025;40Y;OIS;GBP;0,04625;SONIA;1D;1Y;;;;1Y;Act360;Act360;;ModifiedFollowing;ModifiedFollowing;;2D
25.08.2025;30Y;OIS;GBP;0,04684;SONIA;1D;1Y;;;;1Y;Act360;Act360;;ModifiedFollowing;ModifiedFollowing;;2D
25.08.2025;2Mx5M;FRA;USD;0,04242;LIBOR;3M;3M;;;;3M;Act360;Act360;;ModifiedFollowing;ModifiedFollowing;;2D
25.08.2025;25Y;OIS;GBP;0,04677;SONIA;1D;1Y;;;;1Y;Act360;Act360;;ModifiedFollowing;ModifiedFollowing;;2D
25.08.2025;3Mx6M;FRA;USD;0,04114;LIBOR;3M;3M;;;;3M;Act360;Act360;;ModifiedFollowing;ModifiedFollowing;;2D
25.08.2025;6Y;OIS;EUR;0,02306;EONIA;1D;1Y;;;;1Y;Act360;Act360;;ModifiedFollowing;ModifiedFollowing;;2D
25.08.2025;20Y;OIS;GBP;0,04613;SONIA;1D;1Y;;;;1Y;Act360;Act360;;ModifiedFollowing;ModifiedFollowing;;2D
25.08.2025;4Mx7M;FRA;USD;0,04029;LIBOR;3M;3M;;;;3M;Act360;Act360;;ModifiedFollowing;ModifiedFollowing;;2D
25.08.2025;15Y;OIS;GBP;0,0446;SONIA;1D;1Y;;;;1Y;Act360;Act360;;ModifiedFollowing;ModifiedFollowing;;2D
25.08.2025;5Mx8M;FRA;USD;0,03939;LIBOR;3M;3M;;;;3M;Act360;Act360;;ModifiedFollowing;ModifiedFollowing;;2D
25.08.2025;12Y;OIS;GBP;0,04302;SONIA;1D;1Y;;;;1Y;Act360;Act360;;ModifiedFollowing;ModifiedFollowing;;2D
25.08.2025;6Mx9M;FRA;USD;0,03851;LIBOR;3M;3M;;;;3M;Act360;Act360;;ModifiedFollowing;ModifiedFollowing;;2D
25.08.2025;10Y;OIS;GBP;0,04169;SONIA;1D;1Y;;;;1Y;Act360;Act360;;ModifiedFollowing;ModifiedFollowing;;2D
25.08.2025;7Y;OIS;EUR;0,023835;EONIA;1D;1Y;;;;1Y;Act360;Act360;;ModifiedFollowing;ModifiedFollowing;;2D
25.08.2025;9Y;OIS;GBP;0,04097;SONIA;1D;1Y;;;;1Y;Act360;Act360;;ModifiedFollowing;ModifiedFollowing;;2D
25.08.2025;7Mx10M;FRA;USD;0,03777;LIBOR;3M;3M;;;;3M;Act360;Act360;;ModifiedFollowing;ModifiedFollowing;;2D
25.08.2025;8Y;OIS;GBP;0,04022;SONIA;1D;1Y;;;;1Y;Act360;Act360;;ModifiedFollowing;ModifiedFollowing;;2D
25.08.2025;8Mx11M;FRA;USD;0,03697;LIBOR;3M;3M;;;;3M;Act360;Act360;;ModifiedFollowing;ModifiedFollowing;;2D
25.08.2025;7M;OIS;EUR;0,01967;EONIA;1D;7M;;;;7M;Act360;Act360;;ModifiedFollowing;ModifiedFollowing;;2D
25.08.2025;7Y;OIS;GBP;0,03948;SONIA;1D;1Y;;;;1Y;Act360;Act360;;ModifiedFollowing;ModifiedFollowing;;2D
25.08.2025;1Mx7M;FRA;USD;0,04371;LIBOR;3M;3M;;;;3M;Act360;Act360;;ModifiedFollowing;ModifiedFollowing;;2D
25.08.2025;8Y;OIS;EUR;0,02457;EONIA;1D;1Y;;;;1Y;Act360;Act360;;ModifiedFollowing;ModifiedFollowing;;2D
25.08.2025;6Y;OIS;GBP;0,03879;SONIA;1D;1Y;;;;1Y;Act360;Act360;;ModifiedFollowing;ModifiedFollowing;;2D
25.08.2025;2Mx8M;FRA;USD;0,04277;LIBOR;3M;3M;;;;3M;Act360;Act360;;ModifiedFollowing;ModifiedFollowing;;2D
25.08.2025;5Y;OIS;GBP;0,03817;SONIA;1D;1Y;;;;1Y;Act360;Act360;;ModifiedFollowing;ModifiedFollowing;;2D
25.08.2025;3Mx9M;FRA;USD;0,04168;LIBOR;3M;3M;;;;3M;Act360;Act360;;ModifiedFollowing;ModifiedFollowing;;2D
25.08.2025;4Y;OIS;GBP;0,03769;SONIA;1D;1Y;;;;1Y;Act360;Act360;;ModifiedFollowing;ModifiedFollowing;;2D
25.08.2025;3Y;OIS;GBP;0,03739;SONIA;1D;1Y;;;;1Y;Act360;Act360;;ModifiedFollowing;ModifiedFollowing;;2D
25.08.2025;4Mx10M;FRA;USD;0,04089;LIBOR;3M;3M;;;;3M;Act360;Act360;;ModifiedFollowing;ModifiedFollowing;;2D
25.08.2025;9Y;OIS;EUR;0,025305;EONIA;1D;1Y;;;;1Y;Act360;Act360;;ModifiedFollowing;ModifiedFollowing;;2D
25.08.2025;2Y;OIS;GBP;0,03746;SONIA;1D;1Y;;;;1Y;Act360;Act360;;ModifiedFollowing;ModifiedFollowing;;2D
25.08.2025;5Mx11M;FRA;USD;0,04;LIBOR;3M;3M;;;;3M;Act360;Act360;;ModifiedFollowing;ModifiedFollowing;;2D
25.08.2025;18M;OIS;GBP;0,03771;SONIA;1D;1Y;;;;1Y;Act360;Act360;;ModifiedFollowing;ModifiedFollowing;;2D
25.08.2025;1Mx4M;FRA;GBP;0,04071;LIBOR;3M;3M;;;;3M;Act360;Act360;;ModifiedFollowing;ModifiedFollowing;;2D
25.08.2025;3M;IRS;EUR;0,01909;EURIBOR;1M;1M;;;;1Y;Act360;Act360;;ModifiedFollowing;ModifiedFollowing;;2D
25.08.2025;1Y;OIS;GBP;0,0386;SONIA;1D;1Y;;;;1Y;Act360;Act360;;ModifiedFollowing;ModifiedFollowing;;2D
25.08.2025;2Mx5M;FRA;GBP;0,0403;LIBOR;3M;3M;;;;3M;Act360;Act360;;ModifiedFollowing;ModifiedFollowing;;2D
25.08.2025;11M;OIS;GBP;0,03872;SONIA;1D;1Y;;;;1Y;Act360;Act360;;ModifiedFollowing;ModifiedFollowing;;2D
25.08.2025;10Y;OIS;EUR;0,02594;EONIA;1D;1Y;;;;1Y;Act360;Act360;;ModifiedFollowing;ModifiedFollowing;;2D
25.08.2025;3Mx6M;FRA;GBP;0,03986;LIBOR;3M;3M;;;;3M;Act360;Act360;;ModifiedFollowing;ModifiedFollowing;;2D
25.08.2025;10M;OIS;GBP;0,03884;SONIA;1D;1Y;;;;1Y;Act360;Act360;;ModifiedFollowing;ModifiedFollowing;;2D
25.08.2025;4Mx7M;FRA;GBP;0,03947;LIBOR;3M;3M;;;;3M;Act360;Act360;;ModifiedFollowing;ModifiedFollowing;;2D
25.08.2025;9M;OIS;GBP;0,03898;SONIA;1D;9M;;;;9M;Act360;Act360;;ModifiedFollowing;ModifiedFollowing;;2D
25.08.2025;8M;OIS;GBP;0,03914;SONIA;1D;8M;;;;8M;Act360;Act360;;ModifiedFollowing;ModifiedFollowing;;2D
25.08.2025;5Mx8M;FRA;GBP;0,03903;LIBOR;3M;3M;;;;3M;Act360;Act360;;ModifiedFollowing;ModifiedFollowing;;2D
25.08.2025;7M;OIS;GBP;0,03928;SONIA;1D;7M;;;;7M;Act360;Act360;;ModifiedFollowing;ModifiedFollowing;;2D
25.08.2025;6Mx9M;FRA;GBP;0,03856;LIBOR;3M;3M;;;;3M;Act360;Act360;;ModifiedFollowing;ModifiedFollowing;;2D
25.08.2025;15Y;OIS;EUR;0,02818;EONIA;1D;1Y;;;;1Y;Act360;Act360;;ModifiedFollowing;ModifiedFollowing;;2D
25.08.2025;6M;OIS;GBP;0,03942;SONIA;1D;6M;;;;6M;Act360;Act360;;ModifiedFollowing;ModifiedFollowing;;2D
25.08.2025;7Mx10M;FRA;GBP;0,03815;LIBOR;3M;3M;;;;3M;Act360;Act360;;ModifiedFollowing;ModifiedFollowing;;2D
25.08.2025;5M;OIS;GBP;0,03957;SONIA;1D;5M;;;;5M;Act360;Act360;;ModifiedFollowing;ModifiedFollowing;;2D
25.08.2025;8Mx11M;FRA;GBP;0,03782;LIBOR;3M;3M;;;;3M;Act360;Act360;;ModifiedFollowing;ModifiedFollowing;;2D
25.08.2025;4M;OIS;GBP;0,03967;SONIA;1D;4M;;;;4M;Act360;Act360;;ModifiedFollowing;ModifiedFollowing;;2D
25.08.2025;1Mx7M;FRA;GBP;0,04186;LIBOR;3M;3M;;;;3M;Act360;Act360;;ModifiedFollowing;ModifiedFollowing;;2D
25.08.2025;3M;OIS;GBP;0,03973;SONIA;1D;3M;;;;3M;Act360;Act360;;ModifiedFollowing;ModifiedFollowing;;2D
25.08.2025;2M;OIS;GBP;0,03977;SONIA;1D;2M;;;;2M;Act360;Act360;;ModifiedFollowing;ModifiedFollowing;;2D
25.08.2025;20Y;OIS;EUR;0,02894;EONIA;1D;1Y;;;;1Y;Act360;Act360;;ModifiedFollowing;ModifiedFollowing;;2D
25.08.2025;2Mx8M;FRA;GBP;0,04145;LIBOR;3M;3M;;;;3M;Act360;Act360;;ModifiedFollowing;ModifiedFollowing;;2D
25.08.2025;1M;OIS;GBP;0,03973;SONIA;1D;1M;;;;1M;Act360;Act360;;ModifiedFollowing;ModifiedFollowing;;2D
25.08.2025;3Mx9M;FRA;GBP;0,04098;LIBOR;3M;3M;;;;3M;Act360;Act360;;ModifiedFollowing;ModifiedFollowing;;2D
25.08.2025;50Y;IRS;EUR;0,028608;EURIBOR;3M;3M;;;;1Y;Act360;Act360;;ModifiedFollowing;ModifiedFollowing;;2D
25.08.2025;8M;OIS;EUR;0,01955;EONIA;1D;8M;;;;8M;Act360;Act360;;ModifiedFollowing;ModifiedFollowing;;2D
25.08.2025;2M;IRS;EUR;0,01905;EURIBOR;1M;1M;;;;1Y;Act360;Act360;;ModifiedFollowing;ModifiedFollowing;;2D
25.08.2025;14D;OIS;GBP;0,0397;SONIA;1D;14D;;;;14D;Act360;Act360;;ModifiedFollowing;ModifiedFollowing;;2D
25.08.2025;4Mx10M;FRA;GBP;0,0406;LIBOR;3M;3M;;;;3M;Act360;Act360;;ModifiedFollowing;ModifiedFollowing;;2D
25.08.2025;7D;OIS;GBP;0,03969;SONIA;1D;7D;;;;7D;Act360;Act360;;ModifiedFollowing;ModifiedFollowing;;2D
25.08.2025;30Y;OIS;EUR;0,02891;EONIA;1D;1Y;;;;1Y;Act360;Act360;;ModifiedFollowing;ModifiedFollowing;;2D
25.08.2025;5Mx11M;FRA;GBP;0,04025;LIBOR;3M;3M;;;;3M;Act360;Act360;;ModifiedFollowing;ModifiedFollowing;;2D
25.08.2025;50Y;OIS;USD;0,0377;SOFR;1D;1Y;;;;1Y;Act360;Act360;;ModifiedFollowing;ModifiedFollowing;;2D
25.08.2025;40Y;OIS;USD;0,03888;SOFR;1D;1Y;;;;1Y;Act360;Act360;;ModifiedFollowing;ModifiedFollowing;;2D
25.08.2025;35Y;OIS;USD;0,03949;SOFR;1D;1Y;;;;1Y;Act360;Act360;;ModifiedFollowing;ModifiedFollowing;;2D
25.08.2025;30Y;OIS;USD;0,04007;SOFR;1D;1Y;;;;1Y;Act360;Act360;;ModifiedFollowing;ModifiedFollowing;;2D
25.08.2025;1Y;IRS;EUR;0,019878;EURIBOR;3M;3M;;;;1Y;Act360;Act360;;ModifiedFollowing;ModifiedFollowing;;2D
25.08.2025;3M;OIS;EUR;0,02005;EONIA;1D;3M;;;;3M;Act360;Act360;;ModifiedFollowing;ModifiedFollowing;;2D
25.08.2025;25Y;OIS;USD;0,04041;SOFR;1D;1Y;;;;1Y;Act360;Act360;;ModifiedFollowing;ModifiedFollowing;;2D
25.08.2025;20Y;OIS;USD;0,04027;SOFR;1D;1Y;;;;1Y;Act360;Act360;;ModifiedFollowing;ModifiedFollowing;;2D
25.08.2025;15Y;OIS;USD;0,03926;SOFR;1D;1Y;;;;1Y;Act360;Act360;;ModifiedFollowing;ModifiedFollowing;;2D
25.08.2025;2Y;IRS;EUR;0,02007;EURIBOR;3M;3M;;;;1Y;Act360;Act360;;ModifiedFollowing;ModifiedFollowing;;2D
25.08.2025;12Y;OIS;USD;0,038;SOFR;1D;1Y;;;;1Y;Act360;Act360;;ModifiedFollowing;ModifiedFollowing;;2D
25.08.2025;10Y;OIS;USD;0,03686;SOFR;1D;1Y;;;;1Y;Act360;Act360;;ModifiedFollowing;ModifiedFollowing;;2D
25.08.2025;9Y;OIS;USD;0,03622;SOFR;1D;1Y;;;;1Y;Act360;Act360;;ModifiedFollowing;ModifiedFollowing;;2D
25.08.2025;8Y;OIS;USD;0,03554;SOFR;1D;1Y;;;;1Y;Act360;Act360;;ModifiedFollowing;ModifiedFollowing;;2D
25.08.2025;3Y;IRS;EUR;0,021005;EURIBOR;3M;3M;;;;1Y;Act360;Act360;;ModifiedFollowing;ModifiedFollowing;;2D
25.08.2025;7Y;OIS;USD;0,03484;SOFR;1D;1Y;;;;1Y;Act360;Act360;;ModifiedFollowing;ModifiedFollowing;;2D
25.08.2025;6Y;OIS;USD;0,03412;SOFR;1D;1Y;;;;1Y;Act360;Act360;;ModifiedFollowing;ModifiedFollowing;;2D
25.08.2025;5Y;OIS;USD;0,0335;SOFR;1D;1Y;;;;1Y;Act360;Act360;;ModifiedFollowing;ModifiedFollowing;;2D
25.08.2025;11Y;IRS;EUR;0,026983;EURIBOR;3M;3M;;;;1Y;Act360;Act360;;ModifiedFollowing;ModifiedFollowing;;2D
25.08.2025;2M;OIS;EUR;0,02011;EONIA;1D;2M;;;;2M;Act360;Act360;;ModifiedFollowing;ModifiedFollowing;;2D
25.08.2025;4Y;OIS;USD;0,03316;SOFR;1D;1Y;;;;1Y;Act360;Act360;;ModifiedFollowing;ModifiedFollowing;;2D
25.08.2025;4Y;IRS;EUR;0,02193;EURIBOR;3M;3M;;;;1Y;Act360;Act360;;ModifiedFollowing;ModifiedFollowing;;2D
25.08.2025;3Y;OIS;USD;0,03313;SOFR;1D;1Y;;;;1Y;Act360;Act360;;ModifiedFollowing;ModifiedFollowing;;2D
25.08.2025;2Y;OIS;USD;0,034023;SOFR;1D;1Y;;;;1Y;Act360;Act360;;ModifiedFollowing;ModifiedFollowing;;2D
25.08.2025;18M;OIS;USD;0,0352;SOFR;1D;1Y;;;;1Y;Act360;Act360;;ModifiedFollowing;ModifiedFollowing;;2D
25.08.2025;1Y;OIS;USD;0,0375;SOFR;1D;1Y;;;;1Y;Act360;Act360;;ModifiedFollowing;ModifiedFollowing;;2D
25.08.2025;5Y;IRS;EUR;0,022755;EURIBOR;3M;3M;;;;1Y;Act360;Act360;;ModifiedFollowing;ModifiedFollowing;;2D
25.08.2025;11M;OIS;USD;0,0379;SOFR;1D;1Y;;;;1Y;Act360;Act360;;ModifiedFollowing;ModifiedFollowing;;2D
25.08.2025;60Y;IRS;EUR;0,02812;EURIBOR;3M;3M;;;;1Y;Act360;Act360;;ModifiedFollowing;ModifiedFollowing;;2D
25.08.2025;15Y;IRS;EUR;0,028633;EURIBOR;3M;3M;;;;1Y;Act360;Act360;;ModifiedFollowing;ModifiedFollowing;;2D
25.08.2025;10M;OIS;USD;0,03828;SOFR;1D;1Y;;;;1Y;Act360;Act360;;ModifiedFollowing;ModifiedFollowing;;2D
25.08.2025;9M;OIS;USD;0,03869;SOFR;1D;9M;;;;9M;Act360;Act360;;ModifiedFollowing;ModifiedFollowing;;2D
25.08.2025;8M;OIS;USD;0,03911;SOFR;1D;8M;;;;8M;Act360;Act360;;ModifiedFollowing;ModifiedFollowing;;2D
25.08.2025;6Y;IRS;EUR;0,023565;EURIBOR;3M;3M;;;;1Y;Act360;Act360;;ModifiedFollowing;ModifiedFollowing;;2D
25.08.2025;4M;OIS;EUR;0,01998;EONIA;1D;4M;;;;4M;Act360;Act360;;ModifiedFollowing;ModifiedFollowing;;2D
25.08.2025;7M;OIS;USD;0,03953;SOFR;1D;7M;;;;7M;Act360;Act360;;ModifiedFollowing;ModifiedFollowing;;2D
25.08.2025;6M;OIS;USD;0,03991;SOFR;1D;6M;;;;6M;Act360;Act360;;ModifiedFollowing;ModifiedFollowing;;2D
25.08.2025;20Y;IRS;EUR;0,02937;EURIBOR;3M;3M;;;;1Y;Act360;Act360;;ModifiedFollowing;ModifiedFollowing;;2D
25.08.2025;5M;OIS;USD;0,04043;SOFR;1D;5M;;;;5M;Act360;Act360;;ModifiedFollowing;ModifiedFollowing;;2D
25.08.2025;7Y;IRS;EUR;0,024335;EURIBOR;3M;3M;;;;1Y;Act360;Act360;;ModifiedFollowing;ModifiedFollowing;;2D
25.08.2025;6M;OIS;EUR;0,01975;EONIA;1D;6M;;;;6M;Act360;Act360;;ModifiedFollowing;ModifiedFollowing;;2D
25.08.2025;4M;OIS;USD;0,04088;SOFR;1D;4M;;;;4M;Act360;Act360;;ModifiedFollowing;ModifiedFollowing;;2D
25.08.2025;3M;OIS;USD;0,04145;SOFR;1D;3M;;;;3M;Act360;Act360;;ModifiedFollowing;ModifiedFollowing;;2D
25.08.2025;2M;OIS;USD;0,04204;SOFR;1D;2M;;;;2M;Act360;Act360;;ModifiedFollowing;ModifiedFollowing;;2D
25.08.2025;1M;OIS;USD;0,04264;SOFR;1D;1M;;;;1M;Act360;Act360;;ModifiedFollowing;ModifiedFollowing;;2D
25.08.2025;25Y;IRS;EUR;0,02939;EURIBOR;3M;3M;;;;1Y;Act360;Act360;;ModifiedFollowing;ModifiedFollowing;;2D
25.08.2025;8Y;IRS;EUR;0,025085;EURIBOR;3M;3M;;;;1Y;Act360;Act360;;ModifiedFollowing;ModifiedFollowing;;2D
25.08.2025;14D;OIS;USD;0,04331;SOFR;1D;14D;;;;14D;Act360;Act360;;ModifiedFollowing;ModifiedFollowing;;2D
25.08.2025;7D;OIS;USD;0,04329;SOFR;1D;7D;;;;7D;Act360;Act360;;ModifiedFollowing;ModifiedFollowing;;2D
25.08.2025;12Y;IRS;EUR;0,027498;EURIBOR;3M;3M;;;;1Y;Act360;Act360;;ModifiedFollowing;ModifiedFollowing;;2D
25.08.2025;11M;IRS;EUR;0,01863;EURIBOR;1M;1M;;;;1Y;Act360;Act360;;ModifiedFollowing;ModifiedFollowing;;2D
25.08.2025;10M;IRS;EUR;0,01867;EURIBOR;1M;1M;;;;1Y;Act360;Act360;;ModifiedFollowing;ModifiedFollowing;;2D
25.08.2025;9Y;IRS;EUR;0,02578;EURIBOR;3M;3M;;;;1Y;Act360;Act360;;ModifiedFollowing;ModifiedFollowing;;2D
25.08.2025;30Y;IRS;EUR;0,02928;EURIBOR;3M;3M;;;;1Y;Act360;Act360;;ModifiedFollowing;ModifiedFollowing;;2D
25.08.2025;9M;IRS;EUR;0,01872;EURIBOR;1M;1M;;;;1Y;Act360;Act360;;ModifiedFollowing;ModifiedFollowing;;2D
25.08.2025;8M;IRS;EUR;0,01879;EURIBOR;1M;1M;;;;1Y;Act360;Act360;;ModifiedFollowing;ModifiedFollowing;;2D
25.08.2025;7M;IRS;EUR;0,01888;EURIBOR;1M;1M;;;;1Y;Act360;Act360;;ModifiedFollowing;ModifiedFollowing;;2D
25.08.2025;6M;IRS;EUR;0,01894;EURIBOR;1M;1M;;;;1Y;Act360;Act360;;ModifiedFollowing;ModifiedFollowing;;2D
25.08.2025;10Y;IRS;EUR;0,026408;EURIBOR;3M;3M;;;;1Y;Act360;Act360;;ModifiedFollowing;ModifiedFollowing;;2D
25.08.2025;10M;OIS;EUR;0,01939;EONIA;1D;1Y;;;;1Y;Act360;Act360;;ModifiedFollowing;ModifiedFollowing;;2D
25.08.2025;2Mx5M;FRA;EUR;0,01993;EURIBOR;3M;3M;;;;3M;Act360;Act360;;ModifiedFollowing;ModifiedFollowing;;2D
25.08.2025;14D;OIS;EUR;0,0200875;EONIA;1D;14D;;;;14D;Act360;Act360;;ModifiedFollowing;ModifiedFollowing;;2D
25.08.2025;3Mx6M;FRA;EUR;0,01967;EURIBOR;3M;3M;;;;3M;Act360;Act360;;ModifiedFollowing;ModifiedFollowing;;2D
25.08.2025;5M;IRS;EUR;0,01901;EURIBOR;1M;1M;;;;1Y;Act360;Act360;;ModifiedFollowing;ModifiedFollowing;;2D
25.08.2025;4Mx7M;FRA;EUR;0,01946;EURIBOR;3M;3M;;;;3M;Act360;Act360;;ModifiedFollowing;ModifiedFollowing;;2D
25.08.2025;5Mx8M;FRA;EUR;0,01928;EURIBOR;3M;3M;;;;3M;Act360;Act360;;ModifiedFollowing;ModifiedFollowing;;2D
25.08.2025;11M;OIS;EUR;0,01932;EONIA;1D;1Y;;;;1Y;Act360;Act360;;ModifiedFollowing;ModifiedFollowing;;2D
25.08.2025;7D;OIS;EUR;0,019265;EONIA;1D;7D;;;;7D;Act360;Act360;;ModifiedFollowing;ModifiedFollowing;;2D
25.08.2025;6Mx9M;FRA;EUR;0,0191;EURIBOR;3M;3M;;;;3M;Act360;Act360;;ModifiedFollowing;ModifiedFollowing;;2D
22.08.2025;8Y;OIS;EUR;0,024735;EONIA;1D;1Y;;;;1Y;Act360;Act360;;ModifiedFollowing;ModifiedFollowing;;2D
22.08.2025;2Y;OIS;EUR;0,01956;EONIA;1D;1Y;;;;1Y;Act360;Act360;;ModifiedFollowing;ModifiedFollowing;;2D
22.08.2025;5Y;OIS;USD;0,03439;SOFR;1D;1Y;;;;1Y;Act360;Act360;;ModifiedFollowing;ModifiedFollowing;;2D
22.08.2025;10M;IRS;EUR;0,01871;EURIBOR;1M;1M;;;;1Y;Act360;Act360;;ModifiedFollowing;ModifiedFollowing;;2D
22.08.2025;1Mx7M;FRA;USD;0,04422;LIBOR;3M;3M;;;;3M;Act360;Act360;;ModifiedFollowing;ModifiedFollowing;;2D
22.08.2025;2Mx14M;FRA;EUR;0,02122;EURIBOR;3M;3M;;;;3M;Act360;Act360;;ModifiedFollowing;ModifiedFollowing;;2D
22.08.2025;7Mx10M;FRA;EUR;0,01906;EURIBOR;3M;3M;;;;3M;Act360;Act360;;ModifiedFollowing;ModifiedFollowing;;2D
22.08.2025;7Y;OIS;GBP;0,03984;SONIA;1D;1Y;;;;1Y;Act360;Act360;;ModifiedFollowing;ModifiedFollowing;;2D
22.08.2025;8Mx11M;FRA;USD;0,03791;LIBOR;3M;3M;;;;3M;Act360;Act360;;ModifiedFollowing;ModifiedFollowing;;2D
22.08.2025;9Y;IRS;EUR;0,0259;EURIBOR;3M;3M;;;;1Y;Act360;Act360;;ModifiedFollowing;ModifiedFollowing;;2D
22.08.2025;4Y;OIS;USD;0,03406;SOFR;1D;1Y;;;;1Y;Act360;Act360;;ModifiedFollowing;ModifiedFollowing;;2D
22.08.2025;12M;DEPOSIT;GBP;0,0427;LIBOR;12M;1Y;;;;1Y;Act360;Act360;;ModifiedFollowing;ModifiedFollowing;;2D
22.08.2025;8Y;OIS;GBP;0,04058;SONIA;1D;1Y;;;;1Y;Act360;Act360;;ModifiedFollowing;ModifiedFollowing;;2D
22.08.2025;1Mx13M;FRA;EUR;0,02131;EURIBOR;3M;3M;;;;3M;Act360;Act360;;ModifiedFollowing;ModifiedFollowing;;2D
22.08.2025;7M;OIS;EUR;0,01968;EONIA;1D;7M;;;;7M;Act360;Act360;;ModifiedFollowing;ModifiedFollowing;;2D
22.08.2025;11Y;IRS;EUR;0,02709;EURIBOR;3M;3M;;;;1Y;Act360;Act360;;ModifiedFollowing;ModifiedFollowing;;2D
22.08.2025;4Y;IRS;EUR;0,022095;EURIBOR;3M;3M;;;;1Y;Act360;Act360;;ModifiedFollowing;ModifiedFollowing;;2D
22.08.2025;7Mx10M;FRA;USD;0,03868;LIBOR;3M;3M;;;;3M;Act360;Act360;;ModifiedFollowing;ModifiedFollowing;;2D
22.08.2025;3Y;OIS;USD;0,03404;SOFR;1D;1Y;;;;1Y;Act360;Act360;;ModifiedFollowing;ModifiedFollowing;;2D
22.08.2025;2Y;OIS;USD;0,034903;SOFR;1D;1Y;;;;1Y;Act360;Act360;;ModifiedFollowing;ModifiedFollowing;;2D
22.08.2025;30Y;IRS;EUR;0,02924;EURIBOR;3M;3M;;;;1Y;Act360;Act360;;ModifiedFollowing;ModifiedFollowing;;2D
22.08.2025;9Y;OIS;GBP;0,04134;SONIA;1D;1Y;;;;1Y;Act360;Act360;;ModifiedFollowing;ModifiedFollowing;;2D
22.08.2025;7Y;OIS;EUR;0,023995;EONIA;1D;1Y;;;;1Y;Act360;Act360;;ModifiedFollowing;ModifiedFollowing;;2D
22.08.2025;10Y;OIS;GBP;0,04207;SONIA;1D;1Y;;;;1Y;Act360;Act360;;ModifiedFollowing;ModifiedFollowing;;2D
22.08.2025;9M;IRS;EUR;0,01876;EURIBOR;1M;1M;;;;1Y;Act360;Act360;;ModifiedFollowing;ModifiedFollowing;;2D
22.08.2025;18M;OIS;USD;0,03602;SOFR;1D;1Y;;;;1Y;Act360;Act360;;ModifiedFollowing;ModifiedFollowing;;2D
22.08.2025;4Mx7M;FRA;EUR;0,01947;EURIBOR;3M;3M;;;;3M;Act360;Act360;;ModifiedFollowing;ModifiedFollowing;;2D
22.08.2025;6Mx9M;FRA;USD;0,03937;LIBOR;3M;3M;;;;3M;Act360;Act360;;ModifiedFollowing;ModifiedFollowing;;2D
22.08.2025;1Y;OIS;USD;0,03823;SOFR;1D;1Y;;;;1Y;Act360;Act360;;ModifiedFollowing;ModifiedFollowing;;2D
22.08.2025;12Y;OIS;GBP;0,04339;SONIA;1D;1Y;;;;1Y;Act360;Act360;;ModifiedFollowing;ModifiedFollowing;;2D
22.08.2025;5Mx8M;FRA;USD;0,04019;LIBOR;3M;3M;;;;3M;Act360;Act360;;ModifiedFollowing;ModifiedFollowing;;2D
22.08.2025;60Y;IRS;EUR;0,02804;EURIBOR;3M;3M;;;;1Y;Act360;Act360;;ModifiedFollowing;ModifiedFollowing;;2D
22.08.2025;15Y;OIS;GBP;0,04497;SONIA;1D;1Y;;;;1Y;Act360;Act360;;ModifiedFollowing;ModifiedFollowing;;2D
22.08.2025;8M;IRS;EUR;0,01882;EURIBOR;1M;1M;;;;1Y;Act360;Act360;;ModifiedFollowing;ModifiedFollowing;;2D
22.08.2025;4Mx7M;FRA;USD;0,041;LIBOR;3M;3M;;;;3M;Act360;Act360;;ModifiedFollowing;ModifiedFollowing;;2D
22.08.2025;5Y;IRS;EUR;0,022945;EURIBOR;3M;3M;;;;1Y;Act360;Act360;;ModifiedFollowing;ModifiedFollowing;;2D
22.08.2025;4M;OIS;EUR;0,01997;EONIA;1D;4M;;;;4M;Act360;Act360;;ModifiedFollowing;ModifiedFollowing;;2D
22.08.2025;5Mx11M;FRA;EUR;0,02018;EURIBOR;3M;3M;;;;3M;Act360;Act360;;ModifiedFollowing;ModifiedFollowing;;2D
22.08.2025;20Y;OIS;GBP;0,04649;SONIA;1D;1Y;;;;1Y;Act360;Act360;;ModifiedFollowing;ModifiedFollowing;;2D
22.08.2025;11M;OIS;USD;0,03858;SOFR;1D;1Y;;;;1Y;Act360;Act360;;ModifiedFollowing;ModifiedFollowing;;2D
22.08.2025;15Y;IRS;EUR;0,0287;EURIBOR;3M;3M;;;;1Y;Act360;Act360;;ModifiedFollowing;ModifiedFollowing;;2D
22.08.2025;6Y;OIS;EUR;0,023215;EONIA;1D;1Y;;;;1Y;Act360;Act360;;ModifiedFollowing;ModifiedFollowing;;2D
22.08.2025;10M;OIS;USD;0,03896;SOFR;1D;1Y;;;;1Y;Act360;Act360;;ModifiedFollowing;ModifiedFollowing;;2D
22.08.2025;1Mx7M;FRA;EUR;0,02074;EURIBOR;3M;3M;;;;3M;Act360;Act360;;ModifiedFollowing;ModifiedFollowing;;2D
22.08.2025;3Mx6M;FRA;USD;0,0417;LIBOR;3M;3M;;;;3M;Act360;Act360;;ModifiedFollowing;ModifiedFollowing;;2D
22.08.2025;25Y;OIS;GBP;0,04712;SONIA;1D;1Y;;;;1Y;Act360;Act360;;ModifiedFollowing;ModifiedFollowing;;2D
22.08.2025;9M;OIS;USD;0,0393;SOFR;1D;9M;;;;9M;Act360;Act360;;ModifiedFollowing;ModifiedFollowing;;2D
22.08.2025;2Mx5M;FRA;USD;0,04282;LIBOR;3M;3M;;;;3M;Act360;Act360;;ModifiedFollowing;ModifiedFollowing;;2D
22.08.2025;30Y;OIS;GBP;0,04719;SONIA;1D;1Y;;;;1Y;Act360;Act360;;ModifiedFollowing;ModifiedFollowing;;2D
22.08.2025;7M;IRS;EUR;0,0189;EURIBOR;1M;1M;;;;1Y;Act360;Act360;;ModifiedFollowing;ModifiedFollowing;;2D
22.08.2025;40Y;OIS;GBP;0,0466;SONIA;1D;1Y;;;;1Y;Act360;Act360;;ModifiedFollowing;ModifiedFollowing;;2D
22.08.2025;8M;OIS;USD;0,03967;SOFR;1D;8M;;;;8M;Act360;Act360;;ModifiedFollowing;ModifiedFollowing;;2D
22.08.2025;1Mx4M;FRA;USD;0,04367;LIBOR;3M;3M;;;;3M;Act360;Act360;;ModifiedFollowing;ModifiedFollowing;;2D
22.08.2025;2M;OIS;EUR;0,02008;EONIA;1D;2M;;;;2M;Act360;Act360;;ModifiedFollowing;ModifiedFollowing;;2D
22.08.2025;4Mx10M;FRA;EUR;0,02026;EURIBOR;3M;3M;;;;3M;Act360;Act360;;ModifiedFollowing;ModifiedFollowing;;2D
22.08.2025;6Y;IRS;EUR;0,02374;EURIBOR;3M;3M;;;;1Y;Act360;Act360;;ModifiedFollowing;ModifiedFollowing;;2D
22.08.2025;50Y;OIS;GBP;0,04565;SONIA;1D;1Y;;;;1Y;Act360;Act360;;ModifiedFollowing;ModifiedFollowing;;2D
22.08.2025;5M;OIS;EUR;0,01985;EONIA;1D;5M;;;;5M;Act360;Act360;;ModifiedFollowing;ModifiedFollowing;;2D
22.08.2025;5Y;OIS;EUR;0,022385;EONIA;1D;1Y;;;;1Y;Act360;Act360;;ModifiedFollowing;ModifiedFollowing;;2D
22.08.2025;7M;OIS;USD;0,04005;SOFR;1D;7M;;;;7M;Act360;Act360;;ModifiedFollowing;ModifiedFollowing;;2D
22.08.2025;6M;IRS;EUR;0,01895;EURIBOR;1M;1M;;;;1Y;Act360;Act360;;ModifiedFollowing;ModifiedFollowing;;2D
22.08.2025;11Mx23M;FRA;EUR;0,02171;EURIBOR;3M;3M;;;;3M;Act360;Act360;;ModifiedFollowing;ModifiedFollowing;;2D
22.08.2025;1M;DEPOSIT;EUR;0,02015;EURIBOR;1M;1M;;;;1M;Act360;Act360;;ModifiedFollowing;ModifiedFollowing;;2D
22.08.2025;1Y;OIS;EUR;0,01932;EONIA;1D;1Y;;;;1Y;Act360;Act360;;ModifiedFollowing;ModifiedFollowing;;2D
22.08.2025;6M;OIS;USD;0,04039;SOFR;1D;6M;;;;6M;Act360;Act360;;ModifiedFollowing;ModifiedFollowing;;2D
22.08.2025;18M;OIS;EUR;0,01925;EONIA;1D;1Y;;;;1Y;Act360;Act360;;ModifiedFollowing;ModifiedFollowing;;2D
22.08.2025;10Mx22M;FRA;EUR;0,02155;EURIBOR;3M;3M;;;;3M;Act360;Act360;;ModifiedFollowing;ModifiedFollowing;;2D
22.08.2025;3M;DEPOSIT;EUR;0,0198;EURIBOR;3M;3M;;;;3M;Act360;Act360;;ModifiedFollowing;ModifiedFollowing;;2D
22.08.2025;1Mx4M;FRA;EUR;0,02017;EURIBOR;3M;3M;;;;3M;Act360;Act360;;ModifiedFollowing;ModifiedFollowing;;2D
22.08.2025;9Mx21M;FRA;EUR;0,02139;EURIBOR;3M;3M;;;;3M;Act360;Act360;;ModifiedFollowing;ModifiedFollowing;;2D
22.08.2025;10Y;IRS;EUR;0,02652;EURIBOR;3M;3M;;;;1Y;Act360;Act360;;ModifiedFollowing;ModifiedFollowing;;2D
22.08.2025;20Y;IRS;EUR;0,029395;EURIBOR;3M;3M;;;;1Y;Act360;Act360;;ModifiedFollowing;ModifiedFollowing;;2D
22.08.2025;6M;DEPOSIT;EUR;0,019;EURIBOR;6M;6M;;;;6M;Act360;Act360;;ModifiedFollowing;ModifiedFollowing;;2D
22.08.2025;6M;OIS;EUR;0,01975;EONIA;1D;6M;;;;6M;Act360;Act360;;ModifiedFollowing;ModifiedFollowing;;2D
22.08.2025;5M;OIS;USD;0,04085;SOFR;1D;5M;;;;5M;Act360;Act360;;ModifiedFollowing;ModifiedFollowing;;2D
22.08.2025;4Y;OIS;EUR;0,021495;EONIA;1D;1Y;;;;1Y;Act360;Act360;;ModifiedFollowing;ModifiedFollowing;;2D
22.08.2025;12M;DEPOSIT;EUR;0,0204;EURIBOR;12M;1Y;;;;1Y;Act360;Act360;;ModifiedFollowing;ModifiedFollowing;;2D
22.08.2025;8Mx20M;FRA;EUR;0,02128;EURIBOR;3M;3M;;;;3M;Act360;Act360;;ModifiedFollowing;ModifiedFollowing;;2D
22.08.2025;7Y;IRS;EUR;0,02449;EURIBOR;3M;3M;;;;1Y;Act360;Act360;;ModifiedFollowing;ModifiedFollowing;;2D
22.08.2025;1M;DEPOSIT;USD;0,04325;LIBOR;1M;1M;;;;1M;Act360;Act360;;ModifiedFollowing;ModifiedFollowing;;2D
22.08.2025;3Mx9M;FRA;EUR;0,02041;EURIBOR;3M;3M;;;;3M;Act360;Act360;;ModifiedFollowing;ModifiedFollowing;;2D
22.08.2025;4M;OIS;USD;0,04131;SOFR;1D;4M;;;;4M;Act360;Act360;;ModifiedFollowing;ModifiedFollowing;;2D
22.08.2025;5Mx8M;FRA;EUR;0,01933;EURIBOR;3M;3M;;;;3M;Act360;Act360;;ModifiedFollowing;ModifiedFollowing;;2D
22.08.2025;4M;IRS;EUR;0,01911;EURIBOR;1M;1M;;;;1Y;Act360;Act360;;ModifiedFollowing;ModifiedFollowing;;2D
22.08.2025;9M;OIS;EUR;0,0195;EONIA;1D;9M;;;;9M;Act360;Act360;;ModifiedFollowing;ModifiedFollowing;;2D
22.08.2025;7Mx19M;FRA;EUR;0,0212;EURIBOR;3M;3M;;;;3M;Act360;Act360;;ModifiedFollowing;ModifiedFollowing;;2D
22.08.2025;3M;OIS;USD;0,0418;SOFR;1D;3M;;;;3M;Act360;Act360;;ModifiedFollowing;ModifiedFollowing;;2D
22.08.2025;3M;DEPOSIT;USD;0,0436;LIBOR;3M;3M;;;;3M;Act360;Act360;;ModifiedFollowing;ModifiedFollowing;;2D
22.08.2025;2Mx8M;FRA;GBP;0,04163;LIBOR;3M;3M;;;;3M;Act360;Act360;;ModifiedFollowing;ModifiedFollowing;;2D
22.08.2025;20Y;OIS;EUR;0,02895;EONIA;1D;1Y;;;;1Y;Act360;Act360;;ModifiedFollowing;ModifiedFollowing;;2D
22.08.2025;1M;OIS;GBP;0,03974;SONIA;1D;1M;;;;1M;Act360;Act360;;ModifiedFollowing;ModifiedFollowing;;2D
22.08.2025;10M;OIS;EUR;0,01941;EONIA;1D;1Y;;;;1Y;Act360;Act360;;ModifiedFollowing;ModifiedFollowing;;2D
22.08.2025;2M;OIS;GBP;0,0398;SONIA;1D;2M;;;;2M;Act360;Act360;;ModifiedFollowing;ModifiedFollowing;;2D
22.08.2025;2M;OIS;USD;0,04231;SOFR;1D;2M;;;;2M;Act360;Act360;;ModifiedFollowing;ModifiedFollowing;;2D
22.08.2025;3Mx9M;FRA;GBP;0,04121;LIBOR;3M;3M;;;;3M;Act360;Act360;;ModifiedFollowing;ModifiedFollowing;;2D
22.08.2025;7D;OIS;EUR;0,02009;EONIA;1D;7D;;;;7D;Act360;Act360;;ModifiedFollowing;ModifiedFollowing;;2D
22.08.2025;3M;OIS;GBP;0,03977;SONIA;1D;3M;;;;3M;Act360;Act360;;ModifiedFollowing;ModifiedFollowing;;2D
22.08.2025;6Mx18M;FRA;EUR;0,02111;EURIBOR;3M;3M;;;;3M;Act360;Act360;;ModifiedFollowing;ModifiedFollowing;;2D
22.08.2025;6M;DEPOSIT;USD;0,04265;LIBOR;6M;6M;;;;6M;Act360;Act360;;ModifiedFollowing;ModifiedFollowing;;2D
22.08.2025;5Mx17M;FRA;EUR;0,0211;EURIBOR;3M;3M;;;;3M;Act360;Act360;;ModifiedFollowing;ModifiedFollowing;;2D
22.08.2025;14D;OIS;GBP;0,0397;SONIA;1D;14D;;;;14D;Act360;Act360;;ModifiedFollowing;ModifiedFollowing;;2D
22.08.2025;1Mx7M;FRA;GBP;0,042;LIBOR;3M;3M;;;;3M;Act360;Act360;;ModifiedFollowing;ModifiedFollowing;;2D
22.08.2025;4M;OIS;GBP;0,03972;SONIA;1D;4M;;;;4M;Act360;Act360;;ModifiedFollowing;ModifiedFollowing;;2D
22.08.2025;4Mx10M;FRA;GBP;0,04086;LIBOR;3M;3M;;;;3M;Act360;Act360;;ModifiedFollowing;ModifiedFollowing;;2D
22.08.2025;7D;OIS;GBP;0,03969;SONIA;1D;7D;;;;7D;Act360;Act360;;ModifiedFollowing;ModifiedFollowing;;2D
22.08.2025;1M;OIS;USD;0,0429;SOFR;1D;1M;;;;1M;Act360;Act360;;ModifiedFollowing;ModifiedFollowing;;2D
22.08.2025;8Mx11M;FRA;GBP;0,0381;LIBOR;3M;3M;;;;3M;Act360;Act360;;ModifiedFollowing;ModifiedFollowing;;2D
22.08.2025;5M;OIS;GBP;0,03964;SONIA;1D;5M;;;;5M;Act360;Act360;;ModifiedFollowing;ModifiedFollowing;;2D
22.08.2025;2Mx5M;FRA;EUR;0,01995;EURIBOR;3M;3M;;;;3M;Act360;Act360;;ModifiedFollowing;ModifiedFollowing;;2D
22.08.2025;11M;OIS;EUR;0,01936;EONIA;1D;1Y;;;;1Y;Act360;Act360;;ModifiedFollowing;ModifiedFollowing;;2D
22.08.2025;7Mx10M;FRA;GBP;0,03842;LIBOR;3M;3M;;;;3M;Act360;Act360;;ModifiedFollowing;ModifiedFollowing;;2D
22.08.2025;5Mx11M;FRA;GBP;0,04052;LIBOR;3M;3M;;;;3M;Act360;Act360;;ModifiedFollowing;ModifiedFollowing;;2D
22.08.2025;30Y;OIS;EUR;0,02886;EONIA;1D;1Y;;;;1Y;Act360;Act360;;ModifiedFollowing;ModifiedFollowing;;2D
22.08.2025;50Y;OIS;USD;0,03783;SOFR;1D;1Y;;;;1Y;Act360;Act360;;ModifiedFollowing;ModifiedFollowing;;2D
22.08.2025;25Y;IRS;EUR;0,02938;EURIBOR;3M;3M;;;;1Y;Act360;Act360;;ModifiedFollowing;ModifiedFollowing;;2D
22.08.2025;6M;OIS;GBP;0,03952;SONIA;1D;6M;;;;6M;Act360;Act360;;ModifiedFollowing;ModifiedFollowing;;2D
22.08.2025;15Y;OIS;EUR;0,02823;EONIA;1D;1Y;;;;1Y;Act360;Act360;;ModifiedFollowing;ModifiedFollowing;;2D
22.08.2025;40Y;IRS;EUR;0,02896;EURIBOR;3M;3M;;;;1Y;Act360;Act360;;ModifiedFollowing;ModifiedFollowing;;2D
22.08.2025;40Y;OIS;USD;0,03909;SOFR;1D;1Y;;;;1Y;Act360;Act360;;ModifiedFollowing;ModifiedFollowing;;2D
22.08.2025;3Y;OIS;EUR;0,0205;EONIA;1D;1Y;;;;1Y;Act360;Act360;;ModifiedFollowing;ModifiedFollowing;;2D
22.08.2025;6Mx9M;FRA;GBP;0,03884;LIBOR;3M;3M;;;;3M;Act360;Act360;;ModifiedFollowing;ModifiedFollowing;;2D
22.08.2025;7M;OIS;GBP;0,03941;SONIA;1D;7M;;;;7M;Act360;Act360;;ModifiedFollowing;ModifiedFollowing;;2D
22.08.2025;5M;IRS;EUR;0,01902;EURIBOR;1M;1M;;;;1Y;Act360;Act360;;ModifiedFollowing;ModifiedFollowing;;2D
22.08.2025;35Y;OIS;USD;0,03971;SOFR;1D;1Y;;;;1Y;Act360;Act360;;ModifiedFollowing;ModifiedFollowing;;2D
22.08.2025;5Mx8M;FRA;GBP;0,03928;LIBOR;3M;3M;;;;3M;Act360;Act360;;ModifiedFollowing;ModifiedFollowing;;2D
22.08.2025;14D;OIS;EUR;0,020088;EONIA;1D;14D;;;;14D;Act360;Act360;;ModifiedFollowing;ModifiedFollowing;;2D
22.08.2025;30Y;OIS;USD;0,04032;SOFR;1D;1Y;;;;1Y;Act360;Act360;;ModifiedFollowing;ModifiedFollowing;;2D
22.08.2025;12M;DEPOSIT;USD;0,04205;LIBOR;12M;1Y;;;;1Y;Act360;Act360;;ModifiedFollowing;ModifiedFollowing;;2D
22.08.2025;8M;OIS;GBP;0,03929;SONIA;1D;8M;;;;8M;Act360;Act360;;ModifiedFollowing;ModifiedFollowing;;2D
22.08.2025;4Mx16M;FRA;EUR;0,02111;EURIBOR;3M;3M;;;;3M;Act360;Act360;;ModifiedFollowing;ModifiedFollowing;;2D
22.08.2025;8M;OIS;EUR;0,01956;EONIA;1D;8M;;;;8M;Act360;Act360;;ModifiedFollowing;ModifiedFollowing;;2D
22.08.2025;8Y;IRS;EUR;0,02522;EURIBOR;3M;3M;;;;1Y;Act360;Act360;;ModifiedFollowing;ModifiedFollowing;;2D
22.08.2025;9M;OIS;GBP;0,03915;SONIA;1D;9M;;;;9M;Act360;Act360;;ModifiedFollowing;ModifiedFollowing;;2D
22.08.2025;4Mx7M;FRA;GBP;0,0397;LIBOR;3M;3M;;;;3M;Act360;Act360;;ModifiedFollowing;ModifiedFollowing;;2D
22.08.2025;10M;OIS;GBP;0,03902;SONIA;1D;1Y;;;;1Y;Act360;Act360;;ModifiedFollowing;ModifiedFollowing;;2D
22.08.2025;1M;DEPOSIT;GBP;0,0409;LIBOR;1M;1M;;;;1M;Act360;Act360;;ModifiedFollowing;ModifiedFollowing;;2D
22.08.2025;1Y;IRS;EUR;0,01995;EURIBOR;3M;3M;;;;1Y;Act360;Act360;;ModifiedFollowing;ModifiedFollowing;;2D
22.08.2025;2M;IRS;EUR;0,01907;EURIBOR;1M;1M;;;;1Y;Act360;Act360;;ModifiedFollowing;ModifiedFollowing;;2D
22.08.2025;25Y;OIS;USD;0,04072;SOFR;1D;1Y;;;;1Y;Act360;Act360;;ModifiedFollowing;ModifiedFollowing;;2D
22.08.2025;14D;OIS;USD;0,04331;SOFR;1D;14D;;;;14D;Act360;Act360;;ModifiedFollowing;ModifiedFollowing;;2D
22.08.2025;10Y;OIS;EUR;0,02606;EONIA;1D;1Y;;;;1Y;Act360;Act360;;ModifiedFollowing;ModifiedFollowing;;2D
22.08.2025;3Mx6M;FRA;GBP;0,04004;LIBOR;3M;3M;;;;3M;Act360;Act360;;ModifiedFollowing;ModifiedFollowing;;2D
22.08.2025;3Mx15M;FRA;EUR;0,02115;EURIBOR;3M;3M;;;;3M;Act360;Act360;;ModifiedFollowing;ModifiedFollowing;;2D
22.08.2025;3M;OIS;EUR;0,02003;EONIA;1D;3M;;;;3M;Act360;Act360;;ModifiedFollowing;ModifiedFollowing;;2D
22.08.2025;20Y;OIS;USD;0,0407;SOFR;1D;1Y;;;;1Y;Act360;Act360;;ModifiedFollowing;ModifiedFollowing;;2D
22.08.2025;1M;OIS;EUR;0,02009;EONIA;1D;1M;;;;1M;Act360;Act360;;ModifiedFollowing;ModifiedFollowing;;2D
22.08.2025;11M;OIS;GBP;0,03891;SONIA;1D;1Y;;;;1Y;Act360;Act360;;ModifiedFollowing;ModifiedFollowing;;2D
22.08.2025;2Mx5M;FRA;GBP;0,04042;LIBOR;3M;3M;;;;3M;Act360;Act360;;ModifiedFollowing;ModifiedFollowing;;2D
22.08.2025;15Y;OIS;USD;0,03975;SOFR;1D;1Y;;;;1Y;Act360;Act360;;ModifiedFollowing;ModifiedFollowing;;2D
22.08.2025;1Y;OIS;GBP;0,0388;SONIA;1D;1Y;;;;1Y;Act360;Act360;;ModifiedFollowing;ModifiedFollowing;;2D
22.08.2025;1Mx4M;FRA;GBP;0,04077;LIBOR;3M;3M;;;;3M;Act360;Act360;;ModifiedFollowing;ModifiedFollowing;;2D
22.08.2025;6Mx9M;FRA;EUR;0,01916;EURIBOR;3M;3M;;;;3M;Act360;Act360;;ModifiedFollowing;ModifiedFollowing;;2D
22.08.2025;2Y;IRS;EUR;0,02019;EURIBOR;3M;3M;;;;1Y;Act360;Act360;;ModifiedFollowing;ModifiedFollowing;;2D
22.08.2025;12Y;OIS;USD;0,03854;SOFR;1D;1Y;;;;1Y;Act360;Act360;;ModifiedFollowing;ModifiedFollowing;;2D
22.08.2025;18M;OIS;GBP;0,03795;SONIA;1D;1Y;;;;1Y;Act360;Act360;;ModifiedFollowing;ModifiedFollowing;;2D
22.08.2025;5Mx11M;FRA;USD;0,04087;LIBOR;3M;3M;;;;3M;Act360;Act360;;ModifiedFollowing;ModifiedFollowing;;2D
22.08.2025;7D;OIS;USD;0,04329;SOFR;1D;7D;;;;7D;Act360;Act360;;ModifiedFollowing;ModifiedFollowing;;2D
22.08.2025;3M;IRS;EUR;0,01911;EURIBOR;1M;1M;;;;1Y;Act360;Act360;;ModifiedFollowing;ModifiedFollowing;;2D
22.08.2025;2Mx8M;FRA;EUR;0,02058;EURIBOR;3M;3M;;;;3M;Act360;Act360;;ModifiedFollowing;ModifiedFollowing;;2D
22.08.2025;10Y;OIS;USD;0,03748;SOFR;1D;1Y;;;;1Y;Act360;Act360;;ModifiedFollowing;ModifiedFollowing;;2D
22.08.2025;50Y;IRS;EUR;0,02853;EURIBOR;3M;3M;;;;1Y;Act360;Act360;;ModifiedFollowing;ModifiedFollowing;;2D
22.08.2025;2Y;OIS;GBP;0,03772;SONIA;1D;1Y;;;;1Y;Act360;Act360;;ModifiedFollowing;ModifiedFollowing;;2D
22.08.2025;9Y;OIS;EUR;0,025445;EONIA;1D;1Y;;;;1Y;Act360;Act360;;ModifiedFollowing;ModifiedFollowing;;2D
22.08.2025;4Mx10M;FRA;USD;0,04169;LIBOR;3M;3M;;;;3M;Act360;Act360;;ModifiedFollowing;ModifiedFollowing;;2D
22.08.2025;12Y;IRS;EUR;0,027595;EURIBOR;3M;3M;;;;1Y;Act360;Act360;;ModifiedFollowing;ModifiedFollowing;;2D
22.08.2025;9Y;OIS;USD;0,03689;SOFR;1D;1Y;;;;1Y;Act360;Act360;;ModifiedFollowing;ModifiedFollowing;;2D
22.08.2025;8Mx11M;FRA;EUR;0,01906;EURIBOR;3M;3M;;;;3M;Act360;Act360;;ModifiedFollowing;ModifiedFollowing;;2D
22.08.2025;3Y;OIS;GBP;0,03768;SONIA;1D;1Y;;;;1Y;Act360;Act360;;ModifiedFollowing;ModifiedFollowing;;2D
22.08.2025;8Y;OIS;USD;0,03626;SOFR;1D;1Y;;;;1Y;Act360;Act360;;ModifiedFollowing;ModifiedFollowing;;2D
22.08.2025;4Y;OIS;GBP;0,038;SONIA;1D;1Y;;;;1Y;Act360;Act360;;ModifiedFollowing;ModifiedFollowing;;2D
22.08.2025;11M;IRS;EUR;0,01867;EURIBOR;1M;1M;;;;1Y;Act360;Act360;;ModifiedFollowing;ModifiedFollowing;;2D
22.08.2025;3Y;IRS;EUR;0,02118;EURIBOR;3M;3M;;;;1Y;Act360;Act360;;ModifiedFollowing;ModifiedFollowing;;2D
22.08.2025;3Mx9M;FRA;USD;0,04239;LIBOR;3M;3M;;;;3M;Act360;Act360;;ModifiedFollowing;ModifiedFollowing;;2D
22.08.2025;3Mx6M;FRA;EUR;0,01969;EURIBOR;3M;3M;;;;3M;Act360;Act360;;ModifiedFollowing;ModifiedFollowing;;2D
22.08.2025;3M;DEPOSIT;GBP;0,0415;LIBOR;3M;3M;;;;3M;Act360;Act360;;ModifiedFollowing;ModifiedFollowing;;2D
22.08.2025;7Y;OIS;USD;0,03563;SOFR;1D;1Y;;;;1Y;Act360;Act360;;ModifiedFollowing;ModifiedFollowing;;2D
22.08.2025;6M;DEPOSIT;GBP;0,0423;LIBOR;6M;6M;;;;6M;Act360;Act360;;ModifiedFollowing;ModifiedFollowing;;2D
22.08.2025;5Y;OIS;GBP;0,03851;SONIA;1D;1Y;;;;1Y;Act360;Act360;;ModifiedFollowing;ModifiedFollowing;;2D
22.08.2025;2Mx8M;FRA;USD;0,04338;LIBOR;3M;3M;;;;3M;Act360;Act360;;ModifiedFollowing;ModifiedFollowing;;2D
22.08.2025;6Y;OIS;USD;0,03497;SOFR;1D;1Y;;;;1Y;Act360;Act360;;ModifiedFollowing;ModifiedFollowing;;2D
22.08.2025;6Y;OIS;GBP;0,03914;SONIA;1D;1Y;;;;1Y;Act360;Act360;;ModifiedFollowing;ModifiedFollowing;;2D
21.08.2025;40Y;IRS;EUR;0,02881;EURIBOR;3M;3M;;;;1Y;Act360;Act360;;ModifiedFollowing;ModifiedFollowing;;2D
21.08.2025;5M;OIS;EUR;0,01979;EONIA;1D;5M;;;;5M;Act360;Act360;;ModifiedFollowing;ModifiedFollowing;;2D
21.08.2025;6M;OIS;EUR;0,01967;EONIA;1D;6M;;;;6M;Act360;Act360;;ModifiedFollowing;ModifiedFollowing;;2D
21.08.2025;7M;OIS;EUR;0,01959;EONIA;1D;7M;;;;7M;Act360;Act360;;ModifiedFollowing;ModifiedFollowing;;2D
21.08.2025;8M;OIS;EUR;0,01947;EONIA;1D;8M;;;;8M;Act360;Act360;;ModifiedFollowing;ModifiedFollowing;;2D
21.08.2025;9M;OIS;EUR;0,01939;EONIA;1D;9M;;;;9M;Act360;Act360;;ModifiedFollowing;ModifiedFollowing;;2D
21.08.2025;10M;OIS;EUR;0,01931;EONIA;1D;1Y;;;;1Y;Act360;Act360;;ModifiedFollowing;ModifiedFollowing;;2D
21.08.2025;11M;OIS;EUR;0,01925;EONIA;1D;1Y;;;;1Y;Act360;Act360;;ModifiedFollowing;ModifiedFollowing;;2D
21.08.2025;1Y;OIS;EUR;0,01921;EONIA;1D;1Y;;;;1Y;Act360;Act360;;ModifiedFollowing;ModifiedFollowing;;2D
21.08.2025;18M;OIS;EUR;0,0191;EONIA;1D;1Y;;;;1Y;Act360;Act360;;ModifiedFollowing;ModifiedFollowing;;2D
21.08.2025;2Y;OIS;EUR;0,01937;EONIA;1D;1Y;;;;1Y;Act360;Act360;;ModifiedFollowing;ModifiedFollowing;;2D
21.08.2025;3Y;OIS;EUR;0,0203;EONIA;1D;1Y;;;;1Y;Act360;Act360;;ModifiedFollowing;ModifiedFollowing;;2D
21.08.2025;4Y;OIS;EUR;0,02124;EONIA;1D;1Y;;;;1Y;Act360;Act360;;ModifiedFollowing;ModifiedFollowing;;2D
21.08.2025;5Y;OIS;EUR;0,0221;EONIA;1D;1Y;;;;1Y;Act360;Act360;;ModifiedFollowing;ModifiedFollowing;;2D
21.08.2025;6Y;OIS;EUR;0,02294;EONIA;1D;1Y;;;;1Y;Act360;Act360;;ModifiedFollowing;ModifiedFollowing;;2D
21.08.2025;7Y;OIS;EUR;0,02371;EONIA;1D;1Y;;;;1Y;Act360;Act360;;ModifiedFollowing;ModifiedFollowing;;2D
21.08.2025;8Y;OIS;EUR;0,02447;EONIA;1D;1Y;;;;1Y;Act360;Act360;;ModifiedFollowing;ModifiedFollowing;;2D
21.08.2025;9Y;OIS;EUR;0,02518;EONIA;1D;1Y;;;;1Y;Act360;Act360;;ModifiedFollowing;ModifiedFollowing;;2D
21.08.2025;10Y;OIS;EUR;0,0258;EONIA;1D;1Y;;;;1Y;Act360;Act360;;ModifiedFollowing;ModifiedFollowing;;2D
21.08.2025;15Y;OIS;EUR;0,02797;EONIA;1D;1Y;;;;1Y;Act360;Act360;;ModifiedFollowing;ModifiedFollowing;;2D
21.08.2025;20Y;OIS;EUR;0,02872;EONIA;1D;1Y;;;;1Y;Act360;Act360;;ModifiedFollowing;ModifiedFollowing;;2D
21.08.2025;30Y;OIS;EUR;0,02866;EONIA;1D;1Y;;;;1Y;Act360;Act360;;ModifiedFollowing;ModifiedFollowing;;2D
21.08.2025;1Y;IRS;EUR;0,01983;EURIBOR;3M;3M;;;;1Y;Act360;Act360;;ModifiedFollowing;ModifiedFollowing;;2D
21.08.2025;2Y;IRS;EUR;0,020034;EURIBOR;3M;3M;;;;1Y;Act360;Act360;;ModifiedFollowing;ModifiedFollowing;;2D
21.08.2025;3Y;IRS;EUR;0,02096;EURIBOR;3M;3M;;;;1Y;Act360;Act360;;ModifiedFollowing;ModifiedFollowing;;2D
21.08.2025;4Y;IRS;EUR;0,02187;EURIBOR;3M;3M;;;;1Y;Act360;Act360;;ModifiedFollowing;ModifiedFollowing;;2D
21.08.2025;5Y;IRS;EUR;0,022715;EURIBOR;3M;3M;;;;1Y;Act360;Act360;;ModifiedFollowing;ModifiedFollowing;;2D
21.08.2025;6Y;IRS;EUR;0,02351;EURIBOR;3M;3M;;;;1Y;Act360;Act360;;ModifiedFollowing;ModifiedFollowing;;2D
21.08.2025;7Y;IRS;EUR;0,02426;EURIBOR;3M;3M;;;;1Y;Act360;Act360;;ModifiedFollowing;ModifiedFollowing;;2D
21.08.2025;8Y;IRS;EUR;0,025;EURIBOR;3M;3M;;;;1Y;Act360;Act360;;ModifiedFollowing;ModifiedFollowing;;2D
21.08.2025;9Y;IRS;EUR;0,02567;EURIBOR;3M;3M;;;;1Y;Act360;Act360;;ModifiedFollowing;ModifiedFollowing;;2D
21.08.2025;10Y;IRS;EUR;0,026305;EURIBOR;3M;3M;;;;1Y;Act360;Act360;;ModifiedFollowing;ModifiedFollowing;;2D
21.08.2025;11Y;IRS;EUR;0,02687;EURIBOR;3M;3M;;;;1Y;Act360;Act360;;ModifiedFollowing;ModifiedFollowing;;2D
21.08.2025;12Y;IRS;EUR;0,02736;EURIBOR;3M;3M;;;;1Y;Act360;Act360;;ModifiedFollowing;ModifiedFollowing;;2D
21.08.2025;15Y;IRS;EUR;0,02846;EURIBOR;3M;3M;;;;1Y;Act360;Act360;;ModifiedFollowing;ModifiedFollowing;;2D
21.08.2025;20Y;IRS;EUR;0,02919;EURIBOR;3M;3M;;;;1Y;Act360;Act360;;ModifiedFollowing;ModifiedFollowing;;2D
21.08.2025;25Y;IRS;EUR;0,029175;EURIBOR;3M;3M;;;;1Y;Act360;Act360;;ModifiedFollowing;ModifiedFollowing;;2D
21.08.2025;30Y;IRS;EUR;0,02908;EURIBOR;3M;3M;;;;1Y;Act360;Act360;;ModifiedFollowing;ModifiedFollowing;;2D
21.08.2025;50Y;IRS;EUR;0,028385;EURIBOR;3M;3M;;;;1Y;Act360;Act360;;ModifiedFollowing;ModifiedFollowing;;2D
21.08.2025;60Y;IRS;EUR;0,02789;EURIBOR;3M;3M;;;;1Y;Act360;Act360;;ModifiedFollowing;ModifiedFollowing;;2D
21.08.2025;2M;IRS;EUR;0,01909;EURIBOR;1M;1M;;;;1Y;Act360;Act360;;ModifiedFollowing;ModifiedFollowing;;2D
21.08.2025;3M;IRS;EUR;0,0191;EURIBOR;1M;1M;;;;1Y;Act360;Act360;;ModifiedFollowing;ModifiedFollowing;;2D
21.08.2025;4M;IRS;EUR;0,01908;EURIBOR;1M;1M;;;;1Y;Act360;Act360;;ModifiedFollowing;ModifiedFollowing;;2D
21.08.2025;5M;IRS;EUR;0,01897;EURIBOR;1M;1M;;;;1Y;Act360;Act360;;ModifiedFollowing;ModifiedFollowing;;2D
21.08.2025;6M;IRS;EUR;0,01889;EURIBOR;1M;1M;;;;1Y;Act360;Act360;;ModifiedFollowing;ModifiedFollowing;;2D
21.08.2025;7M;IRS;EUR;0,01883;EURIBOR;1M;1M;;;;1Y;Act360;Act360;;ModifiedFollowing;ModifiedFollowing;;2D
21.08.2025;8M;IRS;EUR;0,01873;EURIBOR;1M;1M;;;;1Y;Act360;Act360;;ModifiedFollowing;ModifiedFollowing;;2D
21.08.2025;9M;IRS;EUR;0,01866;EURIBOR;1M;1M;;;;1Y;Act360;Act360;;ModifiedFollowing;ModifiedFollowing;;2D
21.08.2025;10M;IRS;EUR;0,0186;EURIBOR;1M;1M;;;;1Y;Act360;Act360;;ModifiedFollowing;ModifiedFollowing;;2D
21.08.2025;11M;IRS;EUR;0,01856;EURIBOR;1M;1M;;;;1Y;Act360;Act360;;ModifiedFollowing;ModifiedFollowing;;2D
21.08.2025;7D;OIS;USD;0,04329;SOFR;1D;7D;;;;7D;Act360;Act360;;ModifiedFollowing;ModifiedFollowing;;2D
21.08.2025;14D;OIS;USD;0,04331;SOFR;1D;14D;;;;14D;Act360;Act360;;ModifiedFollowing;ModifiedFollowing;;2D
21.08.2025;1M;OIS;USD;0,0429;SOFR;1D;1M;;;;1M;Act360;Act360;;ModifiedFollowing;ModifiedFollowing;;2D
21.08.2025;2M;OIS;USD;0,04218;SOFR;1D;2M;;;;2M;Act360;Act360;;ModifiedFollowing;ModifiedFollowing;;2D
21.08.2025;3M;OIS;USD;0,04163;SOFR;1D;3M;;;;3M;Act360;Act360;;ModifiedFollowing;ModifiedFollowing;;2D
21.08.2025;4M;OIS;USD;0,04109;SOFR;1D;4M;;;;4M;Act360;Act360;;ModifiedFollowing;ModifiedFollowing;;2D
21.08.2025;5M;OIS;USD;0,04058;SOFR;1D;5M;;;;5M;Act360;Act360;;ModifiedFollowing;ModifiedFollowing;;2D
21.08.2025;6M;OIS;USD;0,04011;SOFR;1D;6M;;;;6M;Act360;Act360;;ModifiedFollowing;ModifiedFollowing;;2D
21.08.2025;7M;OIS;USD;0,03976;SOFR;1D;7M;;;;7M;Act360;Act360;;ModifiedFollowing;ModifiedFollowing;;2D
21.08.2025;8M;OIS;USD;0,03934;SOFR;1D;8M;;;;8M;Act360;Act360;;ModifiedFollowing;ModifiedFollowing;;2D
21.08.2025;9M;OIS;USD;0,03895;SOFR;1D;9M;;;;9M;Act360;Act360;;ModifiedFollowing;ModifiedFollowing;;2D
21.08.2025;10M;OIS;USD;0,0386;SOFR;1D;1Y;;;;1Y;Act360;Act360;;ModifiedFollowing;ModifiedFollowing;;2D
21.08.2025;11M;OIS;USD;0,03821;SOFR;1D;1Y;;;;1Y;Act360;Act360;;ModifiedFollowing;ModifiedFollowing;;2D
21.08.2025;1Y;OIS;USD;0,03786;SOFR;1D;1Y;;;;1Y;Act360;Act360;;ModifiedFollowing;ModifiedFollowing;;2D
21.08.2025;18M;OIS;USD;0,03567;SOFR;1D;1Y;;;;1Y;Act360;Act360;;ModifiedFollowing;ModifiedFollowing;;2D
21.08.2025;2Y;OIS;USD;0,034578;SOFR;1D;1Y;;;;1Y;Act360;Act360;;ModifiedFollowing;ModifiedFollowing;;2D
21.08.2025;3Y;OIS;USD;0,03371;SOFR;1D;1Y;;;;1Y;Act360;Act360;;ModifiedFollowing;ModifiedFollowing;;2D
21.08.2025;4Y;OIS;USD;0,03372;SOFR;1D;1Y;;;;1Y;Act360;Act360;;ModifiedFollowing;ModifiedFollowing;;2D
21.08.2025;5Y;OIS;USD;0,03405;SOFR;1D;1Y;;;;1Y;Act360;Act360;;ModifiedFollowing;ModifiedFollowing;;2D
21.08.2025;6Y;OIS;USD;0,03463;SOFR;1D;1Y;;;;1Y;Act360;Act360;;ModifiedFollowing;ModifiedFollowing;;2D
21.08.2025;7Y;OIS;USD;0,0353;SOFR;1D;1Y;;;;1Y;Act360;Act360;;ModifiedFollowing;ModifiedFollowing;;2D
21.08.2025;8Y;OIS;USD;0,03596;SOFR;1D;1Y;;;;1Y;Act360;Act360;;ModifiedFollowing;ModifiedFollowing;;2D
21.08.2025;9Y;OIS;USD;0,03661;SOFR;1D;1Y;;;;1Y;Act360;Act360;;ModifiedFollowing;ModifiedFollowing;;2D
21.08.2025;10Y;OIS;USD;0,03723;SOFR;1D;1Y;;;;1Y;Act360;Act360;;ModifiedFollowing;ModifiedFollowing;;2D
21.08.2025;12Y;OIS;USD;0,03833;SOFR;1D;1Y;;;;1Y;Act360;Act360;;ModifiedFollowing;ModifiedFollowing;;2D
21.08.2025;15Y;OIS;USD;0,03955;SOFR;1D;1Y;;;;1Y;Act360;Act360;;ModifiedFollowing;ModifiedFollowing;;2D
21.08.2025;20Y;OIS;USD;0,04053;SOFR;1D;1Y;;;;1Y;Act360;Act360;;ModifiedFollowing;ModifiedFollowing;;2D
21.08.2025;25Y;OIS;USD;0,04057;SOFR;1D;1Y;;;;1Y;Act360;Act360;;ModifiedFollowing;ModifiedFollowing;;2D
21.08.2025;30Y;OIS;USD;0,0402;SOFR;1D;1Y;;;;1Y;Act360;Act360;;ModifiedFollowing;ModifiedFollowing;;2D
21.08.2025;35Y;OIS;USD;0,03959;SOFR;1D;1Y;;;;1Y;Act360;Act360;;ModifiedFollowing;ModifiedFollowing;;2D
21.08.2025;40Y;OIS;USD;0,03897;SOFR;1D;1Y;;;;1Y;Act360;Act360;;ModifiedFollowing;ModifiedFollowing;;2D
21.08.2025;50Y;OIS;USD;0,03771;SOFR;1D;1Y;;;;1Y;Act360;Act360;;ModifiedFollowing;ModifiedFollowing;;2D
21.08.2025;7D;OIS;GBP;0,03969;SONIA;1D;7D;;;;7D;Act360;Act360;;ModifiedFollowing;ModifiedFollowing;;2D
21.08.2025;14D;OIS;GBP;0,03971;SONIA;1D;14D;;;;14D;Act360;Act360;;ModifiedFollowing;ModifiedFollowing;;2D
21.08.2025;1M;OIS;GBP;0,03974;SONIA;1D;1M;;;;1M;Act360;Act360;;ModifiedFollowing;ModifiedFollowing;;2D
21.08.2025;2M;OIS;GBP;0,03978;SONIA;1D;2M;;;;2M;Act360;Act360;;ModifiedFollowing;ModifiedFollowing;;2D
21.08.2025;3M;OIS;GBP;0,03973;SONIA;1D;3M;;;;3M;Act360;Act360;;ModifiedFollowing;ModifiedFollowing;;2D
21.08.2025;4M;OIS;GBP;0,03964;SONIA;1D;4M;;;;4M;Act360;Act360;;ModifiedFollowing;ModifiedFollowing;;2D
21.08.2025;5M;OIS;GBP;0,03952;SONIA;1D;5M;;;;5M;Act360;Act360;;ModifiedFollowing;ModifiedFollowing;;2D
21.08.2025;6M;OIS;GBP;0,03937;SONIA;1D;6M;;;;6M;Act360;Act360;;ModifiedFollowing;ModifiedFollowing;;2D
21.08.2025;7M;OIS;GBP;0,03922;SONIA;1D;7M;;;;7M;Act360;Act360;;ModifiedFollowing;ModifiedFollowing;;2D
21.08.2025;8M;OIS;GBP;0,03908;SONIA;1D;8M;;;;8M;Act360;Act360;;ModifiedFollowing;ModifiedFollowing;;2D
21.08.2025;9M;OIS;GBP;0,03891;SONIA;1D;9M;;;;9M;Act360;Act360;;ModifiedFollowing;ModifiedFollowing;;2D
21.08.2025;10M;OIS;GBP;0,03876;SONIA;1D;1Y;;;;1Y;Act360;Act360;;ModifiedFollowing;ModifiedFollowing;;2D
21.08.2025;11M;OIS;GBP;0,03864;SONIA;1D;1Y;;;;1Y;Act360;Act360;;ModifiedFollowing;ModifiedFollowing;;2D
21.08.2025;1Y;OIS;GBP;0,03852;SONIA;1D;1Y;;;;1Y;Act360;Act360;;ModifiedFollowing;ModifiedFollowing;;2D
21.08.2025;18M;OIS;GBP;0,03762;SONIA;1D;1Y;;;;1Y;Act360;Act360;;ModifiedFollowing;ModifiedFollowing;;2D
21.08.2025;2Y;OIS;GBP;0,03737;SONIA;1D;1Y;;;;1Y;Act360;Act360;;ModifiedFollowing;ModifiedFollowing;;2D
21.08.2025;3Y;OIS;GBP;0,0373;SONIA;1D;1Y;;;;1Y;Act360;Act360;;ModifiedFollowing;ModifiedFollowing;;2D
21.08.2025;4Y;OIS;GBP;0,0376;SONIA;1D;1Y;;;;1Y;Act360;Act360;;ModifiedFollowing;ModifiedFollowing;;2D
21.08.2025;5Y;OIS;GBP;0,0381;SONIA;1D;1Y;;;;1Y;Act360;Act360;;ModifiedFollowing;ModifiedFollowing;;2D
21.08.2025;6Y;OIS;GBP;0,03873;SONIA;1D;1Y;;;;1Y;Act360;Act360;;ModifiedFollowing;ModifiedFollowing;;2D
21.08.2025;7Y;OIS;GBP;0,03943;SONIA;1D;1Y;;;;1Y;Act360;Act360;;ModifiedFollowing;ModifiedFollowing;;2D
21.08.2025;8Y;OIS;GBP;0,04018;SONIA;1D;1Y;;;;1Y;Act360;Act360;;ModifiedFollowing;ModifiedFollowing;;2D
21.08.2025;9Y;OIS;GBP;0,04093;SONIA;1D;1Y;;;;1Y;Act360;Act360;;ModifiedFollowing;ModifiedFollowing;;2D
21.08.2025;10Y;OIS;GBP;0,04166;SONIA;1D;1Y;;;;1Y;Act360;Act360;;ModifiedFollowing;ModifiedFollowing;;2D
21.08.2025;12Y;OIS;GBP;0,043;SONIA;1D;1Y;;;;1Y;Act360;Act360;;ModifiedFollowing;ModifiedFollowing;;2D
21.08.2025;15Y;OIS;GBP;0,04459;SONIA;1D;1Y;;;;1Y;Act360;Act360;;ModifiedFollowing;ModifiedFollowing;;2D
21.08.2025;20Y;OIS;GBP;0,04614;SONIA;1D;1Y;;;;1Y;Act360;Act360;;ModifiedFollowing;ModifiedFollowing;;2D
21.08.2025;25Y;OIS;GBP;0,04678;SONIA;1D;1Y;;;;1Y;Act360;Act360;;ModifiedFollowing;ModifiedFollowing;;2D
21.08.2025;30Y;OIS;GBP;0,04686;SONIA;1D;1Y;;;;1Y;Act360;Act360;;ModifiedFollowing;ModifiedFollowing;;2D
21.08.2025;40Y;OIS;GBP;0,04628;SONIA;1D;1Y;;;;1Y;Act360;Act360;;ModifiedFollowing;ModifiedFollowing;;2D
21.08.2025;50Y;OIS;GBP;0,04533;SONIA;1D;1Y;;;;1Y;Act360;Act360;;ModifiedFollowing;ModifiedFollowing;;2D
21.08.2025;1M;DEPOSIT;EUR;0,0195;EURIBOR;1M;1M;;;;1M;Act360;Act360;;ModifiedFollowing;ModifiedFollowing;;2D
21.08.2025;3M;DEPOSIT;EUR;0,02085;EURIBOR;3M;3M;;;;3M;Act360;Act360;;ModifiedFollowing;ModifiedFollowing;;2D
21.08.2025;6M;DEPOSIT;EUR;0,0213;EURIBOR;6M;6M;;;;6M;Act360;Act360;;ModifiedFollowing;ModifiedFollowing;;2D
21.08.2025;12M;DEPOSIT;EUR;0,0203;EURIBOR;12M;1Y;;;;1Y;Act360;Act360;;ModifiedFollowing;ModifiedFollowing;;2D
21.08.2025;1M;DEPOSIT;USD;0,044;LIBOR;1M;1M;;;;1M;Act360;Act360;;ModifiedFollowing;ModifiedFollowing;;2D
21.08.2025;3M;DEPOSIT;USD;0,04285;LIBOR;3M;3M;;;;3M;Act360;Act360;;ModifiedFollowing;ModifiedFollowing;;2D
21.08.2025;6M;DEPOSIT;USD;0,04265;LIBOR;6M;6M;;;;6M;Act360;Act360;;ModifiedFollowing;ModifiedFollowing;;2D
21.08.2025;12M;DEPOSIT;USD;0,04195;LIBOR;12M;1Y;;;;1Y;Act360;Act360;;ModifiedFollowing;ModifiedFollowing;;2D
21.08.2025;1M;DEPOSIT;GBP;0,04085;LIBOR;1M;1M;;;;1M;Act360;Act360;;ModifiedFollowing;ModifiedFollowing;;2D
21.08.2025;3M;DEPOSIT;GBP;0,0418;LIBOR;3M;3M;;;;3M;Act360;Act360;;ModifiedFollowing;ModifiedFollowing;;2D
21.08.2025;6M;DEPOSIT;GBP;0,0421;LIBOR;6M;6M;;;;6M;Act360;Act360;;ModifiedFollowing;ModifiedFollowing;;2D
21.08.2025;12M;DEPOSIT;GBP;0,04325;LIBOR;12M;1Y;;;;1Y;Act360;Act360;;ModifiedFollowing;ModifiedFollowing;;2D
21.08.2025;1Mx4M;FRA;EUR;0,02013;EURIBOR;3M;3M;;;;3M;Act360;Act360;;ModifiedFollowing;ModifiedFollowing;;2D
21.08.2025;2Mx5M;FRA;EUR;0,01985;EURIBOR;3M;3M;;;;3M;Act360;Act360;;ModifiedFollowing;ModifiedFollowing;;2D
21.08.2025;3Mx6M;FRA;EUR;0,01959;EURIBOR;3M;3M;;;;3M;Act360;Act360;;ModifiedFollowing;ModifiedFollowing;;2D
21.08.2025;4Mx7M;FRA;EUR;0,01932;EURIBOR;3M;3M;;;;3M;Act360;Act360;;ModifiedFollowing;ModifiedFollowing;;2D
21.08.2025;5Mx8M;FRA;EUR;0,01917;EURIBOR;3M;3M;;;;3M;Act360;Act360;;ModifiedFollowing;ModifiedFollowing;;2D
21.08.2025;6Mx9M;FRA;EUR;0,01898;EURIBOR;3M;3M;;;;3M;Act360;Act360;;ModifiedFollowing;ModifiedFollowing;;2D
21.08.2025;7Mx10M;FRA;EUR;0,01889;EURIBOR;3M;3M;;;;3M;Act360;Act360;;ModifiedFollowing;ModifiedFollowing;;2D
21.08.2025;8Mx11M;FRA;EUR;0,01884;EURIBOR;3M;3M;;;;3M;Act360;Act360;;ModifiedFollowing;ModifiedFollowing;;2D
21.08.2025;1Mx7M;FRA;EUR;0,02066;EURIBOR;3M;3M;;;;3M;Act360;Act360;;ModifiedFollowing;ModifiedFollowing;;2D
21.08.2025;2Mx8M;FRA;EUR;0,02047;EURIBOR;3M;3M;;;;3M;Act360;Act360;;ModifiedFollowing;ModifiedFollowing;;2D
21.08.2025;3Mx9M;FRA;EUR;0,02025;EURIBOR;3M;3M;;;;3M;Act360;Act360;;ModifiedFollowing;ModifiedFollowing;;2D
21.08.2025;4Mx10M;FRA;EUR;0,02003;EURIBOR;3M;3M;;;;3M;Act360;Act360;;ModifiedFollowing;ModifiedFollowing;;2D
21.08.2025;5Mx11M;FRA;EUR;0,01996;EURIBOR;3M;3M;;;;3M;Act360;Act360;;ModifiedFollowing;ModifiedFollowing;;2D
21.08.2025;1Mx13M;FRA;EUR;0,02121;EURIBOR;3M;3M;;;;3M;Act360;Act360;;ModifiedFollowing;ModifiedFollowing;;2D
21.08.2025;2Mx14M;FRA;EUR;0,02108;EURIBOR;3M;3M;;;;3M;Act360;Act360;;ModifiedFollowing;ModifiedFollowing;;2D
21.08.2025;3Mx15M;FRA;EUR;0,02097;EURIBOR;3M;3M;;;;3M;Act360;Act360;;ModifiedFollowing;ModifiedFollowing;;2D
21.08.2025;4Mx16M;FRA;EUR;0,02091;EURIBOR;3M;3M;;;;3M;Act360;Act360;;ModifiedFollowing;ModifiedFollowing;;2D
21.08.2025;5Mx17M;FRA;EUR;0,0209;EURIBOR;3M;3M;;;;3M;Act360;Act360;;ModifiedFollowing;ModifiedFollowing;;2D
21.08.2025;6Mx18M;FRA;EUR;0,02091;EURIBOR;3M;3M;;;;3M;Act360;Act360;;ModifiedFollowing;ModifiedFollowing;;2D
21.08.2025;7Mx19M;FRA;EUR;0,02099;EURIBOR;3M;3M;;;;3M;Act360;Act360;;ModifiedFollowing;ModifiedFollowing;;2D
21.08.2025;8Mx20M;FRA;EUR;0,02107;EURIBOR;3M;3M;;;;3M;Act360;Act360;;ModifiedFollowing;ModifiedFollowing;;2D
21.08.2025;9Mx21M;FRA;EUR;0,02117;EURIBOR;3M;3M;;;;3M;Act360;Act360;;ModifiedFollowing;ModifiedFollowing;;2D
21.08.2025;10Mx22M;FRA;EUR;0,02132;EURIBOR;3M;3M;;;;3M;Act360;Act360;;ModifiedFollowing;ModifiedFollowing;;2D
21.08.2025;11Mx23M;FRA;EUR;0,02148;EURIBOR;3M;3M;;;;3M;Act360;Act360;;ModifiedFollowing;ModifiedFollowing;;2D
21.08.2025;1Mx4M;FRA;USD;0,04352;LIBOR;3M;3M;;;;3M;Act360;Act360;;ModifiedFollowing;ModifiedFollowing;;2D
21.08.2025;2Mx5M;FRA;USD;0,0425;LIBOR;3M;3M;;;;3M;Act360;Act360;;ModifiedFollowing;ModifiedFollowing;;2D
21.08.2025;3Mx6M;FRA;USD;0,04137;LIBOR;3M;3M;;;;3M;Act360;Act360;;ModifiedFollowing;ModifiedFollowing;;2D
21.08.2025;4Mx7M;FRA;USD;0,04054;LIBOR;3M;3M;;;;3M;Act360;Act360;;ModifiedFollowing;ModifiedFollowing;;2D
21.08.2025;5Mx8M;FRA;USD;0,0397;LIBOR;3M;3M;;;;3M;Act360;Act360;;ModifiedFollowing;ModifiedFollowing;;2D
21.08.2025;6Mx9M;FRA;USD;0,03886;LIBOR;3M;3M;;;;3M;Act360;Act360;;ModifiedFollowing;ModifiedFollowing;;2D
21.08.2025;7Mx10M;FRA;USD;0,03818;LIBOR;3M;3M;;;;3M;Act360;Act360;;ModifiedFollowing;ModifiedFollowing;;2D
21.08.2025;8Mx11M;FRA;USD;0,03742;LIBOR;3M;3M;;;;3M;Act360;Act360;;ModifiedFollowing;ModifiedFollowing;;2D
21.08.2025;1Mx7M;FRA;USD;0,04388;LIBOR;3M;3M;;;;3M;Act360;Act360;;ModifiedFollowing;ModifiedFollowing;;2D
21.08.2025;2Mx8M;FRA;USD;0,04295;LIBOR;3M;3M;;;;3M;Act360;Act360;;ModifiedFollowing;ModifiedFollowing;;2D
21.08.2025;3Mx9M;FRA;USD;0,04197;LIBOR;3M;3M;;;;3M;Act360;Act360;;ModifiedFollowing;ModifiedFollowing;;2D
21.08.2025;4Mx10M;FRA;USD;0,04119;LIBOR;3M;3M;;;;3M;Act360;Act360;;ModifiedFollowing;ModifiedFollowing;;2D
21.08.2025;5Mx11M;FRA;USD;0,0404;LIBOR;3M;3M;;;;3M;Act360;Act360;;ModifiedFollowing;ModifiedFollowing;;2D
21.08.2025;1Mx4M;FRA;GBP;0,04066;LIBOR;3M;3M;;;;3M;Act360;Act360;;ModifiedFollowing;ModifiedFollowing;;2D
21.08.2025;2Mx5M;FRA;GBP;0,04025;LIBOR;3M;3M;;;;3M;Act360;Act360;;ModifiedFollowing;ModifiedFollowing;;2D
21.08.2025;3Mx6M;FRA;GBP;0,03982;LIBOR;3M;3M;;;;3M;Act360;Act360;;ModifiedFollowing;ModifiedFollowing;;2D
21.08.2025;4Mx7M;FRA;GBP;0,03938;LIBOR;3M;3M;;;;3M;Act360;Act360;;ModifiedFollowing;ModifiedFollowing;;2D
21.08.2025;5Mx8M;FRA;GBP;0,03894;LIBOR;3M;3M;;;;3M;Act360;Act360;;ModifiedFollowing;ModifiedFollowing;;2D
21.08.2025;6Mx9M;FRA;GBP;0,03845;LIBOR;3M;3M;;;;3M;Act360;Act360;;ModifiedFollowing;ModifiedFollowing;;2D
21.08.2025;7Mx10M;FRA;GBP;0,03801;LIBOR;3M;3M;;;;3M;Act360;Act360;;ModifiedFollowing;ModifiedFollowing;;2D
21.08.2025;8Mx11M;FRA;GBP;0,03769;LIBOR;3M;3M;;;;3M;Act360;Act360;;ModifiedFollowing;ModifiedFollowing;;2D
21.08.2025;1Mx7M;FRA;GBP;0,04179;LIBOR;3M;3M;;;;3M;Act360;Act360;;ModifiedFollowing;ModifiedFollowing;;2D
21.08.2025;2Mx8M;FRA;GBP;0,04138;LIBOR;3M;3M;;;;3M;Act360;Act360;;ModifiedFollowing;ModifiedFollowing;;2D
21.08.2025;3Mx9M;FRA;GBP;0,04093;LIBOR;3M;3M;;;;3M;Act360;Act360;;ModifiedFollowing;ModifiedFollowing;;2D
21.08.2025;4Mx10M;FRA;GBP;0,04049;LIBOR;3M;3M;;;;3M;Act360;Act360;;ModifiedFollowing;ModifiedFollowing;;2D
21.08.2025;5Mx11M;FRA;GBP;0,04014;LIBOR;3M;3M;;;;3M;Act360;Act360;;ModifiedFollowing;ModifiedFollowing;;2D
21.08.2025;7D;OIS;EUR;0,019235;EONIA;1D;7D;;;;7D;Act360;Act360;;ModifiedFollowing;ModifiedFollowing;;2D
21.08.2025;14D;OIS;EUR;0,0201;EONIA;1D;14D;;;;14D;Act360;Act360;;ModifiedFollowing;ModifiedFollowing;;2D
21.08.2025;1M;OIS;EUR;0,02008;EONIA;1D;1M;;;;1M;Act360;Act360;;ModifiedFollowing;ModifiedFollowing;;2D
21.08.2025;2M;OIS;EUR;0,02006;EONIA;1D;2M;;;;2M;Act360;Act360;;ModifiedFollowing;ModifiedFollowing;;2D
21.08.2025;3M;OIS;EUR;0,02;EONIA;1D;3M;;;;3M;Act360;Act360;;ModifiedFollowing;ModifiedFollowing;;2D
21.08.2025;4M;OIS;EUR;0,01992;EONIA;1D;4M;;;;4M;Act360;Act360;;ModifiedFollowing;ModifiedFollowing;;2D
20.08.2025;3Y;OIS;GBP;0,03753;SONIA;1D;1Y;;;;1Y;Act360;Act360;;ModifiedFollowing;ModifiedFollowing;;2D
20.08.2025;3M;DEPOSIT;USD;0,04285;LIBOR;3M;3M;;;;3M;Act360;Act360;;ModifiedFollowing;ModifiedFollowing;;2D
20.08.2025;8Mx20M;FRA;EUR;0,02096;EURIBOR;3M;3M;;;;3M;Act360;Act360;;ModifiedFollowing;ModifiedFollowing;;2D
20.08.2025;4Mx16M;FRA;EUR;0,0208;EURIBOR;3M;3M;;;;3M;Act360;Act360;;ModifiedFollowing;ModifiedFollowing;;2D
20.08.2025;2Mx8M;FRA;EUR;0,02037;EURIBOR;3M;3M;;;;3M;Act360;Act360;;ModifiedFollowing;ModifiedFollowing;;2D
20.08.2025;9Y;OIS;GBP;0,04131;SONIA;1D;1Y;;;;1Y;Act360;Act360;;ModifiedFollowing;ModifiedFollowing;;2D
20.08.2025;8M;OIS;GBP;0,03913;SONIA;1D;8M;;;;8M;Act360;Act360;;ModifiedFollowing;ModifiedFollowing;;2D
20.08.2025;18M;OIS;EUR;0,019;EONIA;1D;1Y;;;;1Y;Act360;Act360;;ModifiedFollowing;ModifiedFollowing;;2D
20.08.2025;6M;OIS;GBP;0,03943;SONIA;1D;6M;;;;6M;Act360;Act360;;ModifiedFollowing;ModifiedFollowing;;2D
20.08.2025;5Y;OIS;USD;0,0342;SOFR;1D;1Y;;;;1Y;Act360;Act360;;ModifiedFollowing;ModifiedFollowing;;2D
20.08.2025;11M;IRS;EUR;0,01848;EURIBOR;1M;1M;;;;1Y;Act360;Act360;;ModifiedFollowing;ModifiedFollowing;;2D
20.08.2025;1M;OIS;EUR;0,02007;EONIA;1D;1M;;;;1M;Act360;Act360;;ModifiedFollowing;ModifiedFollowing;;2D
20.08.2025;5M;OIS;USD;0,04061;SOFR;1D;5M;;;;5M;Act360;Act360;;ModifiedFollowing;ModifiedFollowing;;2D
20.08.2025;5Mx11M;FRA;EUR;0,01985;EURIBOR;3M;3M;;;;3M;Act360;Act360;;ModifiedFollowing;ModifiedFollowing;;2D
20.08.2025;9M;OIS;USD;0,03899;SOFR;1D;9M;;;;9M;Act360;Act360;;ModifiedFollowing;ModifiedFollowing;;2D
20.08.2025;7Mx10M;FRA;USD;0,0383;LIBOR;3M;3M;;;;3M;Act360;Act360;;ModifiedFollowing;ModifiedFollowing;;2D
20.08.2025;5Mx11M;FRA;USD;0,04048;LIBOR;3M;3M;;;;3M;Act360;Act360;;ModifiedFollowing;ModifiedFollowing;;2D
20.08.2025;1Mx7M;FRA;USD;0,04394;LIBOR;3M;3M;;;;3M;Act360;Act360;;ModifiedFollowing;ModifiedFollowing;;2D
20.08.2025;3M;DEPOSIT;EUR;0,0197;EURIBOR;3M;3M;;;;3M;Act360;Act360;;ModifiedFollowing;ModifiedFollowing;;2D
20.08.2025;11Y;IRS;EUR;0,026967;EURIBOR;3M;3M;;;;1Y;Act360;Act360;;ModifiedFollowing;ModifiedFollowing;;2D
20.08.2025;25Y;IRS;EUR;0,029418;EURIBOR;3M;3M;;;;1Y;Act360;Act360;;ModifiedFollowing;ModifiedFollowing;;2D
20.08.2025;7Mx10M;FRA;EUR;0,01876;EURIBOR;3M;3M;;;;3M;Act360;Act360;;ModifiedFollowing;ModifiedFollowing;;2D
20.08.2025;3Mx6M;FRA;GBP;0,0399;LIBOR;3M;3M;;;;3M;Act360;Act360;;ModifiedFollowing;ModifiedFollowing;;2D
20.08.2025;2Y;OIS;USD;0,034695;SOFR;1D;1Y;;;;1Y;Act360;Act360;;ModifiedFollowing;ModifiedFollowing;;2D
20.08.2025;10M;OIS;EUR;0,01924;EONIA;1D;1Y;;;;1Y;Act360;Act360;;ModifiedFollowing;ModifiedFollowing;;2D
20.08.2025;12M;DEPOSIT;GBP;0,0421;LIBOR;12M;1Y;;;;1Y;Act360;Act360;;ModifiedFollowing;ModifiedFollowing;;2D
20.08.2025;1Mx4M;FRA;USD;0,04357;LIBOR;3M;3M;;;;3M;Act360;Act360;;ModifiedFollowing;ModifiedFollowing;;2D
20.08.2025;4Mx10M;FRA;GBP;0,04057;LIBOR;3M;3M;;;;3M;Act360;Act360;;ModifiedFollowing;ModifiedFollowing;;2D
20.08.2025;8M;OIS;EUR;0,01941;EONIA;1D;8M;;;;8M;Act360;Act360;;ModifiedFollowing;ModifiedFollowing;;2D
20.08.2025;4Y;OIS;GBP;0,03788;SONIA;1D;1Y;;;;1Y;Act360;Act360;;ModifiedFollowing;ModifiedFollowing;;2D
20.08.2025;6M;OIS;EUR;0,01962;EONIA;1D;6M;;;;6M;Act360;Act360;;ModifiedFollowing;ModifiedFollowing;;2D
20.08.2025;12Y;IRS;EUR;0,027476;EURIBOR;3M;3M;;;;1Y;Act360;Act360;;ModifiedFollowing;ModifiedFollowing;;2D
20.08.2025;20Y;OIS;USD;0,04061;SOFR;1D;1Y;;;;1Y;Act360;Act360;;ModifiedFollowing;ModifiedFollowing;;2D
20.08.2025;10Mx22M;FRA;EUR;0,02121;EURIBOR;3M;3M;;;;3M;Act360;Act360;;ModifiedFollowing;ModifiedFollowing;;2D
20.08.2025;3M;IRS;EUR;0,01906;EURIBOR;1M;1M;;;;1Y;Act360;Act360;;ModifiedFollowing;ModifiedFollowing;;2D
20.08.2025;6M;DEPOSIT;USD;0,04255;LIBOR;6M;6M;;;;6M;Act360;Act360;;ModifiedFollowing;ModifiedFollowing;;2D
20.08.2025;3Mx9M;FRA;GBP;0,04098;LIBOR;3M;3M;;;;3M;Act360;Act360;;ModifiedFollowing;ModifiedFollowing;;2D
20.08.2025;8Y;IRS;EUR;0,025065;EURIBOR;3M;3M;;;;1Y;Act360;Act360;;ModifiedFollowing;ModifiedFollowing;;2D
20.08.2025;7Y;OIS;GBP;0,03979;SONIA;1D;1Y;;;;1Y;Act360;Act360;;ModifiedFollowing;ModifiedFollowing;;2D
20.08.2025;2Mx5M;FRA;USD;0,04243;LIBOR;3M;3M;;;;3M;Act360;Act360;;ModifiedFollowing;ModifiedFollowing;;2D
20.08.2025;2M;OIS;USD;0,04226;SOFR;1D;2M;;;;2M;Act360;Act360;;ModifiedFollowing;ModifiedFollowing;;2D
20.08.2025;15Y;OIS;EUR;0,02815;EONIA;1D;1Y;;;;1Y;Act360;Act360;;ModifiedFollowing;ModifiedFollowing;;2D
20.08.2025;1Y;OIS;EUR;0,01911;EONIA;1D;1Y;;;;1Y;Act360;Act360;;ModifiedFollowing;ModifiedFollowing;;2D
20.08.2025;6M;OIS;USD;0,04011;SOFR;1D;6M;;;;6M;Act360;Act360;;ModifiedFollowing;ModifiedFollowing;;2D
20.08.2025;40Y;OIS;USD;0,03901;SOFR;1D;1Y;;;;1Y;Act360;Act360;;ModifiedFollowing;ModifiedFollowing;;2D
20.08.2025;12M;DEPOSIT;EUR;0,0198;EURIBOR;12M;1Y;;;;1Y;Act360;Act360;;ModifiedFollowing;ModifiedFollowing;;2D
20.08.2025;5M;OIS;GBP;0,03956;SONIA;1D;5M;;;;5M;Act360;Act360;;ModifiedFollowing;ModifiedFollowing;;2D
20.08.2025;7Y;IRS;EUR;0,024306;EURIBOR;3M;3M;;;;1Y;Act360;Act360;;ModifiedFollowing;ModifiedFollowing;;2D
20.08.2025;11M;OIS;USD;0,03829;SOFR;1D;1Y;;;;1Y;Act360;Act360;;ModifiedFollowing;ModifiedFollowing;;2D
20.08.2025;5Y;OIS;GBP;0,03843;SONIA;1D;1Y;;;;1Y;Act360;Act360;;ModifiedFollowing;ModifiedFollowing;;2D
20.08.2025;4Y;OIS;EUR;0,021245;EONIA;1D;1Y;;;;1Y;Act360;Act360;;ModifiedFollowing;ModifiedFollowing;;2D
20.08.2025;10Y;IRS;EUR;0,026388;EURIBOR;3M;3M;;;;1Y;Act360;Act360;;ModifiedFollowing;ModifiedFollowing;;2D
20.08.2025;40Y;IRS;EUR;0,029088;EURIBOR;3M;3M;;;;1Y;Act360;Act360;;ModifiedFollowing;ModifiedFollowing;;2D
20.08.2025;10M;OIS;USD;0,03864;SOFR;1D;1Y;;;;1Y;Act360;Act360;;ModifiedFollowing;ModifiedFollowing;;2D
20.08.2025;12Y;OIS;USD;0,03842;SOFR;1D;1Y;;;;1Y;Act360;Act360;;ModifiedFollowing;ModifiedFollowing;;2D
20.08.2025;14D;OIS;EUR;0,0201;EONIA;1D;14D;;;;14D;Act360;Act360;;ModifiedFollowing;ModifiedFollowing;;2D
20.08.2025;60Y;IRS;EUR;0,02819;EURIBOR;3M;3M;;;;1Y;Act360;Act360;;ModifiedFollowing;ModifiedFollowing;;2D
20.08.2025;11M;OIS;GBP;0,03872;SONIA;1D;1Y;;;;1Y;Act360;Act360;;ModifiedFollowing;ModifiedFollowing;;2D
20.08.2025;30Y;OIS;USD;0,04025;SOFR;1D;1Y;;;;1Y;Act360;Act360;;ModifiedFollowing;ModifiedFollowing;;2D
20.08.2025;7Mx10M;FRA;GBP;0,03813;LIBOR;3M;3M;;;;3M;Act360;Act360;;ModifiedFollowing;ModifiedFollowing;;2D
20.08.2025;7Y;OIS;EUR;0,023785;EONIA;1D;1Y;;;;1Y;Act360;Act360;;ModifiedFollowing;ModifiedFollowing;;2D
20.08.2025;7D;OIS;EUR;0,019245;EONIA;1D;7D;;;;7D;Act360;Act360;;ModifiedFollowing;ModifiedFollowing;;2D
20.08.2025;7D;OIS;USD;0,04329;SOFR;1D;7D;;;;7D;Act360;Act360;;ModifiedFollowing;ModifiedFollowing;;2D
20.08.2025;50Y;OIS;USD;0,03774;SOFR;1D;1Y;;;;1Y;Act360;Act360;;ModifiedFollowing;ModifiedFollowing;;2D
20.08.2025;10M;OIS;GBP;0,03883;SONIA;1D;1Y;;;;1Y;Act360;Act360;;ModifiedFollowing;ModifiedFollowing;;2D
20.08.2025;3Y;OIS;EUR;0,02024;EONIA;1D;1Y;;;;1Y;Act360;Act360;;ModifiedFollowing;ModifiedFollowing;;2D
20.08.2025;35Y;OIS;USD;0,03964;SOFR;1D;1Y;;;;1Y;Act360;Act360;;ModifiedFollowing;ModifiedFollowing;;2D
20.08.2025;14D;OIS;GBP;0,03971;SONIA;1D;14D;;;;14D;Act360;Act360;;ModifiedFollowing;ModifiedFollowing;;2D
20.08.2025;8Y;OIS;GBP;0,04055;SONIA;1D;1Y;;;;1Y;Act360;Act360;;ModifiedFollowing;ModifiedFollowing;;2D
20.08.2025;3Mx9M;FRA;EUR;0,02015;EURIBOR;3M;3M;;;;3M;Act360;Act360;;ModifiedFollowing;ModifiedFollowing;;2D
20.08.2025;4Y;OIS;USD;0,03386;SOFR;1D;1Y;;;;1Y;Act360;Act360;;ModifiedFollowing;ModifiedFollowing;;2D
20.08.2025;3Y;OIS;USD;0,03384;SOFR;1D;1Y;;;;1Y;Act360;Act360;;ModifiedFollowing;ModifiedFollowing;;2D
20.08.2025;50Y;IRS;EUR;0,028678;EURIBOR;3M;3M;;;;1Y;Act360;Act360;;ModifiedFollowing;ModifiedFollowing;;2D
20.08.2025;3Y;IRS;EUR;0,020874;EURIBOR;3M;3M;;;;1Y;Act360;Act360;;ModifiedFollowing;ModifiedFollowing;;2D
20.08.2025;12M;DEPOSIT;USD;0,0417;LIBOR;12M;1Y;;;;1Y;Act360;Act360;;ModifiedFollowing;ModifiedFollowing;;2D
20.08.2025;1Mx13M;FRA;EUR;0,0211;EURIBOR;3M;3M;;;;3M;Act360;Act360;;ModifiedFollowing;ModifiedFollowing;;2D
20.08.2025;4M;IRS;EUR;0,01906;EURIBOR;1M;1M;;;;1Y;Act360;Act360;;ModifiedFollowing;ModifiedFollowing;;2D
20.08.2025;3Mx6M;FRA;EUR;0,01945;EURIBOR;3M;3M;;;;3M;Act360;Act360;;ModifiedFollowing;ModifiedFollowing;;2D
20.08.2025;11M;OIS;EUR;0,01918;EONIA;1D;1Y;;;;1Y;Act360;Act360;;ModifiedFollowing;ModifiedFollowing;;2D
20.08.2025;4M;OIS;USD;0,04116;SOFR;1D;4M;;;;4M;Act360;Act360;;ModifiedFollowing;ModifiedFollowing;;2D
20.08.2025;8Mx11M;FRA;USD;0,03759;LIBOR;3M;3M;;;;3M;Act360;Act360;;ModifiedFollowing;ModifiedFollowing;;2D
20.08.2025;6Mx18M;FRA;EUR;0,0208;EURIBOR;3M;3M;;;;3M;Act360;Act360;;ModifiedFollowing;ModifiedFollowing;;2D
20.08.2025;1Mx4M;FRA;EUR;0,02004;EURIBOR;3M;3M;;;;3M;Act360;Act360;;ModifiedFollowing;ModifiedFollowing;;2D
20.08.2025;30Y;OIS;EUR;0,02895;EONIA;1D;1Y;;;;1Y;Act360;Act360;;ModifiedFollowing;ModifiedFollowing;;2D
20.08.2025;2M;IRS;EUR;0,01906;EURIBOR;1M;1M;;;;1Y;Act360;Act360;;ModifiedFollowing;ModifiedFollowing;;2D
20.08.2025;9M;OIS;GBP;0,03898;SONIA;1D;9M;;;;9M;Act360;Act360;;ModifiedFollowing;ModifiedFollowing;;2D
20.08.2025;50Y;OIS;GBP;0,04581;SONIA;1D;1Y;;;;1Y;Act360;Act360;;ModifiedFollowing;ModifiedFollowing;;2D
20.08.2025;5Mx8M;FRA;GBP;0,03902;LIBOR;3M;3M;;;;3M;Act360;Act360;;ModifiedFollowing;ModifiedFollowing;;2D
20.08.2025;7Y;OIS;USD;0,03546;SOFR;1D;1Y;;;;1Y;Act360;Act360;;ModifiedFollowing;ModifiedFollowing;;2D
20.08.2025;5Mx17M;FRA;EUR;0,02079;EURIBOR;3M;3M;;;;3M;Act360;Act360;;ModifiedFollowing;ModifiedFollowing;;2D
20.08.2025;10M;IRS;EUR;0,01853;EURIBOR;1M;1M;;;;1Y;Act360;Act360;;ModifiedFollowing;ModifiedFollowing;;2D
20.08.2025;9Y;OIS;USD;0,03674;SOFR;1D;1Y;;;;1Y;Act360;Act360;;ModifiedFollowing;ModifiedFollowing;;2D
20.08.2025;8M;IRS;EUR;0,01866;EURIBOR;1M;1M;;;;1Y;Act360;Act360;;ModifiedFollowing;ModifiedFollowing;;2D
20.08.2025;6Y;OIS;EUR;0,022995;EONIA;1D;1Y;;;;1Y;Act360;Act360;;ModifiedFollowing;ModifiedFollowing;;2D
20.08.2025;1M;DEPOSIT;EUR;0,0195;EURIBOR;1M;1M;;;;1M;Act360;Act360;;ModifiedFollowing;ModifiedFollowing;;2D
20.08.2025;3M;OIS;USD;0,04164;SOFR;1D;3M;;;;3M;Act360;Act360;;ModifiedFollowing;ModifiedFollowing;;2D
20.08.2025;6M;DEPOSIT;EUR;0,0213;EURIBOR;6M;6M;;;;6M;Act360;Act360;;ModifiedFollowing;ModifiedFollowing;;2D
20.08.2025;12Y;OIS;GBP;0,0434;SONIA;1D;1Y;;;;1Y;Act360;Act360;;ModifiedFollowing;ModifiedFollowing;;2D
20.08.2025;3Mx6M;FRA;USD;0,04137;LIBOR;3M;3M;;;;3M;Act360;Act360;;ModifiedFollowing;ModifiedFollowing;;2D
20.08.2025;4Mx7M;FRA;EUR;0,01926;EURIBOR;3M;3M;;;;3M;Act360;Act360;;ModifiedFollowing;ModifiedFollowing;;2D
20.08.2025;8Mx11M;FRA;EUR;0,01874;EURIBOR;3M;3M;;;;3M;Act360;Act360;;ModifiedFollowing;ModifiedFollowing;;2D
20.08.2025;4M;OIS;GBP;0,03967;SONIA;1D;4M;;;;4M;Act360;Act360;;ModifiedFollowing;ModifiedFollowing;;2D
20.08.2025;1Mx7M;FRA;GBP;0,04183;LIBOR;3M;3M;;;;3M;Act360;Act360;;ModifiedFollowing;ModifiedFollowing;;2D
20.08.2025;5Y;OIS;EUR;0,022155;EONIA;1D;1Y;;;;1Y;Act360;Act360;;ModifiedFollowing;ModifiedFollowing;;2D
20.08.2025;9Mx21M;FRA;EUR;0,02108;EURIBOR;3M;3M;;;;3M;Act360;Act360;;ModifiedFollowing;ModifiedFollowing;;2D
20.08.2025;8Y;OIS;USD;0,03611;SOFR;1D;1Y;;;;1Y;Act360;Act360;;ModifiedFollowing;ModifiedFollowing;;2D
20.08.2025;2M;OIS;EUR;0,02001;EONIA;1D;2M;;;;2M;Act360;Act360;;ModifiedFollowing;ModifiedFollowing;;2D
20.08.2025;2Mx5M;FRA;GBP;0,04031;LIBOR;3M;3M;;;;3M;Act360;Act360;;ModifiedFollowing;ModifiedFollowing;;2D
20.08.2025;7M;OIS;USD;0,03975;SOFR;1D;7M;;;;7M;Act360;Act360;;ModifiedFollowing;ModifiedFollowing;;2D
20.08.2025;4Mx10M;FRA;EUR;0,01996;EURIBOR;3M;3M;;;;3M;Act360;Act360;;ModifiedFollowing;ModifiedFollowing;;2D
20.08.2025;1Mx4M;FRA;GBP;0,0407;LIBOR;3M;3M;;;;3M;Act360;Act360;;ModifiedFollowing;ModifiedFollowing;;2D
20.08.2025;25Y;OIS;GBP;0,04724;SONIA;1D;1Y;;;;1Y;Act360;Act360;;ModifiedFollowing;ModifiedFollowing;;2D
20.08.2025;3Mx15M;FRA;EUR;0,02086;EURIBOR;3M;3M;;;;3M;Act360;Act360;;ModifiedFollowing;ModifiedFollowing;;2D
20.08.2025;7D;OIS;GBP;0,03969;SONIA;1D;7D;;;;7D;Act360;Act360;;ModifiedFollowing;ModifiedFollowing;;2D
20.08.2025;4M;OIS;EUR;0,01992;EONIA;1D;4M;;;;4M;Act360;Act360;;ModifiedFollowing;ModifiedFollowing;;2D
20.08.2025;5Mx11M;FRA;GBP;0,04014;LIBOR;3M;3M;;;;3M;Act360;Act360;;ModifiedFollowing;ModifiedFollowing;;2D
20.08.2025;10Y;OIS;GBP;0,04205;SONIA;1D;1Y;;;;1Y;Act360;Act360;;ModifiedFollowing;ModifiedFollowing;;2D
20.08.2025;8Y;OIS;EUR;0,024555;EONIA;1D;1Y;;;;1Y;Act360;Act360;;ModifiedFollowing;ModifiedFollowing;;2D
20.08.2025;11Mx23M;FRA;EUR;0,02138;EURIBOR;3M;3M;;;;3M;Act360;Act360;;ModifiedFollowing;ModifiedFollowing;;2D
20.08.2025;1Y;OIS;USD;0,0379;SOFR;1D;1Y;;;;1Y;Act360;Act360;;ModifiedFollowing;ModifiedFollowing;;2D
20.08.2025;7M;OIS;EUR;0,01953;EONIA;1D;7M;;;;7M;Act360;Act360;;ModifiedFollowing;ModifiedFollowing;;2D
20.08.2025;3Mx9M;FRA;USD;0,04205;LIBOR;3M;3M;;;;3M;Act360;Act360;;ModifiedFollowing;ModifiedFollowing;;2D
20.08.2025;1M;DEPOSIT;GBP;0,041;LIBOR;1M;1M;;;;1M;Act360;Act360;;ModifiedFollowing;ModifiedFollowing;;2D
20.08.2025;6Mx9M;FRA;USD;0,03902;LIBOR;3M;3M;;;;3M;Act360;Act360;;ModifiedFollowing;ModifiedFollowing;;2D
20.08.2025;7M;IRS;EUR;0,01876;EURIBOR;1M;1M;;;;1Y;Act360;Act360;;ModifiedFollowing;ModifiedFollowing;;2D
20.08.2025;20Y;IRS;EUR;0,029375;EURIBOR;3M;3M;;;;1Y;Act360;Act360;;ModifiedFollowing;ModifiedFollowing;;2D
20.08.2025;7Mx19M;FRA;EUR;0,02087;EURIBOR;3M;3M;;;;3M;Act360;Act360;;ModifiedFollowing;ModifiedFollowing;;2D
20.08.2025;2M;OIS;GBP;0,03978;SONIA;1D;2M;;;;2M;Act360;Act360;;ModifiedFollowing;ModifiedFollowing;;2D
20.08.2025;1Mx7M;FRA;EUR;0,0206;EURIBOR;3M;3M;;;;3M;Act360;Act360;;ModifiedFollowing;ModifiedFollowing;;2D
20.08.2025;6Mx9M;FRA;EUR;0,01887;EURIBOR;3M;3M;;;;3M;Act360;Act360;;ModifiedFollowing;ModifiedFollowing;;2D
20.08.2025;15Y;OIS;USD;0,03965;SOFR;1D;1Y;;;;1Y;Act360;Act360;;ModifiedFollowing;ModifiedFollowing;;2D
20.08.2025;2Mx8M;FRA;GBP;0,04145;LIBOR;3M;3M;;;;3M;Act360;Act360;;ModifiedFollowing;ModifiedFollowing;;2D
20.08.2025;5Mx8M;FRA;EUR;0,01905;EURIBOR;3M;3M;;;;3M;Act360;Act360;;ModifiedFollowing;ModifiedFollowing;;2D
20.08.2025;1M;DEPOSIT;USD;0,04325;LIBOR;1M;1M;;;;1M;Act360;Act360;;ModifiedFollowing;ModifiedFollowing;;2D
20.08.2025;5M;IRS;EUR;0,01893;EURIBOR;1M;1M;;;;1Y;Act360;Act360;;ModifiedFollowing;ModifiedFollowing;;2D
20.08.2025;8M;OIS;USD;0,03937;SOFR;1D;8M;;;;8M;Act360;Act360;;ModifiedFollowing;ModifiedFollowing;;2D
20.08.2025;6M;DEPOSIT;GBP;0,0424;LIBOR;6M;6M;;;;6M;Act360;Act360;;ModifiedFollowing;ModifiedFollowing;;2D
20.08.2025;4Mx10M;FRA;USD;0,04129;LIBOR;3M;3M;;;;3M;Act360;Act360;;ModifiedFollowing;ModifiedFollowing;;2D
20.08.2025;6Mx9M;FRA;GBP;0,03858;LIBOR;3M;3M;;;;3M;Act360;Act360;;ModifiedFollowing;ModifiedFollowing;;2D
20.08.2025;3M;OIS;EUR;0,01996;EONIA;1D;3M;;;;3M;Act360;Act360;;ModifiedFollowing;ModifiedFollowing;;2D
20.08.2025;7M;OIS;GBP;0,03928;SONIA;1D;7M;;;;7M;Act360;Act360;;ModifiedFollowing;ModifiedFollowing;;2D
20.08.2025;1Y;OIS;GBP;0,03861;SONIA;1D;1Y;;;;1Y;Act360;Act360;;ModifiedFollowing;ModifiedFollowing;;2D
20.08.2025;6Y;OIS;USD;0,03479;SOFR;1D;1Y;;;;1Y;Act360;Act360;;ModifiedFollowing;ModifiedFollowing;;2D
20.08.2025;3M;OIS;GBP;0,03975;SONIA;1D;3M;;;;3M;Act360;Act360;;ModifiedFollowing;ModifiedFollowing;;2D
20.08.2025;2Y;OIS;EUR;0,0193;EONIA;1D;1Y;;;;1Y;Act360;Act360;;ModifiedFollowing;ModifiedFollowing;;2D
20.08.2025;4Y;IRS;EUR;0,021842;EURIBOR;3M;3M;;;;1Y;Act360;Act360;;ModifiedFollowing;ModifiedFollowing;;2D
20.08.2025;9M;IRS;EUR;0,01859;EURIBOR;1M;1M;;;;1Y;Act360;Act360;;ModifiedFollowing;ModifiedFollowing;;2D
20.08.2025;20Y;OIS;EUR;0,02893;EONIA;1D;1Y;;;;1Y;Act360;Act360;;ModifiedFollowing;ModifiedFollowing;;2D
20.08.2025;30Y;OIS;GBP;0,04733;SONIA;1D;1Y;;;;1Y;Act360;Act360;;ModifiedFollowing;ModifiedFollowing;;2D
20.08.2025;20Y;OIS;GBP;0,04659;SONIA;1D;1Y;;;;1Y;Act360;Act360;;ModifiedFollowing;ModifiedFollowing;;2D
20.08.2025;30Y;IRS;EUR;0,02934;EURIBOR;3M;3M;;;;1Y;Act360;Act360;;ModifiedFollowing;ModifiedFollowing;;2D
20.08.2025;2Mx8M;FRA;USD;0,04295;LIBOR;3M;3M;;;;3M;Act360;Act360;;ModifiedFollowing;ModifiedFollowing;;2D
20.08.2025;1M;OIS;USD;0,04309;SOFR;1D;1M;;;;1M;Act360;Act360;;ModifiedFollowing;ModifiedFollowing;;2D
20.08.2025;10Y;OIS;EUR;0,02589;EONIA;1D;1Y;;;;1Y;Act360;Act360;;ModifiedFollowing;ModifiedFollowing;;2D
20.08.2025;5Mx8M;FRA;USD;0,03973;LIBOR;3M;3M;;;;3M;Act360;Act360;;ModifiedFollowing;ModifiedFollowing;;2D
20.08.2025;15Y;IRS;EUR;0,02863;EURIBOR;3M;3M;;;;1Y;Act360;Act360;;ModifiedFollowing;ModifiedFollowing;;2D
20.08.2025;1M;OIS;GBP;0,03974;SONIA;1D;1M;;;;1M;Act360;Act360;;ModifiedFollowing;ModifiedFollowing;;2D
20.08.2025;15Y;OIS;GBP;0,04501;SONIA;1D;1Y;;;;1Y;Act360;Act360;;ModifiedFollowing;ModifiedFollowing;;2D
20.08.2025;6Y;OIS;GBP;0,03908;SONIA;1D;1Y;;;;1Y;Act360;Act360;;ModifiedFollowing;ModifiedFollowing;;2D
20.08.2025;6Y;IRS;EUR;0,023532;EURIBOR;3M;3M;;;;1Y;Act360;Act360;;ModifiedFollowing;ModifiedFollowing;;2D
20.08.2025;2Y;IRS;EUR;0,019931;EURIBOR;3M;3M;;;;1Y;Act360;Act360;;ModifiedFollowing;ModifiedFollowing;;2D
20.08.2025;2Mx5M;FRA;EUR;0,01995;EURIBOR;3M;3M;;;;3M;Act360;Act360;;ModifiedFollowing;ModifiedFollowing;;2D
20.08.2025;14D;OIS;USD;0,04331;SOFR;1D;14D;;;;14D;Act360;Act360;;ModifiedFollowing;ModifiedFollowing;;2D
20.08.2025;5Y;IRS;EUR;0,022725;EURIBOR;3M;3M;;;;1Y;Act360;Act360;;ModifiedFollowing;ModifiedFollowing;;2D
20.08.2025;18M;OIS;USD;0,03578;SOFR;1D;1Y;;;;1Y;Act360;Act360;;ModifiedFollowing;ModifiedFollowing;;2D
20.08.2025;3M;DEPOSIT;GBP;0,0415;LIBOR;3M;3M;;;;3M;Act360;Act360;;ModifiedFollowing;ModifiedFollowing;;2D
20.08.2025;9M;OIS;EUR;0,0193;EONIA;1D;9M;;;;9M;Act360;Act360;;ModifiedFollowing;ModifiedFollowing;;2D
20.08.2025;9Y;OIS;EUR;0,025275;EONIA;1D;1Y;;;;1Y;Act360;Act360;;ModifiedFollowing;ModifiedFollowing;;2D
20.08.2025;2Y;OIS;GBP;0,03756;SONIA;1D;1Y;;;;1Y;Act360;Act360;;ModifiedFollowing;ModifiedFollowing;;2D
20.08.2025;6M;IRS;EUR;0,01884;EURIBOR;1M;1M;;;;1Y;Act360;Act360;;ModifiedFollowing;ModifiedFollowing;;2D
20.08.2025;18M;OIS;GBP;0,03776;SONIA;1D;1Y;;;;1Y;Act360;Act360;;ModifiedFollowing;ModifiedFollowing;;2D
20.08.2025;4Mx7M;FRA;GBP;0,03941;LIBOR;3M;3M;;;;3M;Act360;Act360;;ModifiedFollowing;ModifiedFollowing;;2D
20.08.2025;1Y;IRS;EUR;0,019343;EURIBOR;3M;3M;;;;1Y;Act360;Act360;;ModifiedFollowing;ModifiedFollowing;;2D
20.08.2025;5M;OIS;EUR;0,01973;EONIA;1D;5M;;;;5M;Act360;Act360;;ModifiedFollowing;ModifiedFollowing;;2D
20.08.2025;40Y;OIS;GBP;0,04675;SONIA;1D;1Y;;;;1Y;Act360;Act360;;ModifiedFollowing;ModifiedFollowing;;2D
20.08.2025;2Mx14M;FRA;EUR;0,02097;EURIBOR;3M;3M;;;;3M;Act360;Act360;;ModifiedFollowing;ModifiedFollowing;;2D
20.08.2025;10Y;OIS;USD;0,03734;SOFR;1D;1Y;;;;1Y;Act360;Act360;;ModifiedFollowing;ModifiedFollowing;;2D
20.08.2025;9Y;IRS;EUR;0,025765;EURIBOR;3M;3M;;;;1Y;Act360;Act360;;ModifiedFollowing;ModifiedFollowing;;2D
20.08.2025;4Mx7M;FRA;USD;0,04057;LIBOR;3M;3M;;;;3M;Act360;Act360;;ModifiedFollowing;ModifiedFollowing;;2D
20.08.2025;25Y;OIS;USD;0,04064;SOFR;1D;1Y;;;;1Y;Act360;Act360;;ModifiedFollowing;ModifiedFollowing;;2D
20.08.2025;8Mx11M;FRA;GBP;0,03782;LIBOR;3M;3M;;;;3M;Act360;Act360;;ModifiedFollowing;ModifiedFollowing;;2D
19.08.2025;9Y;OIS;USD;0,03694;SOFR;1D;1Y;;;;1Y;Act360;Act360;;ModifiedFollowing;ModifiedFollowing;;2D
19.08.2025;12M;DEPOSIT;EUR;0,01985;EURIBOR;12M;1Y;;;;1Y;Act360;Act360;;ModifiedFollowing;ModifiedFollowing;;2D
19.08.2025;5M;OIS;EUR;0,01977;EONIA;1D;5M;;;;5M;Act360;Act360;;ModifiedFollowing;ModifiedFollowing;;2D
19.08.2025;8Mx20M;FRA;EUR;0,02112;EURIBOR;3M;3M;;;;3M;Act360;Act360;;ModifiedFollowing;ModifiedFollowing;;2D
19.08.2025;5Mx8M;FRA;EUR;0,01912;EURIBOR;3M;3M;;;;3M;Act360;Act360;;ModifiedFollowing;ModifiedFollowing;;2D
19.08.2025;4Mx16M;FRA;EUR;0,02092;EURIBOR;3M;3M;;;;3M;Act360;Act360;;ModifiedFollowing;ModifiedFollowing;;2D
19.08.2025;4Mx7M;FRA;USD;0,04067;LIBOR;3M;3M;;;;3M;Act360;Act360;;ModifiedFollowing;ModifiedFollowing;;2D
19.08.2025;3M;DEPOSIT;GBP;0,0414;LIBOR;3M;3M;;;;3M;Act360;Act360;;ModifiedFollowing;ModifiedFollowing;;2D
19.08.2025;30Y;OIS;GBP;0,04742;SONIA;1D;1Y;;;;1Y;Act360;Act360;;ModifiedFollowing;ModifiedFollowing;;2D
19.08.2025;6M;DEPOSIT;EUR;0,0213;EURIBOR;6M;6M;;;;6M;Act360;Act360;;ModifiedFollowing;ModifiedFollowing;;2D
19.08.2025;8M;IRS;EUR;0,01873;EURIBOR;1M;1M;;;;1Y;Act360;Act360;;ModifiedFollowing;ModifiedFollowing;;2D
19.08.2025;6Y;OIS;EUR;0,02324;EONIA;1D;1Y;;;;1Y;Act360;Act360;;ModifiedFollowing;ModifiedFollowing;;2D
19.08.2025;60Y;IRS;EUR;0,02854;EURIBOR;3M;3M;;;;1Y;Act360;Act360;;ModifiedFollowing;ModifiedFollowing;;2D
19.08.2025;7D;OIS;GBP;0,03969;SONIA;1D;7D;;;;7D;Act360;Act360;;ModifiedFollowing;ModifiedFollowing;;2D
19.08.2025;1Y;OIS;GBP;0,03861;SONIA;1D;1Y;;;;1Y;Act360;Act360;;ModifiedFollowing;ModifiedFollowing;;2D
19.08.2025;3M;OIS;GBP;0,03972;SONIA;1D;3M;;;;3M;Act360;Act360;;ModifiedFollowing;ModifiedFollowing;;2D
19.08.2025;6Mx9M;FRA;EUR;0,01895;EURIBOR;3M;3M;;;;3M;Act360;Act360;;ModifiedFollowing;ModifiedFollowing;;2D
19.08.2025;8M;OIS;EUR;0,01945;EONIA;1D;8M;;;;8M;Act360;Act360;;ModifiedFollowing;ModifiedFollowing;;2D
19.08.2025;1Y;OIS;USD;0,03807;SOFR;1D;1Y;;;;1Y;Act360;Act360;;ModifiedFollowing;ModifiedFollowing;;2D
19.08.2025;20Y;OIS;GBP;0,04664;SONIA;1D;1Y;;;;1Y;Act360;Act360;;ModifiedFollowing;ModifiedFollowing;;2D
19.08.2025;4Mx7M;FRA;GBP;0,03939;LIBOR;3M;3M;;;;3M;Act360;Act360;;ModifiedFollowing;ModifiedFollowing;;2D
19.08.2025;7M;OIS;GBP;0,03924;SONIA;1D;7M;;;;7M;Act360;Act360;;ModifiedFollowing;ModifiedFollowing;;2D
19.08.2025;10Y;OIS;USD;0,03755;SOFR;1D;1Y;;;;1Y;Act360;Act360;;ModifiedFollowing;ModifiedFollowing;;2D
19.08.2025;10Mx22M;FRA;EUR;0,0214;EURIBOR;3M;3M;;;;3M;Act360;Act360;;ModifiedFollowing;ModifiedFollowing;;2D
19.08.2025;2Mx8M;FRA;EUR;0,02042;EURIBOR;3M;3M;;;;3M;Act360;Act360;;ModifiedFollowing;ModifiedFollowing;;2D
19.08.2025;15Y;IRS;EUR;0,02888;EURIBOR;3M;3M;;;;1Y;Act360;Act360;;ModifiedFollowing;ModifiedFollowing;;2D
19.08.2025;7Mx10M;FRA;EUR;0,01885;EURIBOR;3M;3M;;;;3M;Act360;Act360;;ModifiedFollowing;ModifiedFollowing;;2D
19.08.2025;25Y;IRS;EUR;0,0297;EURIBOR;3M;3M;;;;1Y;Act360;Act360;;ModifiedFollowing;ModifiedFollowing;;2D
19.08.2025;7Y;IRS;EUR;0,02457;EURIBOR;3M;3M;;;;1Y;Act360;Act360;;ModifiedFollowing;ModifiedFollowing;;2D
19.08.2025;2Mx5M;FRA;USD;0,04258;LIBOR;3M;3M;;;;3M;Act360;Act360;;ModifiedFollowing;ModifiedFollowing;;2D
19.08.2025;12Y;OIS;USD;0,03863;SOFR;1D;1Y;;;;1Y;Act360;Act360;;ModifiedFollowing;ModifiedFollowing;;2D
19.08.2025;7Y;OIS;EUR;0,024065;EONIA;1D;1Y;;;;1Y;Act360;Act360;;ModifiedFollowing;ModifiedFollowing;;2D
19.08.2025;3Y;IRS;EUR;0,02108;EURIBOR;3M;3M;;;;1Y;Act360;Act360;;ModifiedFollowing;ModifiedFollowing;;2D
19.08.2025;9M;OIS;GBP;0,03895;SONIA;1D;9M;;;;9M;Act360;Act360;;ModifiedFollowing;ModifiedFollowing;;2D
19.08.2025;4M;OIS;USD;0,04122;SOFR;1D;4M;;;;4M;Act360;Act360;;ModifiedFollowing;ModifiedFollowing;;2D
19.08.2025;5Mx17M;FRA;EUR;0,02093;EURIBOR;3M;3M;;;;3M;Act360;Act360;;ModifiedFollowing;ModifiedFollowing;;2D
19.08.2025;3Mx6M;FRA;USD;0,04149;LIBOR;3M;3M;;;;3M;Act360;Act360;;ModifiedFollowing;ModifiedFollowing;;2D
19.08.2025;8Mx11M;FRA;EUR;0,01885;EURIBOR;3M;3M;;;;3M;Act360;Act360;;ModifiedFollowing;ModifiedFollowing;;2D
19.08.2025;2M;OIS;EUR;0,02004;EONIA;1D;2M;;;;2M;Act360;Act360;;ModifiedFollowing;ModifiedFollowing;;2D
19.08.2025;2M;OIS;GBP;0,03977;SONIA;1D;2M;;;;2M;Act360;Act360;;ModifiedFollowing;ModifiedFollowing;;2D
19.08.2025;25Y;OIS;GBP;0,04731;SONIA;1D;1Y;;;;1Y;Act360;Act360;;ModifiedFollowing;ModifiedFollowing;;2D
19.08.2025;2Mx5M;FRA;GBP;0,04023;LIBOR;3M;3M;;;;3M;Act360;Act360;;ModifiedFollowing;ModifiedFollowing;;2D
19.08.2025;8Y;OIS;EUR;0,0248;EONIA;1D;1Y;;;;1Y;Act360;Act360;;ModifiedFollowing;ModifiedFollowing;;2D
19.08.2025;2Mx8M;FRA;GBP;0,04138;LIBOR;3M;3M;;;;3M;Act360;Act360;;ModifiedFollowing;ModifiedFollowing;;2D
19.08.2025;11Mx23M;FRA;EUR;0,02156;EURIBOR;3M;3M;;;;3M;Act360;Act360;;ModifiedFollowing;ModifiedFollowing;;2D
19.08.2025;7M;IRS;EUR;0,01882;EURIBOR;1M;1M;;;;1Y;Act360;Act360;;ModifiedFollowing;ModifiedFollowing;;2D
19.08.2025;1Mx7M;FRA;EUR;0,0207;EURIBOR;3M;3M;;;;3M;Act360;Act360;;ModifiedFollowing;ModifiedFollowing;;2D
19.08.2025;15Y;OIS;USD;0,03986;SOFR;1D;1Y;;;;1Y;Act360;Act360;;ModifiedFollowing;ModifiedFollowing;;2D
19.08.2025;9M;OIS;USD;0,03911;SOFR;1D;9M;;;;9M;Act360;Act360;;ModifiedFollowing;ModifiedFollowing;;2D
19.08.2025;14D;OIS;GBP;0,03971;SONIA;1D;14D;;;;14D;Act360;Act360;;ModifiedFollowing;ModifiedFollowing;;2D
19.08.2025;6Mx9M;FRA;GBP;0,03859;LIBOR;3M;3M;;;;3M;Act360;Act360;;ModifiedFollowing;ModifiedFollowing;;2D
19.08.2025;6M;DEPOSIT;GBP;0,0422;LIBOR;6M;6M;;;;6M;Act360;Act360;;ModifiedFollowing;ModifiedFollowing;;2D
19.08.2025;12Y;IRS;EUR;0,02774;EURIBOR;3M;3M;;;;1Y;Act360;Act360;;ModifiedFollowing;ModifiedFollowing;;2D
19.08.2025;20Y;OIS;EUR;0,02915;EONIA;1D;1Y;;;;1Y;Act360;Act360;;ModifiedFollowing;ModifiedFollowing;;2D
19.08.2025;4Mx10M;FRA;USD;0,04144;LIBOR;3M;3M;;;;3M;Act360;Act360;;ModifiedFollowing;ModifiedFollowing;;2D
19.08.2025;2Mx8M;FRA;USD;0,04314;LIBOR;3M;3M;;;;3M;Act360;Act360;;ModifiedFollowing;ModifiedFollowing;;2D
19.08.2025;1M;DEPOSIT;GBP;0,0402;LIBOR;1M;1M;;;;1M;Act360;Act360;;ModifiedFollowing;ModifiedFollowing;;2D
19.08.2025;5M;IRS;EUR;0,01898;EURIBOR;1M;1M;;;;1Y;Act360;Act360;;ModifiedFollowing;ModifiedFollowing;;2D
19.08.2025;2Y;OIS;GBP;0,03757;SONIA;1D;1Y;;;;1Y;Act360;Act360;;ModifiedFollowing;ModifiedFollowing;;2D
19.08.2025;6Y;OIS;GBP;0,03904;SONIA;1D;1Y;;;;1Y;Act360;Act360;;ModifiedFollowing;ModifiedFollowing;;2D
19.08.2025;14D;OIS;USD;0,04329;SOFR;1D;14D;;;;14D;Act360;Act360;;ModifiedFollowing;ModifiedFollowing;;2D
19.08.2025;18M;OIS;USD;0,03589;SOFR;1D;1Y;;;;1Y;Act360;Act360;;ModifiedFollowing;ModifiedFollowing;;2D
19.08.2025;9M;OIS;EUR;0,01937;EONIA;1D;9M;;;;9M;Act360;Act360;;ModifiedFollowing;ModifiedFollowing;;2D
19.08.2025;2Mx14M;FRA;EUR;0,02107;EURIBOR;3M;3M;;;;3M;Act360;Act360;;ModifiedFollowing;ModifiedFollowing;;2D
19.08.2025;1Y;IRS;EUR;0,019429;EURIBOR;3M;3M;;;;1Y;Act360;Act360;;ModifiedFollowing;ModifiedFollowing;;2D
19.08.2025;10M;OIS;GBP;0,03882;SONIA;1D;1Y;;;;1Y;Act360;Act360;;ModifiedFollowing;ModifiedFollowing;;2D
19.08.2025;11Y;IRS;EUR;0,02723;EURIBOR;3M;3M;;;;1Y;Act360;Act360;;ModifiedFollowing;ModifiedFollowing;;2D
19.08.2025;3Y;OIS;GBP;0,03753;SONIA;1D;1Y;;;;1Y;Act360;Act360;;ModifiedFollowing;ModifiedFollowing;;2D
19.08.2025;3Mx6M;FRA;GBP;0,03984;LIBOR;3M;3M;;;;3M;Act360;Act360;;ModifiedFollowing;ModifiedFollowing;;2D
19.08.2025;5Y;IRS;EUR;0,02296;EURIBOR;3M;3M;;;;1Y;Act360;Act360;;ModifiedFollowing;ModifiedFollowing;;2D
19.08.2025;6M;OIS;GBP;0,03937;SONIA;1D;6M;;;;6M;Act360;Act360;;ModifiedFollowing;ModifiedFollowing;;2D
19.08.2025;8M;OIS;GBP;0,03909;SONIA;1D;8M;;;;8M;Act360;Act360;;ModifiedFollowing;ModifiedFollowing;;2D
19.08.2025;1M;OIS;EUR;0,02009;EONIA;1D;1M;;;;1M;Act360;Act360;;ModifiedFollowing;ModifiedFollowing;;2D
19.08.2025;3M;OIS;EUR;0,01999;EONIA;1D;3M;;;;3M;Act360;Act360;;ModifiedFollowing;ModifiedFollowing;;2D
19.08.2025;1Mx7M;FRA;USD;0,04401;LIBOR;3M;3M;;;;3M;Act360;Act360;;ModifiedFollowing;ModifiedFollowing;;2D
19.08.2025;3Mx9M;FRA;GBP;0,04099;LIBOR;3M;3M;;;;3M;Act360;Act360;;ModifiedFollowing;ModifiedFollowing;;2D
19.08.2025;5Mx11M;FRA;USD;0,04064;LIBOR;3M;3M;;;;3M;Act360;Act360;;ModifiedFollowing;ModifiedFollowing;;2D
19.08.2025;12M;DEPOSIT;GBP;0,0425;LIBOR;12M;1Y;;;;1Y;Act360;Act360;;ModifiedFollowing;ModifiedFollowing;;2D
19.08.2025;2Y;OIS;USD;0,034788;SOFR;1D;1Y;;;;1Y;Act360;Act360;;ModifiedFollowing;ModifiedFollowing;;2D
19.08.2025;6M;DEPOSIT;USD;0,04255;LIBOR;6M;6M;;;;6M;Act360;Act360;;ModifiedFollowing;ModifiedFollowing;;2D
19.08.2025;10M;OIS;EUR;0,01929;EONIA;1D;1Y;;;;1Y;Act360;Act360;;ModifiedFollowing;ModifiedFollowing;;2D
19.08.2025;3M;DEPOSIT;EUR;0,0218;EURIBOR;3M;3M;;;;3M;Act360;Act360;;ModifiedFollowing;ModifiedFollowing;;2D
19.08.2025;7Y;OIS;GBP;0,03978;SONIA;1D;1Y;;;;1Y;Act360;Act360;;ModifiedFollowing;ModifiedFollowing;;2D
19.08.2025;7D;OIS;USD;0,04327;SOFR;1D;7D;;;;7D;Act360;Act360;;ModifiedFollowing;ModifiedFollowing;;2D
19.08.2025;2M;OIS;USD;0,0423;SOFR;1D;2M;;;;2M;Act360;Act360;;ModifiedFollowing;ModifiedFollowing;;2D
19.08.2025;14D;OIS;EUR;0,0201;EONIA;1D;14D;;;;14D;Act360;Act360;;ModifiedFollowing;ModifiedFollowing;;2D
19.08.2025;30Y;OIS;USD;0,04044;SOFR;1D;1Y;;;;1Y;Act360;Act360;;ModifiedFollowing;ModifiedFollowing;;2D
19.08.2025;7Mx10M;FRA;GBP;0,03819;LIBOR;3M;3M;;;;3M;Act360;Act360;;ModifiedFollowing;ModifiedFollowing;;2D
19.08.2025;30Y;OIS;EUR;0,02924;EONIA;1D;1Y;;;;1Y;Act360;Act360;;ModifiedFollowing;ModifiedFollowing;;2D
19.08.2025;6M;OIS;USD;0,04019;SOFR;1D;6M;;;;6M;Act360;Act360;;ModifiedFollowing;ModifiedFollowing;;2D
19.08.2025;4M;IRS;EUR;0,0191;EURIBOR;1M;1M;;;;1Y;Act360;Act360;;ModifiedFollowing;ModifiedFollowing;;2D
19.08.2025;3Y;OIS;USD;0,03395;SOFR;1D;1Y;;;;1Y;Act360;Act360;;ModifiedFollowing;ModifiedFollowing;;2D
19.08.2025;1Mx13M;FRA;EUR;0,02117;EURIBOR;3M;3M;;;;3M;Act360;Act360;;ModifiedFollowing;ModifiedFollowing;;2D
19.08.2025;11M;OIS;EUR;0,01924;EONIA;1D;1Y;;;;1Y;Act360;Act360;;ModifiedFollowing;ModifiedFollowing;;2D
19.08.2025;50Y;OIS;GBP;0,04591;SONIA;1D;1Y;;;;1Y;Act360;Act360;;ModifiedFollowing;ModifiedFollowing;;2D
19.08.2025;6Mx18M;FRA;EUR;0,02094;EURIBOR;3M;3M;;;;3M;Act360;Act360;;ModifiedFollowing;ModifiedFollowing;;2D
19.08.2025;2M;IRS;EUR;0,01912;EURIBOR;1M;1M;;;;1Y;Act360;Act360;;ModifiedFollowing;ModifiedFollowing;;2D
19.08.2025;8Mx11M;FRA;USD;0,03786;LIBOR;3M;3M;;;;3M;Act360;Act360;;ModifiedFollowing;ModifiedFollowing;;2D
19.08.2025;50Y;IRS;EUR;0,02903;EURIBOR;3M;3M;;;;1Y;Act360;Act360;;ModifiedFollowing;ModifiedFollowing;;2D
19.08.2025;8Y;OIS;GBP;0,04054;SONIA;1D;1Y;;;;1Y;Act360;Act360;;ModifiedFollowing;ModifiedFollowing;;2D
19.08.2025;35Y;OIS;USD;0,03983;SOFR;1D;1Y;;;;1Y;Act360;Act360;;ModifiedFollowing;ModifiedFollowing;;2D
19.08.2025;7D;OIS;EUR;0,019245;EONIA;1D;7D;;;;7D;Act360;Act360;;ModifiedFollowing;ModifiedFollowing;;2D
19.08.2025;50Y;OIS;USD;0,03793;SOFR;1D;1Y;;;;1Y;Act360;Act360;;ModifiedFollowing;ModifiedFollowing;;2D
19.08.2025;10Y;IRS;EUR;0,02667;EURIBOR;3M;3M;;;;1Y;Act360;Act360;;ModifiedFollowing;ModifiedFollowing;;2D
19.08.2025;10M;OIS;USD;0,03877;SOFR;1D;1Y;;;;1Y;Act360;Act360;;ModifiedFollowing;ModifiedFollowing;;2D
19.08.2025;5Mx8M;FRA;GBP;0,039;LIBOR;3M;3M;;;;3M;Act360;Act360;;ModifiedFollowing;ModifiedFollowing;;2D
19.08.2025;5M;OIS;GBP;0,03951;SONIA;1D;5M;;;;5M;Act360;Act360;;ModifiedFollowing;ModifiedFollowing;;2D
19.08.2025;15Y;OIS;EUR;0,02836;EONIA;1D;1Y;;;;1Y;Act360;Act360;;ModifiedFollowing;ModifiedFollowing;;2D
19.08.2025;40Y;IRS;EUR;0,02941;EURIBOR;3M;3M;;;;1Y;Act360;Act360;;ModifiedFollowing;ModifiedFollowing;;2D
19.08.2025;1Y;OIS;EUR;0,01919;EONIA;1D;1Y;;;;1Y;Act360;Act360;;ModifiedFollowing;ModifiedFollowing;;2D
19.08.2025;40Y;OIS;USD;0,0392;SOFR;1D;1Y;;;;1Y;Act360;Act360;;ModifiedFollowing;ModifiedFollowing;;2D
19.08.2025;4Y;OIS;USD;0,034;SOFR;1D;1Y;;;;1Y;Act360;Act360;;ModifiedFollowing;ModifiedFollowing;;2D
19.08.2025;11M;OIS;GBP;0,03871;SONIA;1D;1Y;;;;1Y;Act360;Act360;;ModifiedFollowing;ModifiedFollowing;;2D
19.08.2025;4Y;OIS;GBP;0,03785;SONIA;1D;1Y;;;;1Y;Act360;Act360;;ModifiedFollowing;ModifiedFollowing;;2D
19.08.2025;4Mx10M;FRA;GBP;0,04059;LIBOR;3M;3M;;;;3M;Act360;Act360;;ModifiedFollowing;ModifiedFollowing;;2D
19.08.2025;5Mx11M;FRA;EUR;0,01995;EURIBOR;3M;3M;;;;3M;Act360;Act360;;ModifiedFollowing;ModifiedFollowing;;2D
19.08.2025;7Mx10M;FRA;USD;0,03849;LIBOR;3M;3M;;;;3M;Act360;Act360;;ModifiedFollowing;ModifiedFollowing;;2D
19.08.2025;25Y;OIS;USD;0,04085;SOFR;1D;1Y;;;;1Y;Act360;Act360;;ModifiedFollowing;ModifiedFollowing;;2D
19.08.2025;11M;OIS;USD;0,03843;SOFR;1D;1Y;;;;1Y;Act360;Act360;;ModifiedFollowing;ModifiedFollowing;;2D
19.08.2025;11M;IRS;EUR;0,01856;EURIBOR;1M;1M;;;;1Y;Act360;Act360;;ModifiedFollowing;ModifiedFollowing;;2D
19.08.2025;9Y;IRS;EUR;0,02602;EURIBOR;3M;3M;;;;1Y;Act360;Act360;;ModifiedFollowing;ModifiedFollowing;;2D
19.08.2025;18M;OIS;EUR;0,01911;EONIA;1D;1Y;;;;1Y;Act360;Act360;;ModifiedFollowing;ModifiedFollowing;;2D
19.08.2025;5Y;OIS;USD;0,03438;SOFR;1D;1Y;;;;1Y;Act360;Act360;;ModifiedFollowing;ModifiedFollowing;;2D
19.08.2025;9Y;OIS;GBP;0,04132;SONIA;1D;1Y;;;;1Y;Act360;Act360;;ModifiedFollowing;ModifiedFollowing;;2D
19.08.2025;1Mx4M;FRA;USD;0,04361;LIBOR;3M;3M;;;;3M;Act360;Act360;;ModifiedFollowing;ModifiedFollowing;;2D
19.08.2025;3M;DEPOSIT;USD;0,0438;LIBOR;3M;3M;;;;3M;Act360;Act360;;ModifiedFollowing;ModifiedFollowing;;2D
19.08.2025;1M;DEPOSIT;EUR;0,0195;EURIBOR;1M;1M;;;;1M;Act360;Act360;;ModifiedFollowing;ModifiedFollowing;;2D
19.08.2025;1M;OIS;USD;0,04308;SOFR;1D;1M;;;;1M;Act360;Act360;;ModifiedFollowing;ModifiedFollowing;;2D
19.08.2025;3M;OIS;USD;0,04174;SOFR;1D;3M;;;;3M;Act360;Act360;;ModifiedFollowing;ModifiedFollowing;;2D
19.08.2025;8Mx11M;FRA;GBP;0,03787;LIBOR;3M;3M;;;;3M;Act360;Act360;;ModifiedFollowing;ModifiedFollowing;;2D
19.08.2025;18M;OIS;GBP;0,03778;SONIA;1D;1Y;;;;1Y;Act360;Act360;;ModifiedFollowing;ModifiedFollowing;;2D
19.08.2025;2Y;IRS;EUR;0,020073;EURIBOR;3M;3M;;;;1Y;Act360;Act360;;ModifiedFollowing;ModifiedFollowing;;2D
19.08.2025;10Y;OIS;EUR;0,0262;EONIA;1D;1Y;;;;1Y;Act360;Act360;;ModifiedFollowing;ModifiedFollowing;;2D
19.08.2025;8M;OIS;USD;0,03948;SOFR;1D;8M;;;;8M;Act360;Act360;;ModifiedFollowing;ModifiedFollowing;;2D
19.08.2025;6M;IRS;EUR;0,01889;EURIBOR;1M;1M;;;;1Y;Act360;Act360;;ModifiedFollowing;ModifiedFollowing;;2D
19.08.2025;2Y;OIS;EUR;0,01943;EONIA;1D;1Y;;;;1Y;Act360;Act360;;ModifiedFollowing;ModifiedFollowing;;2D
19.08.2025;6Y;OIS;USD;0,03498;SOFR;1D;1Y;;;;1Y;Act360;Act360;;ModifiedFollowing;ModifiedFollowing;;2D
19.08.2025;6M;OIS;EUR;0,01965;EONIA;1D;6M;;;;6M;Act360;Act360;;ModifiedFollowing;ModifiedFollowing;;2D
19.08.2025;5Y;OIS;GBP;0,0384;SONIA;1D;1Y;;;;1Y;Act360;Act360;;ModifiedFollowing;ModifiedFollowing;;2D
19.08.2025;1M;OIS;GBP;0,03974;SONIA;1D;1M;;;;1M;Act360;Act360;;ModifiedFollowing;ModifiedFollowing;;2D
19.08.2025;6Mx9M;FRA;USD;0,03918;LIBOR;3M;3M;;;;3M;Act360;Act360;;ModifiedFollowing;ModifiedFollowing;;2D
19.08.2025;7Mx19M;FRA;EUR;0,02102;EURIBOR;3M;3M;;;;3M;Act360;Act360;;ModifiedFollowing;ModifiedFollowing;;2D
19.08.2025;10Y;OIS;GBP;0,04207;SONIA;1D;1Y;;;;1Y;Act360;Act360;;ModifiedFollowing;ModifiedFollowing;;2D
19.08.2025;4Mx10M;FRA;EUR;0,02003;EURIBOR;3M;3M;;;;3M;Act360;Act360;;ModifiedFollowing;ModifiedFollowing;;2D
19.08.2025;4M;OIS;GBP;0,03963;SONIA;1D;4M;;;;4M;Act360;Act360;;ModifiedFollowing;ModifiedFollowing;;2D
19.08.2025;1Mx4M;FRA;GBP;0,04066;LIBOR;3M;3M;;;;3M;Act360;Act360;;ModifiedFollowing;ModifiedFollowing;;2D
19.08.2025;12Y;OIS;GBP;0,04344;SONIA;1D;1Y;;;;1Y;Act360;Act360;;ModifiedFollowing;ModifiedFollowing;;2D
19.08.2025;10M;IRS;EUR;0,0186;EURIBOR;1M;1M;;;;1Y;Act360;Act360;;ModifiedFollowing;ModifiedFollowing;;2D
19.08.2025;7Y;OIS;USD;0,03564;SOFR;1D;1Y;;;;1Y;Act360;Act360;;ModifiedFollowing;ModifiedFollowing;;2D
19.08.2025;1Mx4M;FRA;EUR;0,02005;EURIBOR;3M;3M;;;;3M;Act360;Act360;;ModifiedFollowing;ModifiedFollowing;;2D
19.08.2025;12M;DEPOSIT;USD;0,04185;LIBOR;12M;1Y;;;;1Y;Act360;Act360;;ModifiedFollowing;ModifiedFollowing;;2D
19.08.2025;3Y;OIS;EUR;0,02043;EONIA;1D;1Y;;;;1Y;Act360;Act360;;ModifiedFollowing;ModifiedFollowing;;2D
19.08.2025;8Y;IRS;EUR;0,02532;EURIBOR;3M;3M;;;;1Y;Act360;Act360;;ModifiedFollowing;ModifiedFollowing;;2D
19.08.2025;5M;OIS;USD;0,0407;SOFR;1D;5M;;;;5M;Act360;Act360;;ModifiedFollowing;ModifiedFollowing;;2D
19.08.2025;3Mx15M;FRA;EUR;0,02097;EURIBOR;3M;3M;;;;3M;Act360;Act360;;ModifiedFollowing;ModifiedFollowing;;2D
19.08.2025;40Y;OIS;GBP;0,04686;SONIA;1D;1Y;;;;1Y;Act360;Act360;;ModifiedFollowing;ModifiedFollowing;;2D
19.08.2025;2Mx5M;FRA;EUR;0,01985;EURIBOR;3M;3M;;;;3M;Act360;Act360;;ModifiedFollowing;ModifiedFollowing;;2D
19.08.2025;4Y;IRS;EUR;0,02208;EURIBOR;3M;3M;;;;1Y;Act360;Act360;;ModifiedFollowing;ModifiedFollowing;;2D
19.08.2025;5Mx8M;FRA;USD;0,03986;LIBOR;3M;3M;;;;3M;Act360;Act360;;ModifiedFollowing;ModifiedFollowing;;2D
19.08.2025;6Y;IRS;EUR;0,02377;EURIBOR;3M;3M;;;;1Y;Act360;Act360;;ModifiedFollowing;ModifiedFollowing;;2D
19.08.2025;1M;DEPOSIT;USD;0,04325;LIBOR;1M;1M;;;;1M;Act360;Act360;;ModifiedFollowing;ModifiedFollowing;;2D
19.08.2025;9M;IRS;EUR;0,01865;EURIBOR;1M;1M;;;;1Y;Act360;Act360;;ModifiedFollowing;ModifiedFollowing;;2D
19.08.2025;7M;OIS;EUR;0,01956;EONIA;1D;7M;;;;7M;Act360;Act360;;ModifiedFollowing;ModifiedFollowing;;2D
19.08.2025;5Mx11M;FRA;GBP;0,04016;LIBOR;3M;3M;;;;3M;Act360;Act360;;ModifiedFollowing;ModifiedFollowing;;2D
19.08.2025;20Y;IRS;EUR;0,02964;EURIBOR;3M;3M;;;;1Y;Act360;Act360;;ModifiedFollowing;ModifiedFollowing;;2D
19.08.2025;30Y;IRS;EUR;0,02964;EURIBOR;3M;3M;;;;1Y;Act360;Act360;;ModifiedFollowing;ModifiedFollowing;;2D
19.08.2025;3Mx6M;FRA;EUR;0,01955;EURIBOR;3M;3M;;;;3M;Act360;Act360;;ModifiedFollowing;ModifiedFollowing;;2D
19.08.2025;9Mx21M;FRA;EUR;0,02125;EURIBOR;3M;3M;;;;3M;Act360;Act360;;ModifiedFollowing;ModifiedFollowing;;2D
19.08.2025;8Y;OIS;USD;0,0363;SOFR;1D;1Y;;;;1Y;Act360;Act360;;ModifiedFollowing;ModifiedFollowing;;2D
19.08.2025;3M;IRS;EUR;0,01911;EURIBOR;1M;1M;;;;1Y;Act360;Act360;;ModifiedFollowing;ModifiedFollowing;;2D
19.08.2025;3Mx9M;FRA;EUR;0,0202;EURIBOR;3M;3M;;;;3M;Act360;Act360;;ModifiedFollowing;ModifiedFollowing;;2D
19.08.2025;4Y;OIS;EUR;0,021485;EONIA;1D;1Y;;;;1Y;Act360;Act360;;ModifiedFollowing;ModifiedFollowing;;2D
19.08.2025;4M;OIS;EUR;0,01993;EONIA;1D;4M;;;;4M;Act360;Act360;;ModifiedFollowing;ModifiedFollowing;;2D
19.08.2025;9Y;OIS;EUR;0,025545;EONIA;1D;1Y;;;;1Y;Act360;Act360;;ModifiedFollowing;ModifiedFollowing;;2D
19.08.2025;15Y;OIS;GBP;0,04506;SONIA;1D;1Y;;;;1Y;Act360;Act360;;ModifiedFollowing;ModifiedFollowing;;2D
19.08.2025;3Mx9M;FRA;USD;0,0422;LIBOR;3M;3M;;;;3M;Act360;Act360;;ModifiedFollowing;ModifiedFollowing;;2D
19.08.2025;1Mx7M;FRA;GBP;0,04181;LIBOR;3M;3M;;;;3M;Act360;Act360;;ModifiedFollowing;ModifiedFollowing;;2D
19.08.2025;7M;OIS;USD;0,03984;SOFR;1D;7M;;;;7M;Act360;Act360;;ModifiedFollowing;ModifiedFollowing;;2D
19.08.2025;4Mx7M;FRA;EUR;0,0193;EURIBOR;3M;3M;;;;3M;Act360;Act360;;ModifiedFollowing;ModifiedFollowing;;2D
19.08.2025;20Y;OIS;USD;0,04085;SOFR;1D;1Y;;;;1Y;Act360;Act360;;ModifiedFollowing;ModifiedFollowing;;2D
19.08.2025;5Y;OIS;EUR;0,022415;EONIA;1D;1Y;;;;1Y;Act360;Act360;;ModifiedFollowing;ModifiedFollowing;;2D
18.08.2025;9M;OIS;USD;0,03895;SOFR;1D;9M;;;;9M;Act360;Act360;;ModifiedFollowing;ModifiedFollowing;;2D
18.08.2025;18M;OIS;GBP;0,03731;SONIA;1D;1Y;;;;1Y;Act360;Act360;;ModifiedFollowing;ModifiedFollowing;;2D
18.08.2025;7D;OIS;GBP;0,03971;SONIA;1D;7D;;;;7D;Act360;Act360;;ModifiedFollowing;ModifiedFollowing;;2D
18.08.2025;5Mx8M;FRA;EUR;0,01913;EURIBOR;3M;3M;;;;3M;Act360;Act360;;ModifiedFollowing;ModifiedFollowing;;2D
18.08.2025;18M;OIS;EUR;0,01907;EONIA;1D;1Y;;;;1Y;Act360;Act360;;ModifiedFollowing;ModifiedFollowing;;2D
18.08.2025;9Y;OIS;USD;0,03649;SOFR;1D;1Y;;;;1Y;Act360;Act360;;ModifiedFollowing;ModifiedFollowing;;2D
18.08.2025;1Y;IRS;EUR;0,019769;EURIBOR;3M;3M;;;;1Y;Act360;Act360;;ModifiedFollowing;ModifiedFollowing;;2D
18.08.2025;8Mx11M;FRA;GBP;0,03727;LIBOR;3M;3M;;;;3M;Act360;Act360;;ModifiedFollowing;ModifiedFollowing;;2D
18.08.2025;2Mx14M;FRA;EUR;0,02107;EURIBOR;3M;3M;;;;3M;Act360;Act360;;ModifiedFollowing;ModifiedFollowing;;2D
18.08.2025;18M;OIS;USD;0,03562;SOFR;1D;1Y;;;;1Y;Act360;Act360;;ModifiedFollowing;ModifiedFollowing;;2D
18.08.2025;8M;OIS;EUR;0,01945;EONIA;1D;8M;;;;8M;Act360;Act360;;ModifiedFollowing;ModifiedFollowing;;2D
18.08.2025;14D;OIS;USD;0,04329;SOFR;1D;14D;;;;14D;Act360;Act360;;ModifiedFollowing;ModifiedFollowing;;2D
18.08.2025;6Y;OIS;GBP;0,03835;SONIA;1D;1Y;;;;1Y;Act360;Act360;;ModifiedFollowing;ModifiedFollowing;;2D
18.08.2025;10M;OIS;GBP;0,03857;SONIA;1D;1Y;;;;1Y;Act360;Act360;;ModifiedFollowing;ModifiedFollowing;;2D
18.08.2025;6Mx9M;FRA;EUR;0,01894;EURIBOR;3M;3M;;;;3M;Act360;Act360;;ModifiedFollowing;ModifiedFollowing;;2D
18.08.2025;10Y;OIS;EUR;0,0259;EONIA;1D;1Y;;;;1Y;Act360;Act360;;ModifiedFollowing;ModifiedFollowing;;2D
18.08.2025;2M;OIS;EUR;0,02004;EONIA;1D;2M;;;;2M;Act360;Act360;;ModifiedFollowing;ModifiedFollowing;;2D
18.08.2025;2Y;OIS;GBP;0,03702;SONIA;1D;1Y;;;;1Y;Act360;Act360;;ModifiedFollowing;ModifiedFollowing;;2D
18.08.2025;6Y;OIS;EUR;0,023075;EONIA;1D;1Y;;;;1Y;Act360;Act360;;ModifiedFollowing;ModifiedFollowing;;2D
18.08.2025;4M;OIS;USD;0,04115;SOFR;1D;4M;;;;4M;Act360;Act360;;ModifiedFollowing;ModifiedFollowing;;2D
18.08.2025;8M;OIS;USD;0,03933;SOFR;1D;8M;;;;8M;Act360;Act360;;ModifiedFollowing;ModifiedFollowing;;2D
18.08.2025;5M;OIS;EUR;0,01977;EONIA;1D;5M;;;;5M;Act360;Act360;;ModifiedFollowing;ModifiedFollowing;;2D
18.08.2025;5M;IRS;EUR;0,01893;EURIBOR;1M;1M;;;;1Y;Act360;Act360;;ModifiedFollowing;ModifiedFollowing;;2D
18.08.2025;2Mx8M;FRA;USD;0,04295;LIBOR;3M;3M;;;;3M;Act360;Act360;;ModifiedFollowing;ModifiedFollowing;;2D
18.08.2025;1Mx7M;FRA;GBP;0,04164;LIBOR;3M;3M;;;;3M;Act360;Act360;;ModifiedFollowing;ModifiedFollowing;;2D
18.08.2025;6M;OIS;EUR;0,01964;EONIA;1D;6M;;;;6M;Act360;Act360;;ModifiedFollowing;ModifiedFollowing;;2D
18.08.2025;20Y;OIS;EUR;0,02877;EONIA;1D;1Y;;;;1Y;Act360;Act360;;ModifiedFollowing;ModifiedFollowing;;2D
18.08.2025;1Y;OIS;GBP;0,03828;SONIA;1D;1Y;;;;1Y;Act360;Act360;;ModifiedFollowing;ModifiedFollowing;;2D
18.08.2025;6M;DEPOSIT;GBP;0,0421;LIBOR;6M;6M;;;;6M;Act360;Act360;;ModifiedFollowing;ModifiedFollowing;;2D
18.08.2025;60Y;IRS;EUR;0,02802;EURIBOR;3M;3M;;;;1Y;Act360;Act360;;ModifiedFollowing;ModifiedFollowing;;2D
18.08.2025;2Y;OIS;EUR;0,01938;EONIA;1D;1Y;;;;1Y;Act360;Act360;;ModifiedFollowing;ModifiedFollowing;;2D
18.08.2025;3M;OIS;GBP;0,03972;SONIA;1D;3M;;;;3M;Act360;Act360;;ModifiedFollowing;ModifiedFollowing;;2D
18.08.2025;11M;OIS;USD;0,03823;SOFR;1D;1Y;;;;1Y;Act360;Act360;;ModifiedFollowing;ModifiedFollowing;;2D
18.08.2025;6Mx9M;FRA;GBP;0,03817;LIBOR;3M;3M;;;;3M;Act360;Act360;;ModifiedFollowing;ModifiedFollowing;;2D
18.08.2025;6Y;OIS;USD;0,03458;SOFR;1D;1Y;;;;1Y;Act360;Act360;;ModifiedFollowing;ModifiedFollowing;;2D
18.08.2025;5Y;OIS;GBP;0,03773;SONIA;1D;1Y;;;;1Y;Act360;Act360;;ModifiedFollowing;ModifiedFollowing;;2D
18.08.2025;12M;DEPOSIT;EUR;0,02025;EURIBOR;12M;1Y;;;;1Y;Act360;Act360;;ModifiedFollowing;ModifiedFollowing;;2D
18.08.2025;11Mx23M;FRA;EUR;0,02146;EURIBOR;3M;3M;;;;3M;Act360;Act360;;ModifiedFollowing;ModifiedFollowing;;2D
18.08.2025;20Y;IRS;EUR;0,02927;EURIBOR;3M;3M;;;;1Y;Act360;Act360;;ModifiedFollowing;ModifiedFollowing;;2D
18.08.2025;1Mx7M;FRA;EUR;0,02061;EURIBOR;3M;3M;;;;3M;Act360;Act360;;ModifiedFollowing;ModifiedFollowing;;2D
18.08.2025;30Y;IRS;EUR;0,029184;EURIBOR;3M;3M;;;;1Y;Act360;Act360;;ModifiedFollowing;ModifiedFollowing;;2D
18.08.2025;15Y;OIS;USD;0,03936;SOFR;1D;1Y;;;;1Y;Act360;Act360;;ModifiedFollowing;ModifiedFollowing;;2D
18.08.2025;15Y;IRS;EUR;0,028559;EURIBOR;3M;3M;;;;1Y;Act360;Act360;;ModifiedFollowing;ModifiedFollowing;;2D
18.08.2025;6Mx9M;FRA;USD;0,03892;LIBOR;3M;3M;;;;3M;Act360;Act360;;ModifiedFollowing;ModifiedFollowing;;2D
18.08.2025;8M;IRS;EUR;0,01869;EURIBOR;1M;1M;;;;1Y;Act360;Act360;;ModifiedFollowing;ModifiedFollowing;;2D
18.08.2025;7M;IRS;EUR;0,01878;EURIBOR;1M;1M;;;;1Y;Act360;Act360;;ModifiedFollowing;ModifiedFollowing;;2D
18.08.2025;1M;OIS;GBP;0,03976;SONIA;1D;1M;;;;1M;Act360;Act360;;ModifiedFollowing;ModifiedFollowing;;2D
18.08.2025;3Mx6M;FRA;EUR;0,01954;EURIBOR;3M;3M;;;;3M;Act360;Act360;;ModifiedFollowing;ModifiedFollowing;;2D
18.08.2025;7Mx19M;FRA;EUR;0,02096;EURIBOR;3M;3M;;;;3M;Act360;Act360;;ModifiedFollowing;ModifiedFollowing;;2D
18.08.2025;4Mx10M;FRA;EUR;0,02003;EURIBOR;3M;3M;;;;3M;Act360;Act360;;ModifiedFollowing;ModifiedFollowing;;2D
18.08.2025;2Mx5M;FRA;GBP;0,04015;LIBOR;3M;3M;;;;3M;Act360;Act360;;ModifiedFollowing;ModifiedFollowing;;2D
18.08.2025;9Mx21M;FRA;EUR;0,02116;EURIBOR;3M;3M;;;;3M;Act360;Act360;;ModifiedFollowing;ModifiedFollowing;;2D
18.08.2025;4Y;IRS;EUR;0,021951;EURIBOR;3M;3M;;;;1Y;Act360;Act360;;ModifiedFollowing;ModifiedFollowing;;2D
18.08.2025;3M;OIS;EUR;0,01998;EONIA;1D;3M;;;;3M;Act360;Act360;;ModifiedFollowing;ModifiedFollowing;;2D
18.08.2025;10Y;OIS;GBP;0,04129;SONIA;1D;1Y;;;;1Y;Act360;Act360;;ModifiedFollowing;ModifiedFollowing;;2D
18.08.2025;3Mx9M;FRA;EUR;0,02019;EURIBOR;3M;3M;;;;3M;Act360;Act360;;ModifiedFollowing;ModifiedFollowing;;2D
18.08.2025;4Mx16M;FRA;EUR;0,02089;EURIBOR;3M;3M;;;;3M;Act360;Act360;;ModifiedFollowing;ModifiedFollowing;;2D
18.08.2025;25Y;OIS;GBP;0,04647;SONIA;1D;1Y;;;;1Y;Act360;Act360;;ModifiedFollowing;ModifiedFollowing;;2D
18.08.2025;4M;OIS;GBP;0,0396;SONIA;1D;4M;;;;4M;Act360;Act360;;ModifiedFollowing;ModifiedFollowing;;2D
18.08.2025;8Y;OIS;EUR;0,024595;EONIA;1D;1Y;;;;1Y;Act360;Act360;;ModifiedFollowing;ModifiedFollowing;;2D
18.08.2025;12M;DEPOSIT;USD;0,04165;LIBOR;12M;1Y;;;;1Y;Act360;Act360;;ModifiedFollowing;ModifiedFollowing;;2D
18.08.2025;3M;IRS;EUR;0,01904;EURIBOR;1M;1M;;;;1Y;Act360;Act360;;ModifiedFollowing;ModifiedFollowing;;2D
18.08.2025;10M;IRS;EUR;0,01856;EURIBOR;1M;1M;;;;1Y;Act360;Act360;;ModifiedFollowing;ModifiedFollowing;;2D
18.08.2025;2Mx8M;FRA;GBP;0,04111;LIBOR;3M;3M;;;;3M;Act360;Act360;;ModifiedFollowing;ModifiedFollowing;;2D
18.08.2025;5Mx17M;FRA;EUR;0,02089;EURIBOR;3M;3M;;;;3M;Act360;Act360;;ModifiedFollowing;ModifiedFollowing;;2D
18.08.2025;8Mx11M;FRA;EUR;0,01879;EURIBOR;3M;3M;;;;3M;Act360;Act360;;ModifiedFollowing;ModifiedFollowing;;2D
18.08.2025;1Y;OIS;USD;0,03786;SOFR;1D;1Y;;;;1Y;Act360;Act360;;ModifiedFollowing;ModifiedFollowing;;2D
18.08.2025;9M;OIS;GBP;0,03873;SONIA;1D;9M;;;;9M;Act360;Act360;;ModifiedFollowing;ModifiedFollowing;;2D
18.08.2025;8Y;OIS;USD;0,03588;SOFR;1D;1Y;;;;1Y;Act360;Act360;;ModifiedFollowing;ModifiedFollowing;;2D
18.08.2025;12Y;OIS;GBP;0,04264;SONIA;1D;1Y;;;;1Y;Act360;Act360;;ModifiedFollowing;ModifiedFollowing;;2D
18.08.2025;1Mx4M;FRA;GBP;0,04062;LIBOR;3M;3M;;;;3M;Act360;Act360;;ModifiedFollowing;ModifiedFollowing;;2D
18.08.2025;8Mx20M;FRA;EUR;0,02105;EURIBOR;3M;3M;;;;3M;Act360;Act360;;ModifiedFollowing;ModifiedFollowing;;2D
18.08.2025;3Mx6M;FRA;USD;0,0413;LIBOR;3M;3M;;;;3M;Act360;Act360;;ModifiedFollowing;ModifiedFollowing;;2D
18.08.2025;30Y;OIS;GBP;0,04656;SONIA;1D;1Y;;;;1Y;Act360;Act360;;ModifiedFollowing;ModifiedFollowing;;2D
18.08.2025;7M;OIS;USD;0,03975;SOFR;1D;7M;;;;7M;Act360;Act360;;ModifiedFollowing;ModifiedFollowing;;2D
18.08.2025;6M;DEPOSIT;EUR;0,0188;EURIBOR;6M;6M;;;;6M;Act360;Act360;;ModifiedFollowing;ModifiedFollowing;;2D
18.08.2025;5M;OIS;USD;0,04062;SOFR;1D;5M;;;;5M;Act360;Act360;;ModifiedFollowing;ModifiedFollowing;;2D
18.08.2025;1Mx4M;FRA;EUR;0,02003;EURIBOR;3M;3M;;;;3M;Act360;Act360;;ModifiedFollowing;ModifiedFollowing;;2D
18.08.2025;3Y;IRS;EUR;0,020987;EURIBOR;3M;3M;;;;1Y;Act360;Act360;;ModifiedFollowing;ModifiedFollowing;;2D
18.08.2025;4Y;OIS;EUR;0,021355;EONIA;1D;1Y;;;;1Y;Act360;Act360;;ModifiedFollowing;ModifiedFollowing;;2D
18.08.2025;7Y;OIS;USD;0,03522;SOFR;1D;1Y;;;;1Y;Act360;Act360;;ModifiedFollowing;ModifiedFollowing;;2D
18.08.2025;2Y;IRS;EUR;0,020002;EURIBOR;3M;3M;;;;1Y;Act360;Act360;;ModifiedFollowing;ModifiedFollowing;;2D
18.08.2025;4Mx7M;FRA;EUR;0,01929;EURIBOR;3M;3M;;;;3M;Act360;Act360;;ModifiedFollowing;ModifiedFollowing;;2D
18.08.2025;2M;OIS;GBP;0,03979;SONIA;1D;2M;;;;2M;Act360;Act360;;ModifiedFollowing;ModifiedFollowing;;2D
18.08.2025;9Y;OIS;EUR;0,025295;EONIA;1D;1Y;;;;1Y;Act360;Act360;;ModifiedFollowing;ModifiedFollowing;;2D
18.08.2025;1M;OIS;USD;0,04309;SOFR;1D;1M;;;;1M;Act360;Act360;;ModifiedFollowing;ModifiedFollowing;;2D
18.08.2025;2Mx5M;FRA;USD;0,04247;LIBOR;3M;3M;;;;3M;Act360;Act360;;ModifiedFollowing;ModifiedFollowing;;2D
18.08.2025;6Mx18M;FRA;EUR;0,02089;EURIBOR;3M;3M;;;;3M;Act360;Act360;;ModifiedFollowing;ModifiedFollowing;;2D
18.08.2025;3Y;OIS;USD;0,03362;SOFR;1D;1Y;;;;1Y;Act360;Act360;;ModifiedFollowing;ModifiedFollowing;;2D
18.08.2025;7Y;OIS;EUR;0,023845;EONIA;1D;1Y;;;;1Y;Act360;Act360;;ModifiedFollowing;ModifiedFollowing;;2D
18.08.2025;3Mx9M;FRA;USD;0,04197;LIBOR;3M;3M;;;;3M;Act360;Act360;;ModifiedFollowing;ModifiedFollowing;;2D
18.08.2025;5Mx8M;FRA;GBP;0,03854;LIBOR;3M;3M;;;;3M;Act360;Act360;;ModifiedFollowing;ModifiedFollowing;;2D
18.08.2025;8Mx11M;FRA;USD;0,03756;LIBOR;3M;3M;;;;3M;Act360;Act360;;ModifiedFollowing;ModifiedFollowing;;2D
18.08.2025;3Y;OIS;EUR;0,02037;EONIA;1D;1Y;;;;1Y;Act360;Act360;;ModifiedFollowing;ModifiedFollowing;;2D
18.08.2025;11M;OIS;EUR;0,01922;EONIA;1D;1Y;;;;1Y;Act360;Act360;;ModifiedFollowing;ModifiedFollowing;;2D
18.08.2025;4Mx10M;FRA;USD;0,04116;LIBOR;3M;3M;;;;3M;Act360;Act360;;ModifiedFollowing;ModifiedFollowing;;2D
18.08.2025;1Mx13M;FRA;EUR;0,02118;EURIBOR;3M;3M;;;;3M;Act360;Act360;;ModifiedFollowing;ModifiedFollowing;;2D
18.08.2025;3Mx15M;FRA;EUR;0,02096;EURIBOR;3M;3M;;;;3M;Act360;Act360;;ModifiedFollowing;ModifiedFollowing;;2D
18.08.2025;50Y;IRS;EUR;0,028509;EURIBOR;3M;3M;;;;1Y;Act360;Act360;;ModifiedFollowing;ModifiedFollowing;;2D
18.08.2025;12Y;OIS;USD;0,03817;SOFR;1D;1Y;;;;1Y;Act360;Act360;;ModifiedFollowing;ModifiedFollowing;;2D
18.08.2025;8Y;OIS;GBP;0,03981;SONIA;1D;1Y;;;;1Y;Act360;Act360;;ModifiedFollowing;ModifiedFollowing;;2D
18.08.2025;6M;OIS;USD;0,04011;SOFR;1D;6M;;;;6M;Act360;Act360;;ModifiedFollowing;ModifiedFollowing;;2D
18.08.2025;8Y;IRS;EUR;0,025108;EURIBOR;3M;3M;;;;1Y;Act360;Act360;;ModifiedFollowing;ModifiedFollowing;;2D
18.08.2025;3M;DEPOSIT;GBP;0,0413;LIBOR;3M;3M;;;;3M;Act360;Act360;;ModifiedFollowing;ModifiedFollowing;;2D
18.08.2025;4M;IRS;EUR;0,01904;EURIBOR;1M;1M;;;;1Y;Act360;Act360;;ModifiedFollowing;ModifiedFollowing;;2D
18.08.2025;50Y;OIS;GBP;0,045;SONIA;1D;1Y;;;;1Y;Act360;Act360;;ModifiedFollowing;ModifiedFollowing;;2D
18.08.2025;8M;OIS;GBP;0,0389;SONIA;1D;8M;;;;8M;Act360;Act360;;ModifiedFollowing;ModifiedFollowing;;2D
18.08.2025;7Mx10M;FRA;GBP;0,03766;LIBOR;3M;3M;;;;3M;Act360;Act360;;ModifiedFollowing;ModifiedFollowing;;2D
18.08.2025;7D;OIS;EUR;0,019245;EONIA;1D;7D;;;;7D;Act360;Act360;;ModifiedFollowing;ModifiedFollowing;;2D
18.08.2025;7M;OIS;GBP;0,0391;SONIA;1D;7M;;;;7M;Act360;Act360;;ModifiedFollowing;ModifiedFollowing;;2D
18.08.2025;2M;OIS;USD;0,04232;SOFR;1D;2M;;;;2M;Act360;Act360;;ModifiedFollowing;ModifiedFollowing;;2D
18.08.2025;4M;OIS;EUR;0,01991;EONIA;1D;4M;;;;4M;Act360;Act360;;ModifiedFollowing;ModifiedFollowing;;2D
18.08.2025;7Y;IRS;EUR;0,024375;EURIBOR;3M;3M;;;;1Y;Act360;Act360;;ModifiedFollowing;ModifiedFollowing;;2D
18.08.2025;14D;OIS;GBP;0,03972;SONIA;1D;14D;;;;14D;Act360;Act360;;ModifiedFollowing;ModifiedFollowing;;2D
18.08.2025;14D;OIS;EUR;0,0201;EONIA;1D;14D;;;;14D;Act360;Act360;;ModifiedFollowing;ModifiedFollowing;;2D
18.08.2025;7Mx10M;FRA;EUR;0,01882;EURIBOR;3M;3M;;;;3M;Act360;Act360;;ModifiedFollowing;ModifiedFollowing;;2D
18.08.2025;5M;OIS;GBP;0,03943;SONIA;1D;5M;;;;5M;Act360;Act360;;ModifiedFollowing;ModifiedFollowing;;2D
18.08.2025;30Y;OIS;EUR;0,02875;EONIA;1D;1Y;;;;1Y;Act360;Act360;;ModifiedFollowing;ModifiedFollowing;;2D
18.08.2025;50Y;OIS;USD;0,03743;SOFR;1D;1Y;;;;1Y;Act360;Act360;;ModifiedFollowing;ModifiedFollowing;;2D
18.08.2025;10Y;IRS;EUR;0,026409;EURIBOR;3M;3M;;;;1Y;Act360;Act360;;ModifiedFollowing;ModifiedFollowing;;2D
18.08.2025;10Y;OIS;USD;0,03708;SOFR;1D;1Y;;;;1Y;Act360;Act360;;ModifiedFollowing;ModifiedFollowing;;2D
18.08.2025;40Y;OIS;GBP;0,04597;SONIA;1D;1Y;;;;1Y;Act360;Act360;;ModifiedFollowing;ModifiedFollowing;;2D
18.08.2025;3Y;OIS;GBP;0,03689;SONIA;1D;1Y;;;;1Y;Act360;Act360;;ModifiedFollowing;ModifiedFollowing;;2D
18.08.2025;4Y;OIS;GBP;0,03721;SONIA;1D;1Y;;;;1Y;Act360;Act360;;ModifiedFollowing;ModifiedFollowing;;2D
18.08.2025;25Y;IRS;EUR;0,029281;EURIBOR;3M;3M;;;;1Y;Act360;Act360;;ModifiedFollowing;ModifiedFollowing;;2D
18.08.2025;7D;OIS;USD;0,04327;SOFR;1D;7D;;;;7D;Act360;Act360;;ModifiedFollowing;ModifiedFollowing;;2D
18.08.2025;35Y;OIS;USD;0,03933;SOFR;1D;1Y;;;;1Y;Act360;Act360;;ModifiedFollowing;ModifiedFollowing;;2D
18.08.2025;30Y;OIS;USD;0,03994;SOFR;1D;1Y;;;;1Y;Act360;Act360;;ModifiedFollowing;ModifiedFollowing;;2D
18.08.2025;7M;OIS;EUR;0,01955;EONIA;1D;7M;;;;7M;Act360;Act360;;ModifiedFollowing;ModifiedFollowing;;2D
18.08.2025;15Y;OIS;EUR;0,02804;EONIA;1D;1Y;;;;1Y;Act360;Act360;;ModifiedFollowing;ModifiedFollowing;;2D
18.08.2025;3M;DEPOSIT;EUR;0,0218;EURIBOR;3M;3M;;;;3M;Act360;Act360;;ModifiedFollowing;ModifiedFollowing;;2D
18.08.2025;7Y;OIS;GBP;0,03906;SONIA;1D;1Y;;;;1Y;Act360;Act360;;ModifiedFollowing;ModifiedFollowing;;2D
18.08.2025;10M;OIS;EUR;0,01927;EONIA;1D;1Y;;;;1Y;Act360;Act360;;ModifiedFollowing;ModifiedFollowing;;2D
18.08.2025;2Y;OIS;USD;0,03449;SOFR;1D;1Y;;;;1Y;Act360;Act360;;ModifiedFollowing;ModifiedFollowing;;2D
18.08.2025;1Y;OIS;EUR;0,01917;EONIA;1D;1Y;;;;1Y;Act360;Act360;;ModifiedFollowing;ModifiedFollowing;;2D
18.08.2025;6M;IRS;EUR;0,01885;EURIBOR;1M;1M;;;;1Y;Act360;Act360;;ModifiedFollowing;ModifiedFollowing;;2D
18.08.2025;6M;DEPOSIT;USD;0,04235;LIBOR;6M;6M;;;;6M;Act360;Act360;;ModifiedFollowing;ModifiedFollowing;;2D
18.08.2025;20Y;OIS;USD;0,04032;SOFR;1D;1Y;;;;1Y;Act360;Act360;;ModifiedFollowing;ModifiedFollowing;;2D
18.08.2025;12M;DEPOSIT;GBP;0,0422;LIBOR;12M;1Y;;;;1Y;Act360;Act360;;ModifiedFollowing;ModifiedFollowing;;2D
18.08.2025;5Mx11M;FRA;USD;0,04045;LIBOR;3M;3M;;;;3M;Act360;Act360;;ModifiedFollowing;ModifiedFollowing;;2D
18.08.2025;3Mx6M;FRA;GBP;0,03963;LIBOR;3M;3M;;;;3M;Act360;Act360;;ModifiedFollowing;ModifiedFollowing;;2D
18.08.2025;4Y;OIS;USD;0,03366;SOFR;1D;1Y;;;;1Y;Act360;Act360;;ModifiedFollowing;ModifiedFollowing;;2D
18.08.2025;9M;IRS;EUR;0,01862;EURIBOR;1M;1M;;;;1Y;Act360;Act360;;ModifiedFollowing;ModifiedFollowing;;2D
18.08.2025;40Y;OIS;USD;0,0387;SOFR;1D;1Y;;;;1Y;Act360;Act360;;ModifiedFollowing;ModifiedFollowing;;2D
18.08.2025;5Mx11M;FRA;EUR;0,01995;EURIBOR;3M;3M;;;;3M;Act360;Act360;;ModifiedFollowing;ModifiedFollowing;;2D
18.08.2025;7Mx10M;FRA;USD;0,03824;LIBOR;3M;3M;;;;3M;Act360;Act360;;ModifiedFollowing;ModifiedFollowing;;2D
18.08.2025;2M;IRS;EUR;0,01902;EURIBOR;1M;1M;;;;1Y;Act360;Act360;;ModifiedFollowing;ModifiedFollowing;;2D
18.08.2025;2Mx8M;FRA;EUR;0,02042;EURIBOR;3M;3M;;;;3M;Act360;Act360;;ModifiedFollowing;ModifiedFollowing;;2D
18.08.2025;5Mx11M;FRA;GBP;0,03979;LIBOR;3M;3M;;;;3M;Act360;Act360;;ModifiedFollowing;ModifiedFollowing;;2D
18.08.2025;40Y;IRS;EUR;0,028909;EURIBOR;3M;3M;;;;1Y;Act360;Act360;;ModifiedFollowing;ModifiedFollowing;;2D
18.08.2025;4Mx7M;FRA;GBP;0,03914;LIBOR;3M;3M;;;;3M;Act360;Act360;;ModifiedFollowing;ModifiedFollowing;;2D
18.08.2025;1Mx7M;FRA;USD;0,04383;LIBOR;3M;3M;;;;3M;Act360;Act360;;ModifiedFollowing;ModifiedFollowing;;2D
18.08.2025;9M;OIS;EUR;0,01935;EONIA;1D;9M;;;;9M;Act360;Act360;;ModifiedFollowing;ModifiedFollowing;;2D
18.08.2025;11M;OIS;GBP;0,03841;SONIA;1D;1Y;;;;1Y;Act360;Act360;;ModifiedFollowing;ModifiedFollowing;;2D
18.08.2025;4Mx10M;FRA;GBP;0,04013;LIBOR;3M;3M;;;;3M;Act360;Act360;;ModifiedFollowing;ModifiedFollowing;;2D
18.08.2025;25Y;OIS;USD;0,04034;SOFR;1D;1Y;;;;1Y;Act360;Act360;;ModifiedFollowing;ModifiedFollowing;;2D
18.08.2025;1M;OIS;EUR;0,02009;EONIA;1D;1M;;;;1M;Act360;Act360;;ModifiedFollowing;ModifiedFollowing;;2D
18.08.2025;9Y;IRS;EUR;0,025791;EURIBOR;3M;3M;;;;1Y;Act360;Act360;;ModifiedFollowing;ModifiedFollowing;;2D
18.08.2025;11M;IRS;EUR;0,01852;EURIBOR;1M;1M;;;;1Y;Act360;Act360;;ModifiedFollowing;ModifiedFollowing;;2D
18.08.2025;1M;DEPOSIT;EUR;0,0213;EURIBOR;1M;1M;;;;1M;Act360;Act360;;ModifiedFollowing;ModifiedFollowing;;2D
18.08.2025;10M;OIS;USD;0,03857;SOFR;1D;1Y;;;;1Y;Act360;Act360;;ModifiedFollowing;ModifiedFollowing;;2D
18.08.2025;2Mx5M;FRA;EUR;0,01979;EURIBOR;3M;3M;;;;3M;Act360;Act360;;ModifiedFollowing;ModifiedFollowing;;2D
18.08.2025;4Mx7M;FRA;USD;0,04042;LIBOR;3M;3M;;;;3M;Act360;Act360;;ModifiedFollowing;ModifiedFollowing;;2D
18.08.2025;12Y;IRS;EUR;0,027456;EURIBOR;3M;3M;;;;1Y;Act360;Act360;;ModifiedFollowing;ModifiedFollowing;;2D
18.08.2025;20Y;OIS;GBP;0,04582;SONIA;1D;1Y;;;;1Y;Act360;Act360;;ModifiedFollowing;ModifiedFollowing;;2D
18.08.2025;5Mx8M;FRA;USD;0,03969;LIBOR;3M;3M;;;;3M;Act360;Act360;;ModifiedFollowing;ModifiedFollowing;;2D
18.08.2025;5Y;IRS;EUR;0,02281;EURIBOR;3M;3M;;;;1Y;Act360;Act360;;ModifiedFollowing;ModifiedFollowing;;2D
18.08.2025;6M;OIS;GBP;0,03927;SONIA;1D;6M;;;;6M;Act360;Act360;;ModifiedFollowing;ModifiedFollowing;;2D
18.08.2025;5Y;OIS;EUR;0,022235;EONIA;1D;1Y;;;;1Y;Act360;Act360;;ModifiedFollowing;ModifiedFollowing;;2D
18.08.2025;5Y;OIS;USD;0,03401;SOFR;1D;1Y;;;;1Y;Act360;Act360;;ModifiedFollowing;ModifiedFollowing;;2D
18.08.2025;3M;DEPOSIT;USD;0,0438;LIBOR;3M;3M;;;;3M;Act360;Act360;;ModifiedFollowing;ModifiedFollowing;;2D
18.08.2025;3M;OIS;USD;0,04172;SOFR;1D;3M;;;;3M;Act360;Act360;;ModifiedFollowing;ModifiedFollowing;;2D
18.08.2025;1M;DEPOSIT;USD;0,04345;LIBOR;1M;1M;;;;1M;Act360;Act360;;ModifiedFollowing;ModifiedFollowing;;2D
18.08.2025;9Y;OIS;GBP;0,04056;SONIA;1D;1Y;;;;1Y;Act360;Act360;;ModifiedFollowing;ModifiedFollowing;;2D
18.08.2025;6Y;IRS;EUR;0,023609;EURIBOR;3M;3M;;;;1Y;Act360;Act360;;ModifiedFollowing;ModifiedFollowing;;2D
18.08.2025;1Mx4M;FRA;USD;0,0435;LIBOR;3M;3M;;;;3M;Act360;Act360;;ModifiedFollowing;ModifiedFollowing;;2D
18.08.2025;15Y;OIS;GBP;0,04425;SONIA;1D;1Y;;;;1Y;Act360;Act360;;ModifiedFollowing;ModifiedFollowing;;2D
18.08.2025;3Mx9M;FRA;GBP;0,04068;LIBOR;3M;3M;;;;3M;Act360;Act360;;ModifiedFollowing;ModifiedFollowing;;2D
18.08.2025;1M;DEPOSIT;GBP;0,0407;LIBOR;1M;1M;;;;1M;Act360;Act360;;ModifiedFollowing;ModifiedFollowing;;2D
18.08.2025;11Y;IRS;EUR;0,026967;EURIBOR;3M;3M;;;;1Y;Act360;Act360;;ModifiedFollowing;ModifiedFollowing;;2D
18.08.2025;10Mx22M;FRA;EUR;0,02131;EURIBOR;3M;3M;;;;3M;Act360;Act360;;ModifiedFollowing;ModifiedFollowing;;2D
15.08.2025;11M;IRS;EUR;0,01845;EURIBOR;1M;1M;;;;1Y;Act360;Act360;;ModifiedFollowing;ModifiedFollowing;;2D
15.08.2025;14D;OIS;GBP;0,03972;SONIA;1D;14D;;;;14D;Act360;Act360;;ModifiedFollowing;ModifiedFollowing;;2D
15.08.2025;10Mx22M;FRA;EUR;0,02122;EURIBOR;3M;3M;;;;3M;Act360;Act360;;ModifiedFollowing;ModifiedFollowing;;2D
15.08.2025;12M;DEPOSIT;USD;0,04155;LIBOR;12M;1Y;;;;1Y;Act360;Act360;;ModifiedFollowing;ModifiedFollowing;;2D
15.08.2025;5Mx17M;FRA;EUR;0,02084;EURIBOR;3M;3M;;;;3M;Act360;Act360;;ModifiedFollowing;ModifiedFollowing;;2D
15.08.2025;1Y;IRS;EUR;0,019349;EURIBOR;3M;3M;;;;1Y;Act360;Act360;;ModifiedFollowing;ModifiedFollowing;;2D
15.08.2025;40Y;OIS;USD;0,03852;SOFR;1D;1Y;;;;1Y;Act360;Act360;;ModifiedFollowing;ModifiedFollowing;;2D
15.08.2025;25Y;IRS;EUR;0,029295;EURIBOR;3M;3M;;;;1Y;Act360;Act360;;ModifiedFollowing;ModifiedFollowing;;2D
15.08.2025;6M;DEPOSIT;USD;0,04235;LIBOR;6M;6M;;;;6M;Act360;Act360;;ModifiedFollowing;ModifiedFollowing;;2D
15.08.2025;3M;DEPOSIT;EUR;0,0198;EURIBOR;3M;3M;;;;3M;Act360;Act360;;ModifiedFollowing;ModifiedFollowing;;2D
15.08.2025;4M;IRS;EUR;0,01898;EURIBOR;1M;1M;;;;1Y;Act360;Act360;;ModifiedFollowing;ModifiedFollowing;;2D
15.08.2025;6Mx18M;FRA;EUR;0,02081;EURIBOR;3M;3M;;;;3M;Act360;Act360;;ModifiedFollowing;ModifiedFollowing;;2D
15.08.2025;50Y;OIS;USD;0,03723;SOFR;1D;1Y;;;;1Y;Act360;Act360;;ModifiedFollowing;ModifiedFollowing;;2D
15.08.2025;11M;OIS;USD;0,03795;SOFR;1D;1Y;;;;1Y;Act360;Act360;;ModifiedFollowing;ModifiedFollowing;;2D
15.08.2025;6M;OIS;USD;0,03993;SOFR;1D;6M;;;;6M;Act360;Act360;;ModifiedFollowing;ModifiedFollowing;;2D
15.08.2025;3M;DEPOSIT;USD;0,04275;LIBOR;3M;3M;;;;3M;Act360;Act360;;ModifiedFollowing;ModifiedFollowing;;2D
15.08.2025;4Mx10M;FRA;GBP;0,04013;LIBOR;3M;3M;;;;3M;Act360;Act360;;ModifiedFollowing;ModifiedFollowing;;2D
15.08.2025;7Mx19M;FRA;EUR;0,02086;EURIBOR;3M;3M;;;;3M;Act360;Act360;;ModifiedFollowing;ModifiedFollowing;;2D
15.08.2025;8M;OIS;EUR;0,01941;EONIA;1D;8M;;;;8M;Act360;Act360;;ModifiedFollowing;ModifiedFollowing;;2D
15.08.2025;5Mx11M;FRA;GBP;0,03966;LIBOR;3M;3M;;;;3M;Act360;Act360;;ModifiedFollowing;ModifiedFollowing;;2D
15.08.2025;2Y;IRS;EUR;0,019938;EURIBOR;3M;3M;;;;1Y;Act360;Act360;;ModifiedFollowing;ModifiedFollowing;;2D
15.08.2025;9Mx21M;FRA;EUR;0,02108;EURIBOR;3M;3M;;;;3M;Act360;Act360;;ModifiedFollowing;ModifiedFollowing;;2D
15.08.2025;1M;DEPOSIT;USD;0,0443;LIBOR;1M;1M;;;;1M;Act360;Act360;;ModifiedFollowing;ModifiedFollowing;;2D
15.08.2025;3M;IRS;EUR;0,01897;EURIBOR;1M;1M;;;;1Y;Act360;Act360;;ModifiedFollowing;ModifiedFollowing;;2D
15.08.2025;1Y;OIS;USD;0,03758;SOFR;1D;1Y;;;;1Y;Act360;Act360;;ModifiedFollowing;ModifiedFollowing;;2D
15.08.2025;12M;DEPOSIT;EUR;0,02175;EURIBOR;12M;1Y;;;;1Y;Act360;Act360;;ModifiedFollowing;ModifiedFollowing;;2D
15.08.2025;8Mx20M;FRA;EUR;0,02096;EURIBOR;3M;3M;;;;3M;Act360;Act360;;ModifiedFollowing;ModifiedFollowing;;2D
15.08.2025;7D;OIS;GBP;0,03971;SONIA;1D;7D;;;;7D;Act360;Act360;;ModifiedFollowing;ModifiedFollowing;;2D
15.08.2025;6M;DEPOSIT;EUR;0,0212;EURIBOR;6M;6M;;;;6M;Act360;Act360;;ModifiedFollowing;ModifiedFollowing;;2D
15.08.2025;3Y;IRS;EUR;0,020925;EURIBOR;3M;3M;;;;1Y;Act360;Act360;;ModifiedFollowing;ModifiedFollowing;;2D
15.08.2025;5Y;OIS;GBP;0,03758;SONIA;1D;1Y;;;;1Y;Act360;Act360;;ModifiedFollowing;ModifiedFollowing;;2D
15.08.2025;5M;OIS;USD;0,04044;SOFR;1D;5M;;;;5M;Act360;Act360;;ModifiedFollowing;ModifiedFollowing;;2D
15.08.2025;14D;OIS;USD;0,04329;SOFR;1D;14D;;;;14D;Act360;Act360;;ModifiedFollowing;ModifiedFollowing;;2D
15.08.2025;6Mx9M;FRA;GBP;0,03805;LIBOR;3M;3M;;;;3M;Act360;Act360;;ModifiedFollowing;ModifiedFollowing;;2D
15.08.2025;2Mx8M;FRA;USD;0,04266;LIBOR;3M;3M;;;;3M;Act360;Act360;;ModifiedFollowing;ModifiedFollowing;;2D
15.08.2025;2Y;OIS;GBP;0,03696;SONIA;1D;1Y;;;;1Y;Act360;Act360;;ModifiedFollowing;ModifiedFollowing;;2D
15.08.2025;18M;OIS;USD;0,03538;SOFR;1D;1Y;;;;1Y;Act360;Act360;;ModifiedFollowing;ModifiedFollowing;;2D
15.08.2025;6Y;OIS;GBP;0,03819;SONIA;1D;1Y;;;;1Y;Act360;Act360;;ModifiedFollowing;ModifiedFollowing;;2D
15.08.2025;11Y;IRS;EUR;0,0269;EURIBOR;3M;3M;;;;1Y;Act360;Act360;;ModifiedFollowing;ModifiedFollowing;;2D
15.08.2025;6M;OIS;GBP;0,03929;SONIA;1D;6M;;;;6M;Act360;Act360;;ModifiedFollowing;ModifiedFollowing;;2D
15.08.2025;2M;OIS;EUR;0,02003;EONIA;1D;2M;;;;2M;Act360;Act360;;ModifiedFollowing;ModifiedFollowing;;2D
15.08.2025;1Mx7M;FRA;USD;0,04361;LIBOR;3M;3M;;;;3M;Act360;Act360;;ModifiedFollowing;ModifiedFollowing;;2D
15.08.2025;1M;OIS;EUR;0,02011;EONIA;1D;1M;;;;1M;Act360;Act360;;ModifiedFollowing;ModifiedFollowing;;2D
15.08.2025;5M;OIS;EUR;0,01975;EONIA;1D;5M;;;;5M;Act360;Act360;;ModifiedFollowing;ModifiedFollowing;;2D
15.08.2025;9M;OIS;EUR;0,01932;EONIA;1D;9M;;;;9M;Act360;Act360;;ModifiedFollowing;ModifiedFollowing;;2D
15.08.2025;2Y;OIS;USD;0,034278;SOFR;1D;1Y;;;;1Y;Act360;Act360;;ModifiedFollowing;ModifiedFollowing;;2D
15.08.2025;10M;OIS;EUR;0,01924;EONIA;1D;1Y;;;;1Y;Act360;Act360;;ModifiedFollowing;ModifiedFollowing;;2D
15.08.2025;5Mx11M;FRA;USD;0,04007;LIBOR;3M;3M;;;;3M;Act360;Act360;;ModifiedFollowing;ModifiedFollowing;;2D
15.08.2025;7Y;OIS;GBP;0,03888;SONIA;1D;1Y;;;;1Y;Act360;Act360;;ModifiedFollowing;ModifiedFollowing;;2D
15.08.2025;7D;OIS;USD;0,04327;SOFR;1D;7D;;;;7D;Act360;Act360;;ModifiedFollowing;ModifiedFollowing;;2D
15.08.2025;5Mx8M;FRA;GBP;0,03856;LIBOR;3M;3M;;;;3M;Act360;Act360;;ModifiedFollowing;ModifiedFollowing;;2D
15.08.2025;14D;OIS;EUR;0,020085;EONIA;1D;14D;;;;14D;Act360;Act360;;ModifiedFollowing;ModifiedFollowing;;2D
15.08.2025;3Y;OIS;GBP;0,03682;SONIA;1D;1Y;;;;1Y;Act360;Act360;;ModifiedFollowing;ModifiedFollowing;;2D
15.08.2025;7Mx10M;FRA;GBP;0,03764;LIBOR;3M;3M;;;;3M;Act360;Act360;;ModifiedFollowing;ModifiedFollowing;;2D
15.08.2025;8M;OIS;GBP;0,03892;SONIA;1D;8M;;;;8M;Act360;Act360;;ModifiedFollowing;ModifiedFollowing;;2D
15.08.2025;10Y;IRS;EUR;0,026345;EURIBOR;3M;3M;;;;1Y;Act360;Act360;;ModifiedFollowing;ModifiedFollowing;;2D
15.08.2025;2M;OIS;USD;0,04222;SOFR;1D;2M;;;;2M;Act360;Act360;;ModifiedFollowing;ModifiedFollowing;;2D
15.08.2025;11M;OIS;EUR;0,01918;EONIA;1D;1Y;;;;1Y;Act360;Act360;;ModifiedFollowing;ModifiedFollowing;;2D
15.08.2025;3Y;OIS;USD;0,03347;SOFR;1D;1Y;;;;1Y;Act360;Act360;;ModifiedFollowing;ModifiedFollowing;;2D
15.08.2025;8Mx11M;FRA;USD;0,03713;LIBOR;3M;3M;;;;3M;Act360;Act360;;ModifiedFollowing;ModifiedFollowing;;2D
15.08.2025;8Y;OIS;GBP;0,03962;SONIA;1D;1Y;;;;1Y;Act360;Act360;;ModifiedFollowing;ModifiedFollowing;;2D
15.08.2025;7D;OIS;EUR;0,019245;EONIA;1D;7D;;;;7D;Act360;Act360;;ModifiedFollowing;ModifiedFollowing;;2D
15.08.2025;5M;OIS;GBP;0,03945;SONIA;1D;5M;;;;5M;Act360;Act360;;ModifiedFollowing;ModifiedFollowing;;2D
15.08.2025;50Y;IRS;EUR;0,02857;EURIBOR;3M;3M;;;;1Y;Act360;Act360;;ModifiedFollowing;ModifiedFollowing;;2D
15.08.2025;1Y;OIS;EUR;0,01913;EONIA;1D;1Y;;;;1Y;Act360;Act360;;ModifiedFollowing;ModifiedFollowing;;2D
15.08.2025;4Y;OIS;USD;0,03354;SOFR;1D;1Y;;;;1Y;Act360;Act360;;ModifiedFollowing;ModifiedFollowing;;2D
15.08.2025;7Mx10M;FRA;USD;0,03785;LIBOR;3M;3M;;;;3M;Act360;Act360;;ModifiedFollowing;ModifiedFollowing;;2D
15.08.2025;9Y;IRS;EUR;0,02572;EURIBOR;3M;3M;;;;1Y;Act360;Act360;;ModifiedFollowing;ModifiedFollowing;;2D
15.08.2025;3Mx6M;FRA;GBP;0,03962;LIBOR;3M;3M;;;;3M;Act360;Act360;;ModifiedFollowing;ModifiedFollowing;;2D
15.08.2025;5Y;OIS;USD;0,03391;SOFR;1D;1Y;;;;1Y;Act360;Act360;;ModifiedFollowing;ModifiedFollowing;;2D
15.08.2025;9Y;OIS;GBP;0,04036;SONIA;1D;1Y;;;;1Y;Act360;Act360;;ModifiedFollowing;ModifiedFollowing;;2D
15.08.2025;18M;OIS;GBP;0,03727;SONIA;1D;1Y;;;;1Y;Act360;Act360;;ModifiedFollowing;ModifiedFollowing;;2D
15.08.2025;18M;OIS;EUR;0,01901;EONIA;1D;1Y;;;;1Y;Act360;Act360;;ModifiedFollowing;ModifiedFollowing;;2D
15.08.2025;8M;OIS;USD;0,0391;SOFR;1D;8M;;;;8M;Act360;Act360;;ModifiedFollowing;ModifiedFollowing;;2D
15.08.2025;10M;IRS;EUR;0,0185;EURIBOR;1M;1M;;;;1Y;Act360;Act360;;ModifiedFollowing;ModifiedFollowing;;2D
15.08.2025;8Mx11M;FRA;GBP;0,03726;LIBOR;3M;3M;;;;3M;Act360;Act360;;ModifiedFollowing;ModifiedFollowing;;2D
15.08.2025;7M;OIS;GBP;0,03911;SONIA;1D;7M;;;;7M;Act360;Act360;;ModifiedFollowing;ModifiedFollowing;;2D
15.08.2025;6Mx9M;FRA;USD;0,03856;LIBOR;3M;3M;;;;3M;Act360;Act360;;ModifiedFollowing;ModifiedFollowing;;2D
15.08.2025;2Y;OIS;EUR;0,0193;EONIA;1D;1Y;;;;1Y;Act360;Act360;;ModifiedFollowing;ModifiedFollowing;;2D
15.08.2025;6Y;OIS;USD;0,03448;SOFR;1D;1Y;;;;1Y;Act360;Act360;;ModifiedFollowing;ModifiedFollowing;;2D
15.08.2025;10Y;OIS;GBP;0,04109;SONIA;1D;1Y;;;;1Y;Act360;Act360;;ModifiedFollowing;ModifiedFollowing;;2D
15.08.2025;4M;OIS;GBP;0,03962;SONIA;1D;4M;;;;4M;Act360;Act360;;ModifiedFollowing;ModifiedFollowing;;2D
15.08.2025;1Mx4M;FRA;EUR;0,02003;EURIBOR;3M;3M;;;;3M;Act360;Act360;;ModifiedFollowing;ModifiedFollowing;;2D
15.08.2025;1Mx4M;FRA;GBP;0,04064;LIBOR;3M;3M;;;;3M;Act360;Act360;;ModifiedFollowing;ModifiedFollowing;;2D
15.08.2025;12Y;OIS;GBP;0,04242;SONIA;1D;1Y;;;;1Y;Act360;Act360;;ModifiedFollowing;ModifiedFollowing;;2D
15.08.2025;7Y;OIS;USD;0,03513;SOFR;1D;1Y;;;;1Y;Act360;Act360;;ModifiedFollowing;ModifiedFollowing;;2D
15.08.2025;8Y;IRS;EUR;0,02503;EURIBOR;3M;3M;;;;1Y;Act360;Act360;;ModifiedFollowing;ModifiedFollowing;;2D
15.08.2025;3Y;OIS;EUR;0,02027;EONIA;1D;1Y;;;;1Y;Act360;Act360;;ModifiedFollowing;ModifiedFollowing;;2D
15.08.2025;9M;IRS;EUR;0,01856;EURIBOR;1M;1M;;;;1Y;Act360;Act360;;ModifiedFollowing;ModifiedFollowing;;2D
15.08.2025;5Mx8M;FRA;USD;0,03936;LIBOR;3M;3M;;;;3M;Act360;Act360;;ModifiedFollowing;ModifiedFollowing;;2D
15.08.2025;2Mx5M;FRA;EUR;0,01973;EURIBOR;3M;3M;;;;3M;Act360;Act360;;ModifiedFollowing;ModifiedFollowing;;2D
15.08.2025;30Y;IRS;EUR;0,029215;EURIBOR;3M;3M;;;;1Y;Act360;Act360;;ModifiedFollowing;ModifiedFollowing;;2D
15.08.2025;3Mx9M;FRA;USD;0,04167;LIBOR;3M;3M;;;;3M;Act360;Act360;;ModifiedFollowing;ModifiedFollowing;;2D
15.08.2025;3M;OIS;GBP;0,03975;SONIA;1D;3M;;;;3M;Act360;Act360;;ModifiedFollowing;ModifiedFollowing;;2D
15.08.2025;3Mx6M;FRA;EUR;0,01951;EURIBOR;3M;3M;;;;3M;Act360;Act360;;ModifiedFollowing;ModifiedFollowing;;2D
15.08.2025;20Y;IRS;EUR;0,029255;EURIBOR;3M;3M;;;;1Y;Act360;Act360;;ModifiedFollowing;ModifiedFollowing;;2D
15.08.2025;9M;OIS;USD;0,03871;SOFR;1D;9M;;;;9M;Act360;Act360;;ModifiedFollowing;ModifiedFollowing;;2D
15.08.2025;8Y;OIS;USD;0,03577;SOFR;1D;1Y;;;;1Y;Act360;Act360;;ModifiedFollowing;ModifiedFollowing;;2D
15.08.2025;4Y;OIS;EUR;0,02124;EONIA;1D;1Y;;;;1Y;Act360;Act360;;ModifiedFollowing;ModifiedFollowing;;2D
15.08.2025;15Y;OIS;GBP;0,04401;SONIA;1D;1Y;;;;1Y;Act360;Act360;;ModifiedFollowing;ModifiedFollowing;;2D
15.08.2025;4Mx7M;FRA;EUR;0,01925;EURIBOR;3M;3M;;;;3M;Act360;Act360;;ModifiedFollowing;ModifiedFollowing;;2D
15.08.2025;1Mx7M;FRA;GBP;0,04164;LIBOR;3M;3M;;;;3M;Act360;Act360;;ModifiedFollowing;ModifiedFollowing;;2D
15.08.2025;4M;OIS;EUR;0,0199;EONIA;1D;4M;;;;4M;Act360;Act360;;ModifiedFollowing;ModifiedFollowing;;2D
15.08.2025;9Y;OIS;USD;0,03637;SOFR;1D;1Y;;;;1Y;Act360;Act360;;ModifiedFollowing;ModifiedFollowing;;2D
15.08.2025;4Mx7M;FRA;USD;0,04016;LIBOR;3M;3M;;;;3M;Act360;Act360;;ModifiedFollowing;ModifiedFollowing;;2D
15.08.2025;5Mx8M;FRA;EUR;0,01906;EURIBOR;3M;3M;;;;3M;Act360;Act360;;ModifiedFollowing;ModifiedFollowing;;2D
15.08.2025;8M;IRS;EUR;0,01863;EURIBOR;1M;1M;;;;1Y;Act360;Act360;;ModifiedFollowing;ModifiedFollowing;;2D
15.08.2025;5Y;OIS;EUR;0,022145;EONIA;1D;1Y;;;;1Y;Act360;Act360;;ModifiedFollowing;ModifiedFollowing;;2D
15.08.2025;1Y;OIS;GBP;0,03826;SONIA;1D;1Y;;;;1Y;Act360;Act360;;ModifiedFollowing;ModifiedFollowing;;2D
15.08.2025;10M;OIS;USD;0,03831;SOFR;1D;1Y;;;;1Y;Act360;Act360;;ModifiedFollowing;ModifiedFollowing;;2D
15.08.2025;6Y;OIS;EUR;0,022975;EONIA;1D;1Y;;;;1Y;Act360;Act360;;ModifiedFollowing;ModifiedFollowing;;2D
15.08.2025;6Mx9M;FRA;EUR;0,01889;EURIBOR;3M;3M;;;;3M;Act360;Act360;;ModifiedFollowing;ModifiedFollowing;;2D
15.08.2025;4Mx7M;FRA;GBP;0,0391;LIBOR;3M;3M;;;;3M;Act360;Act360;;ModifiedFollowing;ModifiedFollowing;;2D
15.08.2025;20Y;OIS;GBP;0,04557;SONIA;1D;1Y;;;;1Y;Act360;Act360;;ModifiedFollowing;ModifiedFollowing;;2D
15.08.2025;60Y;IRS;EUR;0,02808;EURIBOR;3M;3M;;;;1Y;Act360;Act360;;ModifiedFollowing;ModifiedFollowing;;2D
15.08.2025;10Y;OIS;USD;0,03697;SOFR;1D;1Y;;;;1Y;Act360;Act360;;ModifiedFollowing;ModifiedFollowing;;2D
15.08.2025;7Mx10M;FRA;EUR;0,01874;EURIBOR;3M;3M;;;;3M;Act360;Act360;;ModifiedFollowing;ModifiedFollowing;;2D
15.08.2025;7Y;IRS;EUR;0,0243;EURIBOR;3M;3M;;;;1Y;Act360;Act360;;ModifiedFollowing;ModifiedFollowing;;2D
15.08.2025;7Y;OIS;EUR;0,023755;EONIA;1D;1Y;;;;1Y;Act360;Act360;;ModifiedFollowing;ModifiedFollowing;;2D
15.08.2025;12Y;OIS;USD;0,03802;SOFR;1D;1Y;;;;1Y;Act360;Act360;;ModifiedFollowing;ModifiedFollowing;;2D
15.08.2025;2M;OIS;GBP;0,03979;SONIA;1D;2M;;;;2M;Act360;Act360;;ModifiedFollowing;ModifiedFollowing;;2D
15.08.2025;6M;OIS;EUR;0,01964;EONIA;1D;6M;;;;6M;Act360;Act360;;ModifiedFollowing;ModifiedFollowing;;2D
15.08.2025;3Mx6M;FRA;USD;0,04108;LIBOR;3M;3M;;;;3M;Act360;Act360;;ModifiedFollowing;ModifiedFollowing;;2D
15.08.2025;9M;OIS;GBP;0,03874;SONIA;1D;9M;;;;9M;Act360;Act360;;ModifiedFollowing;ModifiedFollowing;;2D
15.08.2025;8Mx11M;FRA;EUR;0,0187;EURIBOR;3M;3M;;;;3M;Act360;Act360;;ModifiedFollowing;ModifiedFollowing;;2D
15.08.2025;3M;OIS;EUR;0,01997;EONIA;1D;3M;;;;3M;Act360;Act360;;ModifiedFollowing;ModifiedFollowing;;2D
15.08.2025;7M;OIS;EUR;0,01955;EONIA;1D;7M;;;;7M;Act360;Act360;;ModifiedFollowing;ModifiedFollowing;;2D
15.08.2025;25Y;OIS;GBP;0,04621;SONIA;1D;1Y;;;;1Y;Act360;Act360;;ModifiedFollowing;ModifiedFollowing;;2D
15.08.2025;2Mx5M;FRA;GBP;0,04019;LIBOR;3M;3M;;;;3M;Act360;Act360;;ModifiedFollowing;ModifiedFollowing;;2D
15.08.2025;7M;IRS;EUR;0,01873;EURIBOR;1M;1M;;;;1Y;Act360;Act360;;ModifiedFollowing;ModifiedFollowing;;2D
15.08.2025;1Mx7M;FRA;EUR;0,02059;EURIBOR;3M;3M;;;;3M;Act360;Act360;;ModifiedFollowing;ModifiedFollowing;;2D
15.08.2025;15Y;OIS;USD;0,0392;SOFR;1D;1Y;;;;1Y;Act360;Act360;;ModifiedFollowing;ModifiedFollowing;;2D
15.08.2025;8Y;OIS;EUR;0,024485;EONIA;1D;1Y;;;;1Y;Act360;Act360;;ModifiedFollowing;ModifiedFollowing;;2D
15.08.2025;4Y;OIS;GBP;0,03709;SONIA;1D;1Y;;;;1Y;Act360;Act360;;ModifiedFollowing;ModifiedFollowing;;2D
15.08.2025;2Mx8M;FRA;GBP;0,04115;LIBOR;3M;3M;;;;3M;Act360;Act360;;ModifiedFollowing;ModifiedFollowing;;2D
15.08.2025;2Mx5M;FRA;USD;0,04223;LIBOR;3M;3M;;;;3M;Act360;Act360;;ModifiedFollowing;ModifiedFollowing;;2D
15.08.2025;15Y;IRS;EUR;0,028495;EURIBOR;3M;3M;;;;1Y;Act360;Act360;;ModifiedFollowing;ModifiedFollowing;;2D
15.08.2025;2Mx8M;FRA;EUR;0,02037;EURIBOR;3M;3M;;;;3M;Act360;Act360;;ModifiedFollowing;ModifiedFollowing;;2D
15.08.2025;6Y;IRS;EUR;0,023535;EURIBOR;3M;3M;;;;1Y;Act360;Act360;;ModifiedFollowing;ModifiedFollowing;;2D
15.08.2025;7M;OIS;USD;0,03955;SOFR;1D;7M;;;;7M;Act360;Act360;;ModifiedFollowing;ModifiedFollowing;;2D
15.08.2025;20Y;OIS;USD;0,04015;SOFR;1D;1Y;;;;1Y;Act360;Act360;;ModifiedFollowing;ModifiedFollowing;;2D
15.08.2025;30Y;OIS;GBP;0,0463;SONIA;1D;1Y;;;;1Y;Act360;Act360;;ModifiedFollowing;ModifiedFollowing;;2D
15.08.2025;3Mx9M;FRA;EUR;0,02017;EURIBOR;3M;3M;;;;3M;Act360;Act360;;ModifiedFollowing;ModifiedFollowing;;2D
15.08.2025;9Y;OIS;EUR;0,025195;EONIA;1D;1Y;;;;1Y;Act360;Act360;;ModifiedFollowing;ModifiedFollowing;;2D
15.08.2025;40Y;IRS;EUR;0,02896;EURIBOR;3M;3M;;;;1Y;Act360;Act360;;ModifiedFollowing;ModifiedFollowing;;2D
15.08.2025;6M;IRS;EUR;0,01879;EURIBOR;1M;1M;;;;1Y;Act360;Act360;;ModifiedFollowing;ModifiedFollowing;;2D
15.08.2025;1M;OIS;GBP;0,03976;SONIA;1D;1M;;;;1M;Act360;Act360;;ModifiedFollowing;ModifiedFollowing;;2D
15.08.2025;12Y;IRS;EUR;0,027385;EURIBOR;3M;3M;;;;1Y;Act360;Act360;;ModifiedFollowing;ModifiedFollowing;;2D
15.08.2025;4Mx10M;FRA;EUR;0,01996;EURIBOR;3M;3M;;;;3M;Act360;Act360;;ModifiedFollowing;ModifiedFollowing;;2D
15.08.2025;1Mx4M;FRA;USD;0,04332;LIBOR;3M;3M;;;;3M;Act360;Act360;;ModifiedFollowing;ModifiedFollowing;;2D
15.08.2025;10Y;OIS;EUR;0,02579;EONIA;1D;1Y;;;;1Y;Act360;Act360;;ModifiedFollowing;ModifiedFollowing;;2D
15.08.2025;11M;OIS;GBP;0,03841;SONIA;1D;1Y;;;;1Y;Act360;Act360;;ModifiedFollowing;ModifiedFollowing;;2D
15.08.2025;25Y;OIS;USD;0,04017;SOFR;1D;1Y;;;;1Y;Act360;Act360;;ModifiedFollowing;ModifiedFollowing;;2D
15.08.2025;5Mx11M;FRA;EUR;0,01985;EURIBOR;3M;3M;;;;3M;Act360;Act360;;ModifiedFollowing;ModifiedFollowing;;2D
15.08.2025;40Y;OIS;GBP;0,04568;SONIA;1D;1Y;;;;1Y;Act360;Act360;;ModifiedFollowing;ModifiedFollowing;;2D
15.08.2025;3M;OIS;USD;0,0416;SOFR;1D;3M;;;;3M;Act360;Act360;;ModifiedFollowing;ModifiedFollowing;;2D
15.08.2025;4M;OIS;USD;0,04106;SOFR;1D;4M;;;;4M;Act360;Act360;;ModifiedFollowing;ModifiedFollowing;;2D
15.08.2025;1M;OIS;USD;0,04326;SOFR;1D;1M;;;;1M;Act360;Act360;;ModifiedFollowing;ModifiedFollowing;;2D
15.08.2025;1Mx13M;FRA;EUR;0,02125;EURIBOR;3M;3M;;;;3M;Act360;Act360;;ModifiedFollowing;ModifiedFollowing;;2D
15.08.2025;50Y;OIS;GBP;0,04469;SONIA;1D;1Y;;;;1Y;Act360;Act360;;ModifiedFollowing;ModifiedFollowing;;2D
15.08.2025;15Y;OIS;EUR;0,02797;EONIA;1D;1Y;;;;1Y;Act360;Act360;;ModifiedFollowing;ModifiedFollowing;;2D
15.08.2025;12M;DEPOSIT;GBP;0,0421;LIBOR;12M;1Y;;;;1Y;Act360;Act360;;ModifiedFollowing;ModifiedFollowing;;2D
15.08.2025;30Y;OIS;USD;0,03977;SOFR;1D;1Y;;;;1Y;Act360;Act360;;ModifiedFollowing;ModifiedFollowing;;2D
15.08.2025;5Y;IRS;EUR;0,022735;EURIBOR;3M;3M;;;;1Y;Act360;Act360;;ModifiedFollowing;ModifiedFollowing;;2D
15.08.2025;3Mx9M;FRA;GBP;0,04063;LIBOR;3M;3M;;;;3M;Act360;Act360;;ModifiedFollowing;ModifiedFollowing;;2D
15.08.2025;6M;DEPOSIT;GBP;0,0421;LIBOR;6M;6M;;;;6M;Act360;Act360;;ModifiedFollowing;ModifiedFollowing;;2D
15.08.2025;2Mx14M;FRA;EUR;0,02111;EURIBOR;3M;3M;;;;3M;Act360;Act360;;ModifiedFollowing;ModifiedFollowing;;2D
15.08.2025;5M;IRS;EUR;0,01888;EURIBOR;1M;1M;;;;1Y;Act360;Act360;;ModifiedFollowing;ModifiedFollowing;;2D
15.08.2025;11Mx23M;FRA;EUR;0,02139;EURIBOR;3M;3M;;;;3M;Act360;Act360;;ModifiedFollowing;ModifiedFollowing;;2D
15.08.2025;20Y;OIS;EUR;0,02871;EONIA;1D;1Y;;;;1Y;Act360;Act360;;ModifiedFollowing;ModifiedFollowing;;2D
15.08.2025;10M;OIS;GBP;0,03856;SONIA;1D;1Y;;;;1Y;Act360;Act360;;ModifiedFollowing;ModifiedFollowing;;2D
15.08.2025;4Mx10M;FRA;USD;0,04083;LIBOR;3M;3M;;;;3M;Act360;Act360;;ModifiedFollowing;ModifiedFollowing;;2D
15.08.2025;2M;IRS;EUR;0,01892;EURIBOR;1M;1M;;;;1Y;Act360;Act360;;ModifiedFollowing;ModifiedFollowing;;2D
15.08.2025;3M;DEPOSIT;GBP;0,0413;LIBOR;3M;3M;;;;3M;Act360;Act360;;ModifiedFollowing;ModifiedFollowing;;2D
15.08.2025;3Mx15M;FRA;EUR;0,02096;EURIBOR;3M;3M;;;;3M;Act360;Act360;;ModifiedFollowing;ModifiedFollowing;;2D
15.08.2025;1M;DEPOSIT;EUR;0,0195;EURIBOR;1M;1M;;;;1M;Act360;Act360;;ModifiedFollowing;ModifiedFollowing;;2D
15.08.2025;30Y;OIS;EUR;0,02874;EONIA;1D;1Y;;;;1Y;Act360;Act360;;ModifiedFollowing;ModifiedFollowing;;2D
15.08.2025;35Y;OIS;USD;0,03916;SOFR;1D;1Y;;;;1Y;Act360;Act360;;ModifiedFollowing;ModifiedFollowing;;2D
15.08.2025;1M;DEPOSIT;GBP;0,0403;LIBOR;1M;1M;;;;1M;Act360;Act360;;ModifiedFollowing;ModifiedFollowing;;2D
15.08.2025;4Y;IRS;EUR;0,02188;EURIBOR;3M;3M;;;;1Y;Act360;Act360;;ModifiedFollowing;ModifiedFollowing;;2D
15.08.2025;4Mx16M;FRA;EUR;0,02086;EURIBOR;3M;3M;;;;3M;Act360;Act360;;ModifiedFollowing;ModifiedFollowing;;2D
14.08.2025;10M;OIS;GBP;0,03845;SONIA;1D;1Y;;;;1Y;Act360;Act360;;ModifiedFollowing;ModifiedFollowing;;2D
14.08.2025;30Y;OIS;GBP;0,04565;SONIA;1D;1Y;;;;1Y;Act360;Act360;;ModifiedFollowing;ModifiedFollowing;;2D
14.08.2025;3M;DEPOSIT;GBP;0,0409;LIBOR;3M;3M;;;;3M;Act360;Act360;;ModifiedFollowing;ModifiedFollowing;;2D
14.08.2025;15Y;OIS;GBP;0,04345;SONIA;1D;1Y;;;;1Y;Act360;Act360;;ModifiedFollowing;ModifiedFollowing;;2D
14.08.2025;4Y;OIS;EUR;0,020915;EONIA;1D;1Y;;;;1Y;Act360;Act360;;ModifiedFollowing;ModifiedFollowing;;2D
14.08.2025;20Y;IRS;EUR;0,02868;EURIBOR;3M;3M;;;;1Y;Act360;Act360;;ModifiedFollowing;ModifiedFollowing;;2D
14.08.2025;8Y;OIS;USD;0,03515;SOFR;1D;1Y;;;;1Y;Act360;Act360;;ModifiedFollowing;ModifiedFollowing;;2D
14.08.2025;3Mx6M;FRA;EUR;0,01945;EURIBOR;3M;3M;;;;3M;Act360;Act360;;ModifiedFollowing;ModifiedFollowing;;2D
14.08.2025;30Y;OIS;EUR;0,02817;EONIA;1D;1Y;;;;1Y;Act360;Act360;;ModifiedFollowing;ModifiedFollowing;;2D
14.08.2025;3Mx9M;FRA;EUR;0,02011;EURIBOR;3M;3M;;;;3M;Act360;Act360;;ModifiedFollowing;ModifiedFollowing;;2D
14.08.2025;1Y;OIS;USD;0,0371;SOFR;1D;1Y;;;;1Y;Act360;Act360;;ModifiedFollowing;ModifiedFollowing;;2D
14.08.2025;20Y;OIS;USD;0,03953;SOFR;1D;1Y;;;;1Y;Act360;Act360;;ModifiedFollowing;ModifiedFollowing;;2D
14.08.2025;3M;OIS;GBP;0,03975;SONIA;1D;3M;;;;3M;Act360;Act360;;ModifiedFollowing;ModifiedFollowing;;2D
14.08.2025;12Y;OIS;GBP;0,0419;SONIA;1D;1Y;;;;1Y;Act360;Act360;;ModifiedFollowing;ModifiedFollowing;;2D
14.08.2025;8Mx20M;FRA;EUR;0,02077;EURIBOR;3M;3M;;;;3M;Act360;Act360;;ModifiedFollowing;ModifiedFollowing;;2D
14.08.2025;9Y;OIS;EUR;0,024695;EONIA;1D;1Y;;;;1Y;Act360;Act360;;ModifiedFollowing;ModifiedFollowing;;2D
14.08.2025;30Y;IRS;EUR;0,02861;EURIBOR;3M;3M;;;;1Y;Act360;Act360;;ModifiedFollowing;ModifiedFollowing;;2D
14.08.2025;2Mx5M;FRA;EUR;0,01975;EURIBOR;3M;3M;;;;3M;Act360;Act360;;ModifiedFollowing;ModifiedFollowing;;2D
14.08.2025;15Y;IRS;EUR;0,02794;EURIBOR;3M;3M;;;;1Y;Act360;Act360;;ModifiedFollowing;ModifiedFollowing;;2D
14.08.2025;1M;OIS;GBP;0,03976;SONIA;1D;1M;;;;1M;Act360;Act360;;ModifiedFollowing;ModifiedFollowing;;2D
14.08.2025;5Mx8M;FRA;USD;0,03877;LIBOR;3M;3M;;;;3M;Act360;Act360;;ModifiedFollowing;ModifiedFollowing;;2D
14.08.2025;12M;DEPOSIT;EUR;0,02015;EURIBOR;12M;1Y;;;;1Y;Act360;Act360;;ModifiedFollowing;ModifiedFollowing;;2D
14.08.2025;6M;IRS;EUR;0,01872;EURIBOR;1M;1M;;;;1Y;Act360;Act360;;ModifiedFollowing;ModifiedFollowing;;2D
14.08.2025;9M;IRS;EUR;0,01848;EURIBOR;1M;1M;;;;1Y;Act360;Act360;;ModifiedFollowing;ModifiedFollowing;;2D
14.08.2025;3Mx9M;FRA;USD;0,04119;LIBOR;3M;3M;;;;3M;Act360;Act360;;ModifiedFollowing;ModifiedFollowing;;2D
14.08.2025;3Y;OIS;EUR;0,01997;EONIA;1D;1Y;;;;1Y;Act360;Act360;;ModifiedFollowing;ModifiedFollowing;;2D
14.08.2025;7Y;OIS;USD;0,03452;SOFR;1D;1Y;;;;1Y;Act360;Act360;;ModifiedFollowing;ModifiedFollowing;;2D
14.08.2025;1Mx4M;FRA;GBP;0,04058;LIBOR;3M;3M;;;;3M;Act360;Act360;;ModifiedFollowing;ModifiedFollowing;;2D
14.08.2025;8Y;IRS;EUR;0,024547;EURIBOR;3M;3M;;;;1Y;Act360;Act360;;ModifiedFollowing;ModifiedFollowing;;2D
14.08.2025;3M;IRS;EUR;0,01885;EURIBOR;1M;1M;;;;1Y;Act360;Act360;;ModifiedFollowing;ModifiedFollowing;;2D
14.08.2025;1Mx4M;FRA;EUR;0,02005;EURIBOR;3M;3M;;;;3M;Act360;Act360;;ModifiedFollowing;ModifiedFollowing;;2D
14.08.2025;12Y;IRS;EUR;0,02685;EURIBOR;3M;3M;;;;1Y;Act360;Act360;;ModifiedFollowing;ModifiedFollowing;;2D
14.08.2025;9Mx21M;FRA;EUR;0,02086;EURIBOR;3M;3M;;;;3M;Act360;Act360;;ModifiedFollowing;ModifiedFollowing;;2D
14.08.2025;2Y;IRS;EUR;0,01977;EURIBOR;3M;3M;;;;1Y;Act360;Act360;;ModifiedFollowing;ModifiedFollowing;;2D
14.08.2025;4Mx16M;FRA;EUR;0,02074;EURIBOR;3M;3M;;;;3M;Act360;Act360;;ModifiedFollowing;ModifiedFollowing;;2D
14.08.2025;3Mx15M;FRA;EUR;0,02086;EURIBOR;3M;3M;;;;3M;Act360;Act360;;ModifiedFollowing;ModifiedFollowing;;2D
14.08.2025;10Y;OIS;GBP;0,04059;SONIA;1D;1Y;;;;1Y;Act360;Act360;;ModifiedFollowing;ModifiedFollowing;;2D
14.08.2025;3M;OIS;EUR;0,01996;EONIA;1D;3M;;;;3M;Act360;Act360;;ModifiedFollowing;ModifiedFollowing;;2D
14.08.2025;4Mx10M;FRA;EUR;0,01989;EURIBOR;3M;3M;;;;3M;Act360;Act360;;ModifiedFollowing;ModifiedFollowing;;2D
14.08.2025;4Mx10M;FRA;USD;0,04025;LIBOR;3M;3M;;;;3M;Act360;Act360;;ModifiedFollowing;ModifiedFollowing;;2D
14.08.2025;6Y;OIS;USD;0,03391;SOFR;1D;1Y;;;;1Y;Act360;Act360;;ModifiedFollowing;ModifiedFollowing;;2D
14.08.2025;2Y;OIS;EUR;0,01914;EONIA;1D;1Y;;;;1Y;Act360;Act360;;ModifiedFollowing;ModifiedFollowing;;2D
14.08.2025;6Mx9M;FRA;USD;0,03795;LIBOR;3M;3M;;;;3M;Act360;Act360;;ModifiedFollowing;ModifiedFollowing;;2D
14.08.2025;4M;OIS;GBP;0,03959;SONIA;1D;4M;;;;4M;Act360;Act360;;ModifiedFollowing;ModifiedFollowing;;2D
14.08.2025;2M;IRS;EUR;0,01877;EURIBOR;1M;1M;;;;1Y;Act360;Act360;;ModifiedFollowing;ModifiedFollowing;;2D
14.08.2025;8Mx11M;FRA;GBP;0,03703;LIBOR;3M;3M;;;;3M;Act360;Act360;;ModifiedFollowing;ModifiedFollowing;;2D
14.08.2025;5Mx11M;FRA;GBP;0,03958;LIBOR;3M;3M;;;;3M;Act360;Act360;;ModifiedFollowing;ModifiedFollowing;;2D
14.08.2025;7M;OIS;GBP;0,03903;SONIA;1D;7M;;;;7M;Act360;Act360;;ModifiedFollowing;ModifiedFollowing;;2D
14.08.2025;8M;OIS;USD;0,03866;SOFR;1D;8M;;;;8M;Act360;Act360;;ModifiedFollowing;ModifiedFollowing;;2D
14.08.2025;18M;OIS;EUR;0,01889;EONIA;1D;1Y;;;;1Y;Act360;Act360;;ModifiedFollowing;ModifiedFollowing;;2D
14.08.2025;10M;IRS;EUR;0,01842;EURIBOR;1M;1M;;;;1Y;Act360;Act360;;ModifiedFollowing;ModifiedFollowing;;2D
14.08.2025;1Mx4M;FRA;USD;0,04299;LIBOR;3M;3M;;;;3M;Act360;Act360;;ModifiedFollowing;ModifiedFollowing;;2D
14.08.2025;6M;OIS;USD;0,03957;SOFR;1D;6M;;;;6M;Act360;Act360;;ModifiedFollowing;ModifiedFollowing;;2D
14.08.2025;11M;OIS;GBP;0,03828;SONIA;1D;1Y;;;;1Y;Act360;Act360;;ModifiedFollowing;ModifiedFollowing;;2D
14.08.2025;12M;DEPOSIT;USD;0,04095;LIBOR;12M;1Y;;;;1Y;Act360;Act360;;ModifiedFollowing;ModifiedFollowing;;2D
14.08.2025;18M;OIS;GBP;0,03707;SONIA;1D;1Y;;;;1Y;Act360;Act360;;ModifiedFollowing;ModifiedFollowing;;2D
14.08.2025;9Y;OIS;GBP;0,03989;SONIA;1D;1Y;;;;1Y;Act360;Act360;;ModifiedFollowing;ModifiedFollowing;;2D
14.08.2025;10Y;OIS;EUR;0,0253;EONIA;1D;1Y;;;;1Y;Act360;Act360;;ModifiedFollowing;ModifiedFollowing;;2D
14.08.2025;7Mx19M;FRA;EUR;0,02068;EURIBOR;3M;3M;;;;3M;Act360;Act360;;ModifiedFollowing;ModifiedFollowing;;2D
14.08.2025;5Y;OIS;USD;0,03336;SOFR;1D;1Y;;;;1Y;Act360;Act360;;ModifiedFollowing;ModifiedFollowing;;2D
14.08.2025;1M;DEPOSIT;USD;0,0443;LIBOR;1M;1M;;;;1M;Act360;Act360;;ModifiedFollowing;ModifiedFollowing;;2D
14.08.2025;25Y;OIS;USD;0,03953;SOFR;1D;1Y;;;;1Y;Act360;Act360;;ModifiedFollowing;ModifiedFollowing;;2D
14.08.2025;9Y;IRS;EUR;0,025211;EURIBOR;3M;3M;;;;1Y;Act360;Act360;;ModifiedFollowing;ModifiedFollowing;;2D
14.08.2025;9M;OIS;USD;0,03827;SOFR;1D;9M;;;;9M;Act360;Act360;;ModifiedFollowing;ModifiedFollowing;;2D
14.08.2025;5Mx11M;FRA;EUR;0,01977;EURIBOR;3M;3M;;;;3M;Act360;Act360;;ModifiedFollowing;ModifiedFollowing;;2D
14.08.2025;7Mx10M;FRA;USD;0,03727;LIBOR;3M;3M;;;;3M;Act360;Act360;;ModifiedFollowing;ModifiedFollowing;;2D
14.08.2025;4Y;OIS;USD;0,03303;SOFR;1D;1Y;;;;1Y;Act360;Act360;;ModifiedFollowing;ModifiedFollowing;;2D
14.08.2025;11M;OIS;USD;0,03746;SOFR;1D;1Y;;;;1Y;Act360;Act360;;ModifiedFollowing;ModifiedFollowing;;2D
14.08.2025;4Mx10M;FRA;GBP;0,03996;LIBOR;3M;3M;;;;3M;Act360;Act360;;ModifiedFollowing;ModifiedFollowing;;2D
14.08.2025;40Y;OIS;GBP;0,04502;SONIA;1D;1Y;;;;1Y;Act360;Act360;;ModifiedFollowing;ModifiedFollowing;;2D
14.08.2025;4M;OIS;USD;0,04081;SOFR;1D;4M;;;;4M;Act360;Act360;;ModifiedFollowing;ModifiedFollowing;;2D
14.08.2025;50Y;IRS;EUR;0,027925;EURIBOR;3M;3M;;;;1Y;Act360;Act360;;ModifiedFollowing;ModifiedFollowing;;2D
14.08.2025;1Y;OIS;EUR;0,01907;EONIA;1D;1Y;;;;1Y;Act360;Act360;;ModifiedFollowing;ModifiedFollowing;;2D
14.08.2025;11M;IRS;EUR;0,01836;EURIBOR;1M;1M;;;;1Y;Act360;Act360;;ModifiedFollowing;ModifiedFollowing;;2D
14.08.2025;5M;OIS;GBP;0,03941;SONIA;1D;5M;;;;5M;Act360;Act360;;ModifiedFollowing;ModifiedFollowing;;2D
14.08.2025;8Y;OIS;GBP;0,03917;SONIA;1D;1Y;;;;1Y;Act360;Act360;;ModifiedFollowing;ModifiedFollowing;;2D
14.08.2025;3M;OIS;USD;0,04141;SOFR;1D;3M;;;;3M;Act360;Act360;;ModifiedFollowing;ModifiedFollowing;;2D
14.08.2025;7D;OIS;EUR;0,019245;EONIA;1D;7D;;;;7D;Act360;Act360;;ModifiedFollowing;ModifiedFollowing;;2D
14.08.2025;3M;DEPOSIT;USD;0,04265;LIBOR;3M;3M;;;;3M;Act360;Act360;;ModifiedFollowing;ModifiedFollowing;;2D
14.08.2025;10Mx22M;FRA;EUR;0,02099;EURIBOR;3M;3M;;;;3M;Act360;Act360;;ModifiedFollowing;ModifiedFollowing;;2D
14.08.2025;1M;DEPOSIT;EUR;0,0213;EURIBOR;1M;1M;;;;1M;Act360;Act360;;ModifiedFollowing;ModifiedFollowing;;2D
14.08.2025;8Mx11M;FRA;USD;0,03654;LIBOR;3M;3M;;;;3M;Act360;Act360;;ModifiedFollowing;ModifiedFollowing;;2D
14.08.2025;50Y;OIS;USD;0,03652;SOFR;1D;1Y;;;;1Y;Act360;Act360;;ModifiedFollowing;ModifiedFollowing;;2D
14.08.2025;4M;OIS;EUR;0,01989;EONIA;1D;4M;;;;4M;Act360;Act360;;ModifiedFollowing;ModifiedFollowing;;2D
14.08.2025;3Y;OIS;USD;0,03299;SOFR;1D;1Y;;;;1Y;Act360;Act360;;ModifiedFollowing;ModifiedFollowing;;2D
14.08.2025;11M;OIS;EUR;0,01912;EONIA;1D;1Y;;;;1Y;Act360;Act360;;ModifiedFollowing;ModifiedFollowing;;2D
14.08.2025;8M;OIS;GBP;0,03884;SONIA;1D;8M;;;;8M;Act360;Act360;;ModifiedFollowing;ModifiedFollowing;;2D
14.08.2025;2M;OIS;USD;0,0421;SOFR;1D;2M;;;;2M;Act360;Act360;;ModifiedFollowing;ModifiedFollowing;;2D
14.08.2025;6Mx18M;FRA;EUR;0,02065;EURIBOR;3M;3M;;;;3M;Act360;Act360;;ModifiedFollowing;ModifiedFollowing;;2D
14.08.2025;1Mx13M;FRA;EUR;0,02117;EURIBOR;3M;3M;;;;3M;Act360;Act360;;ModifiedFollowing;ModifiedFollowing;;2D
14.08.2025;7Mx10M;FRA;GBP;0,03742;LIBOR;3M;3M;;;;3M;Act360;Act360;;ModifiedFollowing;ModifiedFollowing;;2D
14.08.2025;10Y;IRS;EUR;0,02582;EURIBOR;3M;3M;;;;1Y;Act360;Act360;;ModifiedFollowing;ModifiedFollowing;;2D
14.08.2025;4M;IRS;EUR;0,01888;EURIBOR;1M;1M;;;;1Y;Act360;Act360;;ModifiedFollowing;ModifiedFollowing;;2D
14.08.2025;6M;OIS;EUR;0,01961;EONIA;1D;6M;;;;6M;Act360;Act360;;ModifiedFollowing;ModifiedFollowing;;2D
14.08.2025;3Y;OIS;GBP;0,03652;SONIA;1D;1Y;;;;1Y;Act360;Act360;;ModifiedFollowing;ModifiedFollowing;;2D
14.08.2025;50Y;OIS;GBP;0,04403;SONIA;1D;1Y;;;;1Y;Act360;Act360;;ModifiedFollowing;ModifiedFollowing;;2D
14.08.2025;5M;OIS;EUR;0,01973;EONIA;1D;5M;;;;5M;Act360;Act360;;ModifiedFollowing;ModifiedFollowing;;2D
14.08.2025;14D;OIS;EUR;0,020085;EONIA;1D;14D;;;;14D;Act360;Act360;;ModifiedFollowing;ModifiedFollowing;;2D
14.08.2025;7Y;OIS;GBP;0,03845;SONIA;1D;1Y;;;;1Y;Act360;Act360;;ModifiedFollowing;ModifiedFollowing;;2D
14.08.2025;7D;OIS;USD;0,04328;SOFR;1D;7D;;;;7D;Act360;Act360;;ModifiedFollowing;ModifiedFollowing;;2D
14.08.2025;5Mx11M;FRA;USD;0,03947;LIBOR;3M;3M;;;;3M;Act360;Act360;;ModifiedFollowing;ModifiedFollowing;;2D
14.08.2025;3M;DEPOSIT;EUR;0,0198;EURIBOR;3M;3M;;;;3M;Act360;Act360;;ModifiedFollowing;ModifiedFollowing;;2D
14.08.2025;15Y;OIS;EUR;0,02742;EONIA;1D;1Y;;;;1Y;Act360;Act360;;ModifiedFollowing;ModifiedFollowing;;2D
14.08.2025;10M;OIS;EUR;0,0192;EONIA;1D;1Y;;;;1Y;Act360;Act360;;ModifiedFollowing;ModifiedFollowing;;2D
14.08.2025;2Y;OIS;USD;0,033815;SOFR;1D;1Y;;;;1Y;Act360;Act360;;ModifiedFollowing;ModifiedFollowing;;2D
14.08.2025;12M;DEPOSIT;GBP;0,0419;LIBOR;12M;1Y;;;;1Y;Act360;Act360;;ModifiedFollowing;ModifiedFollowing;;2D
14.08.2025;2M;OIS;EUR;0,02003;EONIA;1D;2M;;;;2M;Act360;Act360;;ModifiedFollowing;ModifiedFollowing;;2D
14.08.2025;9M;OIS;EUR;0,01928;EONIA;1D;9M;;;;9M;Act360;Act360;;ModifiedFollowing;ModifiedFollowing;;2D
14.08.2025;30Y;OIS;USD;0,03912;SOFR;1D;1Y;;;;1Y;Act360;Act360;;ModifiedFollowing;ModifiedFollowing;;2D
14.08.2025;1M;OIS;EUR;0,02011;EONIA;1D;1M;;;;1M;Act360;Act360;;ModifiedFollowing;ModifiedFollowing;;2D
14.08.2025;5Y;IRS;EUR;0,022336;EURIBOR;3M;3M;;;;1Y;Act360;Act360;;ModifiedFollowing;ModifiedFollowing;;2D
14.08.2025;40Y;OIS;USD;0,03785;SOFR;1D;1Y;;;;1Y;Act360;Act360;;ModifiedFollowing;ModifiedFollowing;;2D
14.08.2025;1Mx7M;FRA;USD;0,04316;LIBOR;3M;3M;;;;3M;Act360;Act360;;ModifiedFollowing;ModifiedFollowing;;2D
14.08.2025;3Mx6M;FRA;GBP;0,03957;LIBOR;3M;3M;;;;3M;Act360;Act360;;ModifiedFollowing;ModifiedFollowing;;2D
14.08.2025;3Mx9M;FRA;GBP;0,04051;LIBOR;3M;3M;;;;3M;Act360;Act360;;ModifiedFollowing;ModifiedFollowing;;2D
14.08.2025;11Y;IRS;EUR;0,026363;EURIBOR;3M;3M;;;;1Y;Act360;Act360;;ModifiedFollowing;ModifiedFollowing;;2D
14.08.2025;6M;DEPOSIT;GBP;0,042;LIBOR;6M;6M;;;;6M;Act360;Act360;;ModifiedFollowing;ModifiedFollowing;;2D
14.08.2025;35Y;OIS;USD;0,03849;SOFR;1D;1Y;;;;1Y;Act360;Act360;;ModifiedFollowing;ModifiedFollowing;;2D
14.08.2025;6M;OIS;GBP;0,03923;SONIA;1D;6M;;;;6M;Act360;Act360;;ModifiedFollowing;ModifiedFollowing;;2D
14.08.2025;6Y;OIS;GBP;0,03779;SONIA;1D;1Y;;;;1Y;Act360;Act360;;ModifiedFollowing;ModifiedFollowing;;2D
14.08.2025;18M;OIS;USD;0,0349;SOFR;1D;1Y;;;;1Y;Act360;Act360;;ModifiedFollowing;ModifiedFollowing;;2D
14.08.2025;6M;DEPOSIT;USD;0,0429;LIBOR;6M;6M;;;;6M;Act360;Act360;;ModifiedFollowing;ModifiedFollowing;;2D
14.08.2025;2Mx14M;FRA;EUR;0,02101;EURIBOR;3M;3M;;;;3M;Act360;Act360;;ModifiedFollowing;ModifiedFollowing;;2D
14.08.2025;6Mx9M;FRA;GBP;0,03793;LIBOR;3M;3M;;;;3M;Act360;Act360;;ModifiedFollowing;ModifiedFollowing;;2D
14.08.2025;11Mx23M;FRA;EUR;0,02114;EURIBOR;3M;3M;;;;3M;Act360;Act360;;ModifiedFollowing;ModifiedFollowing;;2D
14.08.2025;5M;IRS;EUR;0,01879;EURIBOR;1M;1M;;;;1Y;Act360;Act360;;ModifiedFollowing;ModifiedFollowing;;2D
14.08.2025;4Y;IRS;EUR;0,021535;EURIBOR;3M;3M;;;;1Y;Act360;Act360;;ModifiedFollowing;ModifiedFollowing;;2D
14.08.2025;2Y;OIS;GBP;0,03672;SONIA;1D;1Y;;;;1Y;Act360;Act360;;ModifiedFollowing;ModifiedFollowing;;2D
14.08.2025;8M;OIS;EUR;0,01938;EONIA;1D;8M;;;;8M;Act360;Act360;;ModifiedFollowing;ModifiedFollowing;;2D
14.08.2025;2Mx8M;FRA;USD;0,04212;LIBOR;3M;3M;;;;3M;Act360;Act360;;ModifiedFollowing;ModifiedFollowing;;2D
14.08.2025;25Y;IRS;EUR;0,028695;EURIBOR;3M;3M;;;;1Y;Act360;Act360;;ModifiedFollowing;ModifiedFollowing;;2D
14.08.2025;20Y;OIS;EUR;0,02817;EONIA;1D;1Y;;;;1Y;Act360;Act360;;ModifiedFollowing;ModifiedFollowing;;2D
14.08.2025;1M;DEPOSIT;GBP;0,0403;LIBOR;1M;1M;;;;1M;Act360;Act360;;ModifiedFollowing;ModifiedFollowing;;2D
14.08.2025;5M;OIS;USD;0,04011;SOFR;1D;5M;;;;5M;Act360;Act360;;ModifiedFollowing;ModifiedFollowing;;2D
14.08.2025;14D;OIS;GBP;0,03972;SONIA;1D;14D;;;;14D;Act360;Act360;;ModifiedFollowing;ModifiedFollowing;;2D
14.08.2025;5Mx8M;FRA;GBP;0,03844;LIBOR;3M;3M;;;;3M;Act360;Act360;;ModifiedFollowing;ModifiedFollowing;;2D
14.08.2025;2Mx5M;FRA;GBP;0,04013;LIBOR;3M;3M;;;;3M;Act360;Act360;;ModifiedFollowing;ModifiedFollowing;;2D
14.08.2025;1Mx7M;FRA;EUR;0,02053;EURIBOR;3M;3M;;;;3M;Act360;Act360;;ModifiedFollowing;ModifiedFollowing;;2D
14.08.2025;14D;OIS;USD;0,0433;SOFR;1D;14D;;;;14D;Act360;Act360;;ModifiedFollowing;ModifiedFollowing;;2D
14.08.2025;15Y;OIS;USD;0,0386;SOFR;1D;1Y;;;;1Y;Act360;Act360;;ModifiedFollowing;ModifiedFollowing;;2D
14.08.2025;1M;OIS;USD;0,04335;SOFR;1D;1M;;;;1M;Act360;Act360;;ModifiedFollowing;ModifiedFollowing;;2D
14.08.2025;25Y;OIS;GBP;0,04559;SONIA;1D;1Y;;;;1Y;Act360;Act360;;ModifiedFollowing;ModifiedFollowing;;2D
14.08.2025;8Y;OIS;EUR;0,024015;EONIA;1D;1Y;;;;1Y;Act360;Act360;;ModifiedFollowing;ModifiedFollowing;;2D
14.08.2025;12Y;OIS;USD;0,03741;SOFR;1D;1Y;;;;1Y;Act360;Act360;;ModifiedFollowing;ModifiedFollowing;;2D
14.08.2025;5Y;OIS;GBP;0,03721;SONIA;1D;1Y;;;;1Y;Act360;Act360;;ModifiedFollowing;ModifiedFollowing;;2D
14.08.2025;8Mx11M;FRA;EUR;0,01859;EURIBOR;3M;3M;;;;3M;Act360;Act360;;ModifiedFollowing;ModifiedFollowing;;2D
14.08.2025;7M;IRS;EUR;0,01865;EURIBOR;1M;1M;;;;1Y;Act360;Act360;;ModifiedFollowing;ModifiedFollowing;;2D
14.08.2025;4Y;OIS;GBP;0,03676;SONIA;1D;1Y;;;;1Y;Act360;Act360;;ModifiedFollowing;ModifiedFollowing;;2D
14.08.2025;2Mx8M;FRA;GBP;0,04106;LIBOR;3M;3M;;;;3M;Act360;Act360;;ModifiedFollowing;ModifiedFollowing;;2D
14.08.2025;6Y;IRS;EUR;0,023102;EURIBOR;3M;3M;;;;1Y;Act360;Act360;;ModifiedFollowing;ModifiedFollowing;;2D
14.08.2025;7Y;OIS;EUR;0,023295;EONIA;1D;1Y;;;;1Y;Act360;Act360;;ModifiedFollowing;ModifiedFollowing;;2D
14.08.2025;2Mx5M;FRA;USD;0,04174;LIBOR;3M;3M;;;;3M;Act360;Act360;;ModifiedFollowing;ModifiedFollowing;;2D
14.08.2025;3Y;IRS;EUR;0,020633;EURIBOR;3M;3M;;;;1Y;Act360;Act360;;ModifiedFollowing;ModifiedFollowing;;2D
14.08.2025;3Mx6M;FRA;USD;0,04059;LIBOR;3M;3M;;;;3M;Act360;Act360;;ModifiedFollowing;ModifiedFollowing;;2D
14.08.2025;2M;OIS;GBP;0,03978;SONIA;1D;2M;;;;2M;Act360;Act360;;ModifiedFollowing;ModifiedFollowing;;2D
14.08.2025;9M;OIS;GBP;0,03864;SONIA;1D;9M;;;;9M;Act360;Act360;;ModifiedFollowing;ModifiedFollowing;;2D
14.08.2025;10Y;OIS;USD;0,03634;SOFR;1D;1Y;;;;1Y;Act360;Act360;;ModifiedFollowing;ModifiedFollowing;;2D
14.08.2025;1Y;IRS;EUR;0,01969;EURIBOR;3M;3M;;;;1Y;Act360;Act360;;ModifiedFollowing;ModifiedFollowing;;2D
14.08.2025;7Mx10M;FRA;EUR;0,01864;EURIBOR;3M;3M;;;;3M;Act360;Act360;;ModifiedFollowing;ModifiedFollowing;;2D
14.08.2025;60Y;IRS;EUR;0,02744;EURIBOR;3M;3M;;;;1Y;Act360;Act360;;ModifiedFollowing;ModifiedFollowing;;2D
14.08.2025;20Y;OIS;GBP;0,04497;SONIA;1D;1Y;;;;1Y;Act360;Act360;;ModifiedFollowing;ModifiedFollowing;;2D
14.08.2025;6M;DEPOSIT;EUR;0,0188;EURIBOR;6M;6M;;;;6M;Act360;Act360;;ModifiedFollowing;ModifiedFollowing;;2D
14.08.2025;2Mx8M;FRA;EUR;0,02032;EURIBOR;3M;3M;;;;3M;Act360;Act360;;ModifiedFollowing;ModifiedFollowing;;2D
14.08.2025;7M;OIS;EUR;0,01951;EONIA;1D;7M;;;;7M;Act360;Act360;;ModifiedFollowing;ModifiedFollowing;;2D
14.08.2025;40Y;IRS;EUR;0,02833;EURIBOR;3M;3M;;;;1Y;Act360;Act360;;ModifiedFollowing;ModifiedFollowing;;2D
14.08.2025;7M;OIS;USD;0,03916;SOFR;1D;7M;;;;7M;Act360;Act360;;ModifiedFollowing;ModifiedFollowing;;2D
14.08.2025;7Y;IRS;EUR;0,023838;EURIBOR;3M;3M;;;;1Y;Act360;Act360;;ModifiedFollowing;ModifiedFollowing;;2D
14.08.2025;6Mx9M;FRA;EUR;0,01879;EURIBOR;3M;3M;;;;3M;Act360;Act360;;ModifiedFollowing;ModifiedFollowing;;2D
14.08.2025;6Y;OIS;EUR;0,022545;EONIA;1D;1Y;;;;1Y;Act360;Act360;;ModifiedFollowing;ModifiedFollowing;;2D
14.08.2025;10M;OIS;USD;0,03788;SOFR;1D;1Y;;;;1Y;Act360;Act360;;ModifiedFollowing;ModifiedFollowing;;2D
14.08.2025;5Y;OIS;EUR;0,021755;EONIA;1D;1Y;;;;1Y;Act360;Act360;;ModifiedFollowing;ModifiedFollowing;;2D
14.08.2025;8M;IRS;EUR;0,01855;EURIBOR;1M;1M;;;;1Y;Act360;Act360;;ModifiedFollowing;ModifiedFollowing;;2D
14.08.2025;1Y;OIS;GBP;0,03813;SONIA;1D;1Y;;;;1Y;Act360;Act360;;ModifiedFollowing;ModifiedFollowing;;2D
14.08.2025;5Mx8M;FRA;EUR;0,01901;EURIBOR;3M;3M;;;;3M;Act360;Act360;;ModifiedFollowing;ModifiedFollowing;;2D
14.08.2025;4Mx7M;FRA;USD;0,0396;LIBOR;3M;3M;;;;3M;Act360;Act360;;ModifiedFollowing;ModifiedFollowing;;2D
14.08.2025;7D;OIS;GBP;0,03971;SONIA;1D;7D;;;;7D;Act360;Act360;;ModifiedFollowing;ModifiedFollowing;;2D
14.08.2025;9Y;OIS;USD;0,03576;SOFR;1D;1Y;;;;1Y;Act360;Act360;;ModifiedFollowing;ModifiedFollowing;;2D
14.08.2025;1Mx7M;FRA;GBP;0,04156;LIBOR;3M;3M;;;;3M;Act360;Act360;;ModifiedFollowing;ModifiedFollowing;;2D
14.08.2025;4Mx7M;FRA;GBP;0,039;LIBOR;3M;3M;;;;3M;Act360;Act360;;ModifiedFollowing;ModifiedFollowing;;2D
14.08.2025;4Mx7M;FRA;EUR;0,01919;EURIBOR;3M;3M;;;;3M;Act360;Act360;;ModifiedFollowing;ModifiedFollowing;;2D
14.08.2025;5Mx17M;FRA;EUR;0,02069;EURIBOR;3M;3M;;;;3M;Act360;Act360;;ModifiedFollowing;ModifiedFollowing;;2D
13.08.2025;4Mx16M;FRA;EUR;0,0209;EURIBOR;3M;3M;;;;3M;Act360;Act360;;ModifiedFollowing;ModifiedFollowing;;2D
13.08.2025;15Y;IRS;EUR;0,028305;EURIBOR;3M;3M;;;;1Y;Act360;Act360;;ModifiedFollowing;ModifiedFollowing;;2D
13.08.2025;4M;OIS;USD;0,04112;SOFR;1D;4M;;;;4M;Act360;Act360;;ModifiedFollowing;ModifiedFollowing;;2D
13.08.2025;2Y;OIS;GBP;0,0367;SONIA;1D;1Y;;;;1Y;Act360;Act360;;ModifiedFollowing;ModifiedFollowing;;2D
13.08.2025;5Mx11M;FRA;USD;0,03987;LIBOR;3M;3M;;;;3M;Act360;Act360;;ModifiedFollowing;ModifiedFollowing;;2D
13.08.2025;8M;OIS;GBP;0,03879;SONIA;1D;8M;;;;8M;Act360;Act360;;ModifiedFollowing;ModifiedFollowing;;2D
13.08.2025;18M;OIS;GBP;0,03703;SONIA;1D;1Y;;;;1Y;Act360;Act360;;ModifiedFollowing;ModifiedFollowing;;2D
13.08.2025;30Y;IRS;EUR;0,028965;EURIBOR;3M;3M;;;;1Y;Act360;Act360;;ModifiedFollowing;ModifiedFollowing;;2D
13.08.2025;1Mx4M;FRA;GBP;0,04053;LIBOR;3M;3M;;;;3M;Act360;Act360;;ModifiedFollowing;ModifiedFollowing;;2D
13.08.2025;20Y;IRS;EUR;0,029035;EURIBOR;3M;3M;;;;1Y;Act360;Act360;;ModifiedFollowing;ModifiedFollowing;;2D
13.08.2025;4Mx7M;FRA;GBP;0,03894;LIBOR;3M;3M;;;;3M;Act360;Act360;;ModifiedFollowing;ModifiedFollowing;;2D
13.08.2025;1Y;OIS;GBP;0,03809;SONIA;1D;1Y;;;;1Y;Act360;Act360;;ModifiedFollowing;ModifiedFollowing;;2D
13.08.2025;3M;OIS;EUR;0,02;EONIA;1D;3M;;;;3M;Act360;Act360;;ModifiedFollowing;ModifiedFollowing;;2D
13.08.2025;2Mx5M;FRA;GBP;0,04007;LIBOR;3M;3M;;;;3M;Act360;Act360;;ModifiedFollowing;ModifiedFollowing;;2D
13.08.2025;9M;OIS;GBP;0,0386;SONIA;1D;9M;;;;9M;Act360;Act360;;ModifiedFollowing;ModifiedFollowing;;2D
13.08.2025;11M;OIS;GBP;0,03824;SONIA;1D;1Y;;;;1Y;Act360;Act360;;ModifiedFollowing;ModifiedFollowing;;2D
13.08.2025;10M;OIS;GBP;0,0384;SONIA;1D;1Y;;;;1Y;Act360;Act360;;ModifiedFollowing;ModifiedFollowing;;2D
13.08.2025;3Mx6M;FRA;GBP;0,0395;LIBOR;3M;3M;;;;3M;Act360;Act360;;ModifiedFollowing;ModifiedFollowing;;2D
13.08.2025;25Y;IRS;EUR;0,02905;EURIBOR;3M;3M;;;;1Y;Act360;Act360;;ModifiedFollowing;ModifiedFollowing;;2D
13.08.2025;1Y;OIS;USD;0,03744;SOFR;1D;1Y;;;;1Y;Act360;Act360;;ModifiedFollowing;ModifiedFollowing;;2D
13.08.2025;14D;OIS;USD;0,04329;SOFR;1D;14D;;;;14D;Act360;Act360;;ModifiedFollowing;ModifiedFollowing;;2D
13.08.2025;8M;OIS;EUR;0,01946;EONIA;1D;8M;;;;8M;Act360;Act360;;ModifiedFollowing;ModifiedFollowing;;2D
13.08.2025;18M;OIS;USD;0,03528;SOFR;1D;1Y;;;;1Y;Act360;Act360;;ModifiedFollowing;ModifiedFollowing;;2D
13.08.2025;1M;OIS;EUR;0,0201;EONIA;1D;1M;;;;1M;Act360;Act360;;ModifiedFollowing;ModifiedFollowing;;2D
13.08.2025;9M;OIS;EUR;0,01936;EONIA;1D;9M;;;;9M;Act360;Act360;;ModifiedFollowing;ModifiedFollowing;;2D
13.08.2025;2Y;OIS;USD;0,034205;SOFR;1D;1Y;;;;1Y;Act360;Act360;;ModifiedFollowing;ModifiedFollowing;;2D
13.08.2025;7D;OIS;USD;0,04327;SOFR;1D;7D;;;;7D;Act360;Act360;;ModifiedFollowing;ModifiedFollowing;;2D
13.08.2025;14D;OIS;EUR;0,020085;EONIA;1D;14D;;;;14D;Act360;Act360;;ModifiedFollowing;ModifiedFollowing;;2D
13.08.2025;2M;OIS;EUR;0,02006;EONIA;1D;2M;;;;2M;Act360;Act360;;ModifiedFollowing;ModifiedFollowing;;2D
13.08.2025;10M;OIS;EUR;0,01928;EONIA;1D;1Y;;;;1Y;Act360;Act360;;ModifiedFollowing;ModifiedFollowing;;2D
13.08.2025;11M;OIS;EUR;0,01922;EONIA;1D;1Y;;;;1Y;Act360;Act360;;ModifiedFollowing;ModifiedFollowing;;2D
13.08.2025;2M;OIS;USD;0,04234;SOFR;1D;2M;;;;2M;Act360;Act360;;ModifiedFollowing;ModifiedFollowing;;2D
13.08.2025;3Y;OIS;USD;0,0334;SOFR;1D;1Y;;;;1Y;Act360;Act360;;ModifiedFollowing;ModifiedFollowing;;2D
13.08.2025;9M;OIS;USD;0,0386;SOFR;1D;9M;;;;9M;Act360;Act360;;ModifiedFollowing;ModifiedFollowing;;2D
13.08.2025;7D;OIS;EUR;0,019245;EONIA;1D;7D;;;;7D;Act360;Act360;;ModifiedFollowing;ModifiedFollowing;;2D
13.08.2025;11M;IRS;EUR;0,01852;EURIBOR;1M;1M;;;;1Y;Act360;Act360;;ModifiedFollowing;ModifiedFollowing;;2D
13.08.2025;5M;OIS;EUR;0,0198;EONIA;1D;5M;;;;5M;Act360;Act360;;ModifiedFollowing;ModifiedFollowing;;2D
13.08.2025;1Y;OIS;EUR;0,01916;EONIA;1D;1Y;;;;1Y;Act360;Act360;;ModifiedFollowing;ModifiedFollowing;;2D
13.08.2025;4Y;OIS;USD;0,03344;SOFR;1D;1Y;;;;1Y;Act360;Act360;;ModifiedFollowing;ModifiedFollowing;;2D
13.08.2025;8M;OIS;USD;0,03901;SOFR;1D;8M;;;;8M;Act360;Act360;;ModifiedFollowing;ModifiedFollowing;;2D
13.08.2025;10M;IRS;EUR;0,01857;EURIBOR;1M;1M;;;;1Y;Act360;Act360;;ModifiedFollowing;ModifiedFollowing;;2D
13.08.2025;18M;OIS;EUR;0,01904;EONIA;1D;1Y;;;;1Y;Act360;Act360;;ModifiedFollowing;ModifiedFollowing;;2D
13.08.2025;5Y;OIS;USD;0,03377;SOFR;1D;1Y;;;;1Y;Act360;Act360;;ModifiedFollowing;ModifiedFollowing;;2D
13.08.2025;2Y;OIS;EUR;0,01933;EONIA;1D;1Y;;;;1Y;Act360;Act360;;ModifiedFollowing;ModifiedFollowing;;2D
13.08.2025;6Y;OIS;USD;0,0343;SOFR;1D;1Y;;;;1Y;Act360;Act360;;ModifiedFollowing;ModifiedFollowing;;2D
13.08.2025;1Mx4M;FRA;EUR;0,02003;EURIBOR;3M;3M;;;;3M;Act360;Act360;;ModifiedFollowing;ModifiedFollowing;;2D
13.08.2025;6M;OIS;EUR;0,01968;EONIA;1D;6M;;;;6M;Act360;Act360;;ModifiedFollowing;ModifiedFollowing;;2D
13.08.2025;7Y;OIS;USD;0,0349;SOFR;1D;1Y;;;;1Y;Act360;Act360;;ModifiedFollowing;ModifiedFollowing;;2D
13.08.2025;3Y;OIS;EUR;0,02028;EONIA;1D;1Y;;;;1Y;Act360;Act360;;ModifiedFollowing;ModifiedFollowing;;2D
13.08.2025;9M;IRS;EUR;0,01863;EURIBOR;1M;1M;;;;1Y;Act360;Act360;;ModifiedFollowing;ModifiedFollowing;;2D
13.08.2025;2Mx5M;FRA;EUR;0,02;EURIBOR;3M;3M;;;;3M;Act360;Act360;;ModifiedFollowing;ModifiedFollowing;;2D
13.08.2025;3Mx6M;FRA;EUR;0,01955;EURIBOR;3M;3M;;;;3M;Act360;Act360;;ModifiedFollowing;ModifiedFollowing;;2D
13.08.2025;8Y;OIS;USD;0,03553;SOFR;1D;1Y;;;;1Y;Act360;Act360;;ModifiedFollowing;ModifiedFollowing;;2D
13.08.2025;4Y;OIS;EUR;0,02124;EONIA;1D;1Y;;;;1Y;Act360;Act360;;ModifiedFollowing;ModifiedFollowing;;2D
13.08.2025;4Mx7M;FRA;EUR;0,0193;EURIBOR;3M;3M;;;;3M;Act360;Act360;;ModifiedFollowing;ModifiedFollowing;;2D
13.08.2025;9Y;OIS;USD;0,03612;SOFR;1D;1Y;;;;1Y;Act360;Act360;;ModifiedFollowing;ModifiedFollowing;;2D
13.08.2025;5Mx8M;FRA;EUR;0,01908;EURIBOR;3M;3M;;;;3M;Act360;Act360;;ModifiedFollowing;ModifiedFollowing;;2D
13.08.2025;8M;IRS;EUR;0,01871;EURIBOR;1M;1M;;;;1Y;Act360;Act360;;ModifiedFollowing;ModifiedFollowing;;2D
13.08.2025;5Y;OIS;EUR;0,022095;EONIA;1D;1Y;;;;1Y;Act360;Act360;;ModifiedFollowing;ModifiedFollowing;;2D
13.08.2025;6Y;OIS;EUR;0,022905;EONIA;1D;1Y;;;;1Y;Act360;Act360;;ModifiedFollowing;ModifiedFollowing;;2D
13.08.2025;6Mx9M;FRA;EUR;0,01889;EURIBOR;3M;3M;;;;3M;Act360;Act360;;ModifiedFollowing;ModifiedFollowing;;2D
13.08.2025;7Mx10M;FRA;EUR;0,01876;EURIBOR;3M;3M;;;;3M;Act360;Act360;;ModifiedFollowing;ModifiedFollowing;;2D
13.08.2025;10Y;OIS;USD;0,03671;SOFR;1D;1Y;;;;1Y;Act360;Act360;;ModifiedFollowing;ModifiedFollowing;;2D
13.08.2025;7Y;OIS;EUR;0,02365;EONIA;1D;1Y;;;;1Y;Act360;Act360;;ModifiedFollowing;ModifiedFollowing;;2D
13.08.2025;10M;OIS;USD;0,03822;SOFR;1D;1Y;;;;1Y;Act360;Act360;;ModifiedFollowing;ModifiedFollowing;;2D
13.08.2025;7M;IRS;EUR;0,01879;EURIBOR;1M;1M;;;;1Y;Act360;Act360;;ModifiedFollowing;ModifiedFollowing;;2D
13.08.2025;8Mx11M;FRA;EUR;0,01873;EURIBOR;3M;3M;;;;3M;Act360;Act360;;ModifiedFollowing;ModifiedFollowing;;2D
13.08.2025;12Y;OIS;USD;0,03778;SOFR;1D;1Y;;;;1Y;Act360;Act360;;ModifiedFollowing;ModifiedFollowing;;2D
13.08.2025;1M;OIS;USD;0,04334;SOFR;1D;1M;;;;1M;Act360;Act360;;ModifiedFollowing;ModifiedFollowing;;2D
13.08.2025;1Mx7M;FRA;EUR;0,02155;EURIBOR;3M;3M;;;;3M;Act360;Act360;;ModifiedFollowing;ModifiedFollowing;;2D
13.08.2025;15Y;OIS;USD;0,03892;SOFR;1D;1Y;;;;1Y;Act360;Act360;;ModifiedFollowing;ModifiedFollowing;;2D
13.08.2025;8Y;OIS;EUR;0,02436;EONIA;1D;1Y;;;;1Y;Act360;Act360;;ModifiedFollowing;ModifiedFollowing;;2D
13.08.2025;7M;OIS;USD;0,03945;SOFR;1D;7M;;;;7M;Act360;Act360;;ModifiedFollowing;ModifiedFollowing;;2D
13.08.2025;2Mx8M;FRA;EUR;0,02039;EURIBOR;3M;3M;;;;3M;Act360;Act360;;ModifiedFollowing;ModifiedFollowing;;2D
13.08.2025;3Mx9M;FRA;EUR;0,02015;EURIBOR;3M;3M;;;;3M;Act360;Act360;;ModifiedFollowing;ModifiedFollowing;;2D
13.08.2025;20Y;OIS;USD;0,03985;SOFR;1D;1Y;;;;1Y;Act360;Act360;;ModifiedFollowing;ModifiedFollowing;;2D
13.08.2025;9Y;OIS;EUR;0,02504;EONIA;1D;1Y;;;;1Y;Act360;Act360;;ModifiedFollowing;ModifiedFollowing;;2D
13.08.2025;6M;IRS;EUR;0,01886;EURIBOR;1M;1M;;;;1Y;Act360;Act360;;ModifiedFollowing;ModifiedFollowing;;2D
13.08.2025;4Mx10M;FRA;EUR;0,01999;EURIBOR;3M;3M;;;;3M;Act360;Act360;;ModifiedFollowing;ModifiedFollowing;;2D
13.08.2025;10Y;OIS;EUR;0,02567;EONIA;1D;1Y;;;;1Y;Act360;Act360;;ModifiedFollowing;ModifiedFollowing;;2D
13.08.2025;25Y;OIS;USD;0,03984;SOFR;1D;1Y;;;;1Y;Act360;Act360;;ModifiedFollowing;ModifiedFollowing;;2D
13.08.2025;5Mx11M;FRA;EUR;0,01985;EURIBOR;3M;3M;;;;3M;Act360;Act360;;ModifiedFollowing;ModifiedFollowing;;2D
13.08.2025;1Mx13M;FRA;EUR;0,02128;EURIBOR;3M;3M;;;;3M;Act360;Act360;;ModifiedFollowing;ModifiedFollowing;;2D
13.08.2025;12M;DEPOSIT;GBP;0,04175;LIBOR;12M;1Y;;;;1Y;Act360;Act360;;ModifiedFollowing;ModifiedFollowing;;2D
13.08.2025;15Y;OIS;EUR;0,0278;EONIA;1D;1Y;;;;1Y;Act360;Act360;;ModifiedFollowing;ModifiedFollowing;;2D
13.08.2025;30Y;OIS;USD;0,03944;SOFR;1D;1Y;;;;1Y;Act360;Act360;;ModifiedFollowing;ModifiedFollowing;;2D
13.08.2025;6M;DEPOSIT;GBP;0,042;LIBOR;6M;6M;;;;6M;Act360;Act360;;ModifiedFollowing;ModifiedFollowing;;2D
13.08.2025;5M;IRS;EUR;0,01895;EURIBOR;1M;1M;;;;1Y;Act360;Act360;;ModifiedFollowing;ModifiedFollowing;;2D
13.08.2025;2Mx14M;FRA;EUR;0,02114;EURIBOR;3M;3M;;;;3M;Act360;Act360;;ModifiedFollowing;ModifiedFollowing;;2D
13.08.2025;20Y;OIS;EUR;0,02854;EONIA;1D;1Y;;;;1Y;Act360;Act360;;ModifiedFollowing;ModifiedFollowing;;2D
13.08.2025;3M;DEPOSIT;GBP;0,04145;LIBOR;3M;3M;;;;3M;Act360;Act360;;ModifiedFollowing;ModifiedFollowing;;2D
13.08.2025;3Mx15M;FRA;EUR;0,02099;EURIBOR;3M;3M;;;;3M;Act360;Act360;;ModifiedFollowing;ModifiedFollowing;;2D
13.08.2025;35Y;OIS;USD;0,03881;SOFR;1D;1Y;;;;1Y;Act360;Act360;;ModifiedFollowing;ModifiedFollowing;;2D
13.08.2025;1M;DEPOSIT;GBP;0,0408;LIBOR;1M;1M;;;;1M;Act360;Act360;;ModifiedFollowing;ModifiedFollowing;;2D
13.08.2025;30Y;OIS;EUR;0,02854;EONIA;1D;1Y;;;;1Y;Act360;Act360;;ModifiedFollowing;ModifiedFollowing;;2D
13.08.2025;4Mx10M;FRA;USD;0,04064;LIBOR;3M;3M;;;;3M;Act360;Act360;;ModifiedFollowing;ModifiedFollowing;;2D
13.08.2025;4M;IRS;EUR;0,01904;EURIBOR;1M;1M;;;;1Y;Act360;Act360;;ModifiedFollowing;ModifiedFollowing;;2D
13.08.2025;12M;DEPOSIT;USD;0,0412;LIBOR;12M;1Y;;;;1Y;Act360;Act360;;ModifiedFollowing;ModifiedFollowing;;2D
13.08.2025;5Mx17M;FRA;EUR;0,02086;EURIBOR;3M;3M;;;;3M;Act360;Act360;;ModifiedFollowing;ModifiedFollowing;;2D
13.08.2025;1Y;IRS;EUR;0,01975;EURIBOR;3M;3M;;;;1Y;Act360;Act360;;ModifiedFollowing;ModifiedFollowing;;2D
13.08.2025;3M;OIS;USD;0,04163;SOFR;1D;3M;;;;3M;Act360;Act360;;ModifiedFollowing;ModifiedFollowing;;2D
13.08.2025;6M;DEPOSIT;USD;0,04265;LIBOR;6M;6M;;;;6M;Act360;Act360;;ModifiedFollowing;ModifiedFollowing;;2D
13.08.2025;40Y;OIS;USD;0,03817;SOFR;1D;1Y;;;;1Y;Act360;Act360;;ModifiedFollowing;ModifiedFollowing;;2D
13.08.2025;6Mx18M;FRA;EUR;0,02083;EURIBOR;3M;3M;;;;3M;Act360;Act360;;ModifiedFollowing;ModifiedFollowing;;2D
13.08.2025;50Y;OIS;USD;0,03685;SOFR;1D;1Y;;;;1Y;Act360;Act360;;ModifiedFollowing;ModifiedFollowing;;2D
13.08.2025;3M;DEPOSIT;USD;0,044;LIBOR;3M;3M;;;;3M;Act360;Act360;;ModifiedFollowing;ModifiedFollowing;;2D
13.08.2025;3M;IRS;EUR;0,01903;EURIBOR;1M;1M;;;;1Y;Act360;Act360;;ModifiedFollowing;ModifiedFollowing;;2D
13.08.2025;1M;DEPOSIT;USD;0,0444;LIBOR;1M;1M;;;;1M;Act360;Act360;;ModifiedFollowing;ModifiedFollowing;;2D
13.08.2025;7Mx19M;FRA;EUR;0,02088;EURIBOR;3M;3M;;;;3M;Act360;Act360;;ModifiedFollowing;ModifiedFollowing;;2D
13.08.2025;11M;OIS;USD;0,03785;SOFR;1D;1Y;;;;1Y;Act360;Act360;;ModifiedFollowing;ModifiedFollowing;;2D
13.08.2025;5Mx11M;FRA;GBP;0,03955;LIBOR;3M;3M;;;;3M;Act360;Act360;;ModifiedFollowing;ModifiedFollowing;;2D
13.08.2025;2Y;IRS;EUR;0,019955;EURIBOR;3M;3M;;;;1Y;Act360;Act360;;ModifiedFollowing;ModifiedFollowing;;2D
13.08.2025;12M;DEPOSIT;EUR;0,0202;EURIBOR;12M;1Y;;;;1Y;Act360;Act360;;ModifiedFollowing;ModifiedFollowing;;2D
13.08.2025;8Mx20M;FRA;EUR;0,02098;EURIBOR;3M;3M;;;;3M;Act360;Act360;;ModifiedFollowing;ModifiedFollowing;;2D
13.08.2025;7D;OIS;GBP;0,0397;SONIA;1D;7D;;;;7D;Act360;Act360;;ModifiedFollowing;ModifiedFollowing;;2D
13.08.2025;6M;DEPOSIT;EUR;0,0189;EURIBOR;6M;6M;;;;6M;Act360;Act360;;ModifiedFollowing;ModifiedFollowing;;2D
13.08.2025;3Y;IRS;EUR;0,0209;EURIBOR;3M;3M;;;;1Y;Act360;Act360;;ModifiedFollowing;ModifiedFollowing;;2D
13.08.2025;6M;OIS;USD;0,03985;SOFR;1D;6M;;;;6M;Act360;Act360;;ModifiedFollowing;ModifiedFollowing;;2D
13.08.2025;9Mx21M;FRA;EUR;0,02109;EURIBOR;3M;3M;;;;3M;Act360;Act360;;ModifiedFollowing;ModifiedFollowing;;2D
13.08.2025;4Mx10M;FRA;GBP;0,03995;LIBOR;3M;3M;;;;3M;Act360;Act360;;ModifiedFollowing;ModifiedFollowing;;2D
13.08.2025;3M;DEPOSIT;EUR;0,02075;EURIBOR;3M;3M;;;;3M;Act360;Act360;;ModifiedFollowing;ModifiedFollowing;;2D
13.08.2025;10Mx22M;FRA;EUR;0,02123;EURIBOR;3M;3M;;;;3M;Act360;Act360;;ModifiedFollowing;ModifiedFollowing;;2D
13.08.2025;14D;OIS;GBP;0,03972;SONIA;1D;14D;;;;14D;Act360;Act360;;ModifiedFollowing;ModifiedFollowing;;2D
13.08.2025;4Y;IRS;EUR;0,021845;EURIBOR;3M;3M;;;;1Y;Act360;Act360;;ModifiedFollowing;ModifiedFollowing;;2D
13.08.2025;1M;DEPOSIT;EUR;0,0195;EURIBOR;1M;1M;;;;1M;Act360;Act360;;ModifiedFollowing;ModifiedFollowing;;2D
13.08.2025;2M;IRS;EUR;0,01897;EURIBOR;1M;1M;;;;1Y;Act360;Act360;;ModifiedFollowing;ModifiedFollowing;;2D
13.08.2025;11Mx23M;FRA;EUR;0,02139;EURIBOR;3M;3M;;;;3M;Act360;Act360;;ModifiedFollowing;ModifiedFollowing;;2D
13.08.2025;3Mx9M;FRA;GBP;0,0405;LIBOR;3M;3M;;;;3M;Act360;Act360;;ModifiedFollowing;ModifiedFollowing;;2D
13.08.2025;50Y;OIS;GBP;0,04422;SONIA;1D;1Y;;;;1Y;Act360;Act360;;ModifiedFollowing;ModifiedFollowing;;2D
13.08.2025;40Y;OIS;GBP;0,04521;SONIA;1D;1Y;;;;1Y;Act360;Act360;;ModifiedFollowing;ModifiedFollowing;;2D
13.08.2025;7M;OIS;EUR;0,01957;EONIA;1D;7M;;;;7M;Act360;Act360;;ModifiedFollowing;ModifiedFollowing;;2D
13.08.2025;1Mx4M;FRA;USD;0,04356;LIBOR;3M;3M;;;;3M;Act360;Act360;;ModifiedFollowing;ModifiedFollowing;;2D
13.08.2025;5Y;IRS;EUR;0,02267;EURIBOR;3M;3M;;;;1Y;Act360;Act360;;ModifiedFollowing;ModifiedFollowing;;2D
13.08.2025;1M;OIS;GBP;0,03976;SONIA;1D;1M;;;;1M;Act360;Act360;;ModifiedFollowing;ModifiedFollowing;;2D
13.08.2025;30Y;OIS;GBP;0,04584;SONIA;1D;1Y;;;;1Y;Act360;Act360;;ModifiedFollowing;ModifiedFollowing;;2D
13.08.2025;2Mx5M;FRA;USD;0,04207;LIBOR;3M;3M;;;;3M;Act360;Act360;;ModifiedFollowing;ModifiedFollowing;;2D
13.08.2025;6Y;IRS;EUR;0,02344;EURIBOR;3M;3M;;;;1Y;Act360;Act360;;ModifiedFollowing;ModifiedFollowing;;2D
13.08.2025;2Mx8M;FRA;GBP;0,04103;LIBOR;3M;3M;;;;3M;Act360;Act360;;ModifiedFollowing;ModifiedFollowing;;2D
13.08.2025;25Y;OIS;GBP;0,04577;SONIA;1D;1Y;;;;1Y;Act360;Act360;;ModifiedFollowing;ModifiedFollowing;;2D
13.08.2025;3Mx6M;FRA;USD;0,04092;LIBOR;3M;3M;;;;3M;Act360;Act360;;ModifiedFollowing;ModifiedFollowing;;2D
13.08.2025;2M;OIS;GBP;0,03976;SONIA;1D;2M;;;;2M;Act360;Act360;;ModifiedFollowing;ModifiedFollowing;;2D
13.08.2025;60Y;IRS;EUR;0,02779;EURIBOR;3M;3M;;;;1Y;Act360;Act360;;ModifiedFollowing;ModifiedFollowing;;2D
13.08.2025;20Y;OIS;GBP;0,04516;SONIA;1D;1Y;;;;1Y;Act360;Act360;;ModifiedFollowing;ModifiedFollowing;;2D
13.08.2025;7Y;IRS;EUR;0,02418;EURIBOR;3M;3M;;;;1Y;Act360;Act360;;ModifiedFollowing;ModifiedFollowing;;2D
13.08.2025;4Mx7M;FRA;USD;0,03991;LIBOR;3M;3M;;;;3M;Act360;Act360;;ModifiedFollowing;ModifiedFollowing;;2D
13.08.2025;1Mx7M;FRA;GBP;0,0415;LIBOR;3M;3M;;;;3M;Act360;Act360;;ModifiedFollowing;ModifiedFollowing;;2D
13.08.2025;15Y;OIS;GBP;0,04364;SONIA;1D;1Y;;;;1Y;Act360;Act360;;ModifiedFollowing;ModifiedFollowing;;2D
13.08.2025;3M;OIS;GBP;0,03972;SONIA;1D;3M;;;;3M;Act360;Act360;;ModifiedFollowing;ModifiedFollowing;;2D
13.08.2025;12Y;OIS;GBP;0,04208;SONIA;1D;1Y;;;;1Y;Act360;Act360;;ModifiedFollowing;ModifiedFollowing;;2D
13.08.2025;5Mx8M;FRA;USD;0,03911;LIBOR;3M;3M;;;;3M;Act360;Act360;;ModifiedFollowing;ModifiedFollowing;;2D
13.08.2025;8Y;IRS;EUR;0,024885;EURIBOR;3M;3M;;;;1Y;Act360;Act360;;ModifiedFollowing;ModifiedFollowing;;2D
13.08.2025;10Y;OIS;GBP;0,04076;SONIA;1D;1Y;;;;1Y;Act360;Act360;;ModifiedFollowing;ModifiedFollowing;;2D
13.08.2025;6Mx9M;FRA;USD;0,03835;LIBOR;3M;3M;;;;3M;Act360;Act360;;ModifiedFollowing;ModifiedFollowing;;2D
13.08.2025;4M;OIS;GBP;0,03953;SONIA;1D;4M;;;;4M;Act360;Act360;;ModifiedFollowing;ModifiedFollowing;;2D
13.08.2025;8Mx11M;FRA;GBP;0,03701;LIBOR;3M;3M;;;;3M;Act360;Act360;;ModifiedFollowing;ModifiedFollowing;;2D
13.08.2025;9Y;OIS;GBP;0,04005;SONIA;1D;1Y;;;;1Y;Act360;Act360;;ModifiedFollowing;ModifiedFollowing;;2D
13.08.2025;7Mx10M;FRA;USD;0,0377;LIBOR;3M;3M;;;;3M;Act360;Act360;;ModifiedFollowing;ModifiedFollowing;;2D
13.08.2025;50Y;IRS;EUR;0,02828;EURIBOR;3M;3M;;;;1Y;Act360;Act360;;ModifiedFollowing;ModifiedFollowing;;2D
13.08.2025;9Y;IRS;EUR;0,02556;EURIBOR;3M;3M;;;;1Y;Act360;Act360;;ModifiedFollowing;ModifiedFollowing;;2D
13.08.2025;5M;OIS;GBP;0,03935;SONIA;1D;5M;;;;5M;Act360;Act360;;ModifiedFollowing;ModifiedFollowing;;2D
13.08.2025;8Y;OIS;GBP;0,03931;SONIA;1D;1Y;;;;1Y;Act360;Act360;;ModifiedFollowing;ModifiedFollowing;;2D
13.08.2025;8Mx11M;FRA;USD;0,03699;LIBOR;3M;3M;;;;3M;Act360;Act360;;ModifiedFollowing;ModifiedFollowing;;2D
13.08.2025;7Mx10M;FRA;GBP;0,03741;LIBOR;3M;3M;;;;3M;Act360;Act360;;ModifiedFollowing;ModifiedFollowing;;2D
13.08.2025;7Y;OIS;GBP;0,03857;SONIA;1D;1Y;;;;1Y;Act360;Act360;;ModifiedFollowing;ModifiedFollowing;;2D
13.08.2025;10Y;IRS;EUR;0,02616;EURIBOR;3M;3M;;;;1Y;Act360;Act360;;ModifiedFollowing;ModifiedFollowing;;2D
13.08.2025;1Mx7M;FRA;USD;0,04361;LIBOR;3M;3M;;;;3M;Act360;Act360;;ModifiedFollowing;ModifiedFollowing;;2D
13.08.2025;11Y;IRS;EUR;0,02673;EURIBOR;3M;3M;;;;1Y;Act360;Act360;;ModifiedFollowing;ModifiedFollowing;;2D
13.08.2025;6Y;OIS;GBP;0,03788;SONIA;1D;1Y;;;;1Y;Act360;Act360;;ModifiedFollowing;ModifiedFollowing;;2D
13.08.2025;6M;OIS;GBP;0,03918;SONIA;1D;6M;;;;6M;Act360;Act360;;ModifiedFollowing;ModifiedFollowing;;2D
13.08.2025;6Mx9M;FRA;GBP;0,03795;LIBOR;3M;3M;;;;3M;Act360;Act360;;ModifiedFollowing;ModifiedFollowing;;2D
13.08.2025;5M;OIS;USD;0,04043;SOFR;1D;5M;;;;5M;Act360;Act360;;ModifiedFollowing;ModifiedFollowing;;2D
13.08.2025;2Mx8M;FRA;USD;0,04244;LIBOR;3M;3M;;;;3M;Act360;Act360;;ModifiedFollowing;ModifiedFollowing;;2D
13.08.2025;5Y;OIS;GBP;0,03728;SONIA;1D;1Y;;;;1Y;Act360;Act360;;ModifiedFollowing;ModifiedFollowing;;2D
13.08.2025;40Y;IRS;EUR;0,02868;EURIBOR;3M;3M;;;;1Y;Act360;Act360;;ModifiedFollowing;ModifiedFollowing;;2D
13.08.2025;4Y;OIS;GBP;0,0368;SONIA;1D;1Y;;;;1Y;Act360;Act360;;ModifiedFollowing;ModifiedFollowing;;2D
13.08.2025;3Mx9M;FRA;USD;0,0415;LIBOR;3M;3M;;;;3M;Act360;Act360;;ModifiedFollowing;ModifiedFollowing;;2D
13.08.2025;7M;OIS;GBP;0,03899;SONIA;1D;7M;;;;7M;Act360;Act360;;ModifiedFollowing;ModifiedFollowing;;2D
13.08.2025;12Y;IRS;EUR;0,027205;EURIBOR;3M;3M;;;;1Y;Act360;Act360;;ModifiedFollowing;ModifiedFollowing;;2D
13.08.2025;4M;OIS;EUR;0,01994;EONIA;1D;4M;;;;4M;Act360;Act360;;ModifiedFollowing;ModifiedFollowing;;2D
13.08.2025;5Mx8M;FRA;GBP;0,03846;LIBOR;3M;3M;;;;3M;Act360;Act360;;ModifiedFollowing;ModifiedFollowing;;2D
13.08.2025;3Y;OIS;GBP;0,03653;SONIA;1D;1Y;;;;1Y;Act360;Act360;;ModifiedFollowing;ModifiedFollowing;;2D
12.08.2025;5Mx11M;FRA;EUR;0,01991;EURIBOR;3M;3M;;;;3M;Act360;Act360;;ModifiedFollowing;ModifiedFollowing;;2D
12.08.2025;1Mx7M;FRA;EUR;0,02061;EURIBOR;3M;3M;;;;3M;Act360;Act360;;ModifiedFollowing;ModifiedFollowing;;2D
12.08.2025;10Y;OIS;GBP;0,04076;SONIA;1D;1Y;;;;1Y;Act360;Act360;;ModifiedFollowing;ModifiedFollowing;;2D
12.08.2025;10Y;OIS;EUR;0,02557;EONIA;1D;1Y;;;;1Y;Act360;Act360;;ModifiedFollowing;ModifiedFollowing;;2D
12.08.2025;6Y;OIS;USD;0,03458;SOFR;1D;1Y;;;;1Y;Act360;Act360;;ModifiedFollowing;ModifiedFollowing;;2D
12.08.2025;25Y;OIS;GBP;0,04566;SONIA;1D;1Y;;;;1Y;Act360;Act360;;ModifiedFollowing;ModifiedFollowing;;2D
12.08.2025;2Mx5M;FRA;GBP;0,03999;LIBOR;3M;3M;;;;3M;Act360;Act360;;ModifiedFollowing;ModifiedFollowing;;2D
12.08.2025;2Y;OIS;EUR;0,0194;EONIA;1D;1Y;;;;1Y;Act360;Act360;;ModifiedFollowing;ModifiedFollowing;;2D
12.08.2025;12Y;IRS;EUR;0,027169;EURIBOR;3M;3M;;;;1Y;Act360;Act360;;ModifiedFollowing;ModifiedFollowing;;2D
12.08.2025;6Mx9M;FRA;USD;0,03893;LIBOR;3M;3M;;;;3M;Act360;Act360;;ModifiedFollowing;ModifiedFollowing;;2D
12.08.2025;6M;DEPOSIT;GBP;0,0419;LIBOR;6M;6M;;;;6M;Act360;Act360;;ModifiedFollowing;ModifiedFollowing;;2D
12.08.2025;1Y;OIS;GBP;0,0381;SONIA;1D;1Y;;;;1Y;Act360;Act360;;ModifiedFollowing;ModifiedFollowing;;2D
12.08.2025;1Mx4M;FRA;USD;0,04391;LIBOR;3M;3M;;;;3M;Act360;Act360;;ModifiedFollowing;ModifiedFollowing;;2D
12.08.2025;3Mx15M;FRA;EUR;0,02105;EURIBOR;3M;3M;;;;3M;Act360;Act360;;ModifiedFollowing;ModifiedFollowing;;2D
12.08.2025;8Mx11M;FRA;GBP;0,03706;LIBOR;3M;3M;;;;3M;Act360;Act360;;ModifiedFollowing;ModifiedFollowing;;2D
12.08.2025;5M;IRS;EUR;0,019;EURIBOR;1M;1M;;;;1Y;Act360;Act360;;ModifiedFollowing;ModifiedFollowing;;2D
12.08.2025;12Y;OIS;USD;0,03794;SOFR;1D;1Y;;;;1Y;Act360;Act360;;ModifiedFollowing;ModifiedFollowing;;2D
12.08.2025;10M;OIS;USD;0,03869;SOFR;1D;1Y;;;;1Y;Act360;Act360;;ModifiedFollowing;ModifiedFollowing;;2D
12.08.2025;7M;OIS;GBP;0,03896;SONIA;1D;7M;;;;7M;Act360;Act360;;ModifiedFollowing;ModifiedFollowing;;2D
12.08.2025;8Mx11M;FRA;EUR;0,01881;EURIBOR;3M;3M;;;;3M;Act360;Act360;;ModifiedFollowing;ModifiedFollowing;;2D
12.08.2025;5Y;OIS;USD;0,03408;SOFR;1D;1Y;;;;1Y;Act360;Act360;;ModifiedFollowing;ModifiedFollowing;;2D
12.08.2025;18M;OIS;EUR;0,0191;EONIA;1D;1Y;;;;1Y;Act360;Act360;;ModifiedFollowing;ModifiedFollowing;;2D
12.08.2025;4Mx10M;FRA;EUR;0,02003;EURIBOR;3M;3M;;;;3M;Act360;Act360;;ModifiedFollowing;ModifiedFollowing;;2D
12.08.2025;4M;OIS;GBP;0,03952;SONIA;1D;4M;;;;4M;Act360;Act360;;ModifiedFollowing;ModifiedFollowing;;2D
12.08.2025;7Y;OIS;EUR;0,023625;EONIA;1D;1Y;;;;1Y;Act360;Act360;;ModifiedFollowing;ModifiedFollowing;;2D
12.08.2025;9Y;OIS;GBP;0,04007;SONIA;1D;1Y;;;;1Y;Act360;Act360;;ModifiedFollowing;ModifiedFollowing;;2D
12.08.2025;10M;IRS;EUR;0,01863;EURIBOR;1M;1M;;;;1Y;Act360;Act360;;ModifiedFollowing;ModifiedFollowing;;2D
12.08.2025;3Mx6M;FRA;USD;0,04143;LIBOR;3M;3M;;;;3M;Act360;Act360;;ModifiedFollowing;ModifiedFollowing;;2D
12.08.2025;3M;DEPOSIT;GBP;0,0412;LIBOR;3M;3M;;;;3M;Act360;Act360;;ModifiedFollowing;ModifiedFollowing;;2D
12.08.2025;8M;OIS;USD;0,03944;SOFR;1D;8M;;;;8M;Act360;Act360;;ModifiedFollowing;ModifiedFollowing;;2D
12.08.2025;5M;OIS;EUR;0,0198;EONIA;1D;5M;;;;5M;Act360;Act360;;ModifiedFollowing;ModifiedFollowing;;2D
12.08.2025;30Y;OIS;USD;0,03955;SOFR;1D;1Y;;;;1Y;Act360;Act360;;ModifiedFollowing;ModifiedFollowing;;2D
12.08.2025;7M;IRS;EUR;0,01884;EURIBOR;1M;1M;;;;1Y;Act360;Act360;;ModifiedFollowing;ModifiedFollowing;;2D
12.08.2025;4Y;OIS;USD;0,03381;SOFR;1D;1Y;;;;1Y;Act360;Act360;;ModifiedFollowing;ModifiedFollowing;;2D
12.08.2025;3Mx6M;FRA;GBP;0,03947;LIBOR;3M;3M;;;;3M;Act360;Act360;;ModifiedFollowing;ModifiedFollowing;;2D
12.08.2025;4Mx7M;FRA;GBP;0,03894;LIBOR;3M;3M;;;;3M;Act360;Act360;;ModifiedFollowing;ModifiedFollowing;;2D
12.08.2025;2M;OIS;GBP;0,03976;SONIA;1D;2M;;;;2M;Act360;Act360;;ModifiedFollowing;ModifiedFollowing;;2D
12.08.2025;7Mx10M;FRA;USD;0,0383;LIBOR;3M;3M;;;;3M;Act360;Act360;;ModifiedFollowing;ModifiedFollowing;;2D
12.08.2025;1M;OIS;USD;0,04334;SOFR;1D;1M;;;;1M;Act360;Act360;;ModifiedFollowing;ModifiedFollowing;;2D
12.08.2025;4M;OIS;USD;0,04139;SOFR;1D;4M;;;;4M;Act360;Act360;;ModifiedFollowing;ModifiedFollowing;;2D
12.08.2025;5Y;IRS;EUR;0,022705;EURIBOR;3M;3M;;;;1Y;Act360;Act360;;ModifiedFollowing;ModifiedFollowing;;2D
12.08.2025;50Y;IRS;EUR;0,028156;EURIBOR;3M;3M;;;;1Y;Act360;Act360;;ModifiedFollowing;ModifiedFollowing;;2D
12.08.2025;10Y;OIS;USD;0,03693;SOFR;1D;1Y;;;;1Y;Act360;Act360;;ModifiedFollowing;ModifiedFollowing;;2D
12.08.2025;1Y;OIS;EUR;0,01919;EONIA;1D;1Y;;;;1Y;Act360;Act360;;ModifiedFollowing;ModifiedFollowing;;2D
12.08.2025;9Y;IRS;EUR;0,025523;EURIBOR;3M;3M;;;;1Y;Act360;Act360;;ModifiedFollowing;ModifiedFollowing;;2D
12.08.2025;11M;OIS;USD;0,03834;SOFR;1D;1Y;;;;1Y;Act360;Act360;;ModifiedFollowing;ModifiedFollowing;;2D
12.08.2025;7Mx10M;FRA;EUR;0,01883;EURIBOR;3M;3M;;;;3M;Act360;Act360;;ModifiedFollowing;ModifiedFollowing;;2D
12.08.2025;15Y;OIS;EUR;0,02772;EONIA;1D;1Y;;;;1Y;Act360;Act360;;ModifiedFollowing;ModifiedFollowing;;2D
12.08.2025;60Y;IRS;EUR;0,02767;EURIBOR;3M;3M;;;;1Y;Act360;Act360;;ModifiedFollowing;ModifiedFollowing;;2D
12.08.2025;12M;DEPOSIT;GBP;0,042;LIBOR;12M;1Y;;;;1Y;Act360;Act360;;ModifiedFollowing;ModifiedFollowing;;2D
12.08.2025;11M;IRS;EUR;0,01859;EURIBOR;1M;1M;;;;1Y;Act360;Act360;;ModifiedFollowing;ModifiedFollowing;;2D
12.08.2025;5M;OIS;GBP;0,03932;SONIA;1D;5M;;;;5M;Act360;Act360;;ModifiedFollowing;ModifiedFollowing;;2D
12.08.2025;6M;IRS;EUR;0,01891;EURIBOR;1M;1M;;;;1Y;Act360;Act360;;ModifiedFollowing;ModifiedFollowing;;2D
12.08.2025;8Y;OIS;GBP;0,03934;SONIA;1D;1Y;;;;1Y;Act360;Act360;;ModifiedFollowing;ModifiedFollowing;;2D
12.08.2025;7D;OIS;EUR;0,019245;EONIA;1D;7D;;;;7D;Act360;Act360;;ModifiedFollowing;ModifiedFollowing;;2D
12.08.2025;20Y;OIS;GBP;0,04506;SONIA;1D;1Y;;;;1Y;Act360;Act360;;ModifiedFollowing;ModifiedFollowing;;2D
12.08.2025;20Y;IRS;EUR;0,02895;EURIBOR;3M;3M;;;;1Y;Act360;Act360;;ModifiedFollowing;ModifiedFollowing;;2D
12.08.2025;50Y;OIS;GBP;0,04401;SONIA;1D;1Y;;;;1Y;Act360;Act360;;ModifiedFollowing;ModifiedFollowing;;2D
12.08.2025;2M;OIS;USD;0,04251;SOFR;1D;2M;;;;2M;Act360;Act360;;ModifiedFollowing;ModifiedFollowing;;2D
12.08.2025;1M;OIS;GBP;0,03976;SONIA;1D;1M;;;;1M;Act360;Act360;;ModifiedFollowing;ModifiedFollowing;;2D
12.08.2025;1M;DEPOSIT;EUR;0,0195;EURIBOR;1M;1M;;;;1M;Act360;Act360;;ModifiedFollowing;ModifiedFollowing;;2D
12.08.2025;20Y;OIS;EUR;0,02842;EONIA;1D;1Y;;;;1Y;Act360;Act360;;ModifiedFollowing;ModifiedFollowing;;2D
12.08.2025;7Y;IRS;EUR;0,024185;EURIBOR;3M;3M;;;;1Y;Act360;Act360;;ModifiedFollowing;ModifiedFollowing;;2D
12.08.2025;3Y;OIS;USD;0,03385;SOFR;1D;1Y;;;;1Y;Act360;Act360;;ModifiedFollowing;ModifiedFollowing;;2D
12.08.2025;9Y;OIS;EUR;0,024995;EONIA;1D;1Y;;;;1Y;Act360;Act360;;ModifiedFollowing;ModifiedFollowing;;2D
12.08.2025;3M;OIS;EUR;0,02001;EONIA;1D;3M;;;;3M;Act360;Act360;;ModifiedFollowing;ModifiedFollowing;;2D
12.08.2025;8Mx11M;FRA;USD;0,03767;LIBOR;3M;3M;;;;3M;Act360;Act360;;ModifiedFollowing;ModifiedFollowing;;2D
12.08.2025;2M;OIS;EUR;0,02005;EONIA;1D;2M;;;;2M;Act360;Act360;;ModifiedFollowing;ModifiedFollowing;;2D
12.08.2025;3Mx9M;FRA;GBP;0,04044;LIBOR;3M;3M;;;;3M;Act360;Act360;;ModifiedFollowing;ModifiedFollowing;;2D
12.08.2025;7Mx10M;FRA;GBP;0,03746;LIBOR;3M;3M;;;;3M;Act360;Act360;;ModifiedFollowing;ModifiedFollowing;;2D
12.08.2025;6Mx9M;FRA;EUR;0,01897;EURIBOR;3M;3M;;;;3M;Act360;Act360;;ModifiedFollowing;ModifiedFollowing;;2D
12.08.2025;11M;OIS;EUR;0,01924;EONIA;1D;1Y;;;;1Y;Act360;Act360;;ModifiedFollowing;ModifiedFollowing;;2D
12.08.2025;6Y;OIS;EUR;0,02287;EONIA;1D;1Y;;;;1Y;Act360;Act360;;ModifiedFollowing;ModifiedFollowing;;2D
12.08.2025;20Y;OIS;USD;0,04001;SOFR;1D;1Y;;;;1Y;Act360;Act360;;ModifiedFollowing;ModifiedFollowing;;2D
12.08.2025;10M;OIS;EUR;0,0193;EONIA;1D;1Y;;;;1Y;Act360;Act360;;ModifiedFollowing;ModifiedFollowing;;2D
12.08.2025;1Mx13M;FRA;EUR;0,02133;EURIBOR;3M;3M;;;;3M;Act360;Act360;;ModifiedFollowing;ModifiedFollowing;;2D
12.08.2025;5Y;OIS;EUR;0,02209;EONIA;1D;1Y;;;;1Y;Act360;Act360;;ModifiedFollowing;ModifiedFollowing;;2D
12.08.2025;3Mx9M;FRA;EUR;0,02021;EURIBOR;3M;3M;;;;3M;Act360;Act360;;ModifiedFollowing;ModifiedFollowing;;2D
12.08.2025;9Y;OIS;USD;0,03636;SOFR;1D;1Y;;;;1Y;Act360;Act360;;ModifiedFollowing;ModifiedFollowing;;2D
12.08.2025;7Y;OIS;GBP;0,03862;SONIA;1D;1Y;;;;1Y;Act360;Act360;;ModifiedFollowing;ModifiedFollowing;;2D
12.08.2025;9M;OIS;GBP;0,03859;SONIA;1D;9M;;;;9M;Act360;Act360;;ModifiedFollowing;ModifiedFollowing;;2D
12.08.2025;14D;OIS;EUR;0,020085;EONIA;1D;14D;;;;14D;Act360;Act360;;ModifiedFollowing;ModifiedFollowing;;2D
12.08.2025;5Mx8M;FRA;EUR;0,01914;EURIBOR;3M;3M;;;;3M;Act360;Act360;;ModifiedFollowing;ModifiedFollowing;;2D
12.08.2025;7D;OIS;USD;0,04327;SOFR;1D;7D;;;;7D;Act360;Act360;;ModifiedFollowing;ModifiedFollowing;;2D
12.08.2025;10Y;IRS;EUR;0,02611;EURIBOR;3M;3M;;;;1Y;Act360;Act360;;ModifiedFollowing;ModifiedFollowing;;2D
12.08.2025;2Y;OIS;USD;0,03471;SOFR;1D;1Y;;;;1Y;Act360;Act360;;ModifiedFollowing;ModifiedFollowing;;2D
12.08.2025;4Mx7M;FRA;USD;0,04042;LIBOR;3M;3M;;;;3M;Act360;Act360;;ModifiedFollowing;ModifiedFollowing;;2D
12.08.2025;30Y;OIS;GBP;0,04571;SONIA;1D;1Y;;;;1Y;Act360;Act360;;ModifiedFollowing;ModifiedFollowing;;2D
12.08.2025;8M;IRS;EUR;0,01876;EURIBOR;1M;1M;;;;1Y;Act360;Act360;;ModifiedFollowing;ModifiedFollowing;;2D
12.08.2025;9M;OIS;EUR;0,01937;EONIA;1D;9M;;;;9M;Act360;Act360;;ModifiedFollowing;ModifiedFollowing;;2D
12.08.2025;1Mx7M;FRA;GBP;0,0415;LIBOR;3M;3M;;;;3M;Act360;Act360;;ModifiedFollowing;ModifiedFollowing;;2D
12.08.2025;1Mx7M;FRA;USD;0,04404;LIBOR;3M;3M;;;;3M;Act360;Act360;;ModifiedFollowing;ModifiedFollowing;;2D
12.08.2025;4Mx10M;FRA;USD;0,0412;LIBOR;3M;3M;;;;3M;Act360;Act360;;ModifiedFollowing;ModifiedFollowing;;2D
12.08.2025;7M;OIS;EUR;0,01957;EONIA;1D;7M;;;;7M;Act360;Act360;;ModifiedFollowing;ModifiedFollowing;;2D
12.08.2025;4Mx7M;FRA;EUR;0,01931;EURIBOR;3M;3M;;;;3M;Act360;Act360;;ModifiedFollowing;ModifiedFollowing;;2D
12.08.2025;1M;OIS;EUR;0,0201;EONIA;1D;1M;;;;1M;Act360;Act360;;ModifiedFollowing;ModifiedFollowing;;2D
12.08.2025;5Mx8M;FRA;GBP;0,03844;LIBOR;3M;3M;;;;3M;Act360;Act360;;ModifiedFollowing;ModifiedFollowing;;2D
12.08.2025;11Y;IRS;EUR;0,026675;EURIBOR;3M;3M;;;;1Y;Act360;Act360;;ModifiedFollowing;ModifiedFollowing;;2D
12.08.2025;40Y;IRS;EUR;0,028526;EURIBOR;3M;3M;;;;1Y;Act360;Act360;;ModifiedFollowing;ModifiedFollowing;;2D
12.08.2025;15Y;OIS;GBP;0,04358;SONIA;1D;1Y;;;;1Y;Act360;Act360;;ModifiedFollowing;ModifiedFollowing;;2D
12.08.2025;3Mx9M;FRA;USD;0,04205;LIBOR;3M;3M;;;;3M;Act360;Act360;;ModifiedFollowing;ModifiedFollowing;;2D
12.08.2025;2Mx8M;FRA;EUR;0,0204;EURIBOR;3M;3M;;;;3M;Act360;Act360;;ModifiedFollowing;ModifiedFollowing;;2D
12.08.2025;6Y;OIS;GBP;0,03794;SONIA;1D;1Y;;;;1Y;Act360;Act360;;ModifiedFollowing;ModifiedFollowing;;2D
12.08.2025;15Y;IRS;EUR;0,028266;EURIBOR;3M;3M;;;;1Y;Act360;Act360;;ModifiedFollowing;ModifiedFollowing;;2D
12.08.2025;18M;OIS;USD;0,03579;SOFR;1D;1Y;;;;1Y;Act360;Act360;;ModifiedFollowing;ModifiedFollowing;;2D
12.08.2025;8M;OIS;GBP;0,03876;SONIA;1D;8M;;;;8M;Act360;Act360;;ModifiedFollowing;ModifiedFollowing;;2D
12.08.2025;6M;OIS;GBP;0,03916;SONIA;1D;6M;;;;6M;Act360;Act360;;ModifiedFollowing;ModifiedFollowing;;2D
12.08.2025;8Y;OIS;USD;0,03577;SOFR;1D;1Y;;;;1Y;Act360;Act360;;ModifiedFollowing;ModifiedFollowing;;2D
12.08.2025;5M;OIS;USD;0,04076;SOFR;1D;5M;;;;5M;Act360;Act360;;ModifiedFollowing;ModifiedFollowing;;2D
12.08.2025;4M;OIS;EUR;0,01993;EONIA;1D;4M;;;;4M;Act360;Act360;;ModifiedFollowing;ModifiedFollowing;;2D
12.08.2025;6Mx9M;FRA;GBP;0,03787;LIBOR;3M;3M;;;;3M;Act360;Act360;;ModifiedFollowing;ModifiedFollowing;;2D
12.08.2025;3Y;OIS;GBP;0,03659;SONIA;1D;1Y;;;;1Y;Act360;Act360;;ModifiedFollowing;ModifiedFollowing;;2D
12.08.2025;4Y;OIS;EUR;0,02126;EONIA;1D;1Y;;;;1Y;Act360;Act360;;ModifiedFollowing;ModifiedFollowing;;2D
12.08.2025;5Y;OIS;GBP;0,03735;SONIA;1D;1Y;;;;1Y;Act360;Act360;;ModifiedFollowing;ModifiedFollowing;;2D
12.08.2025;9M;OIS;USD;0,03906;SOFR;1D;9M;;;;9M;Act360;Act360;;ModifiedFollowing;ModifiedFollowing;;2D
12.08.2025;3Mx6M;FRA;EUR;0,019515;EURIBOR;3M;3M;;;;3M;Act360;Act360;;ModifiedFollowing;ModifiedFollowing;;2D
12.08.2025;8M;OIS;EUR;0,01946;EONIA;1D;8M;;;;8M;Act360;Act360;;ModifiedFollowing;ModifiedFollowing;;2D
12.08.2025;2Mx8M;FRA;USD;0,04306;LIBOR;3M;3M;;;;3M;Act360;Act360;;ModifiedFollowing;ModifiedFollowing;;2D
12.08.2025;2Mx5M;FRA;USD;0,04262;LIBOR;3M;3M;;;;3M;Act360;Act360;;ModifiedFollowing;ModifiedFollowing;;2D
12.08.2025;1Mx4M;FRA;GBP;0,04053;LIBOR;3M;3M;;;;3M;Act360;Act360;;ModifiedFollowing;ModifiedFollowing;;2D
12.08.2025;7D;OIS;GBP;0,0397;SONIA;1D;7D;;;;7D;Act360;Act360;;ModifiedFollowing;ModifiedFollowing;;2D
12.08.2025;12Y;OIS;GBP;0,04205;SONIA;1D;1Y;;;;1Y;Act360;Act360;;ModifiedFollowing;ModifiedFollowing;;2D
12.08.2025;6M;DEPOSIT;EUR;0,0189;EURIBOR;6M;6M;;;;6M;Act360;Act360;;ModifiedFollowing;ModifiedFollowing;;2D
12.08.2025;14D;OIS;USD;0,04329;SOFR;1D;14D;;;;14D;Act360;Act360;;ModifiedFollowing;ModifiedFollowing;;2D
12.08.2025;4M;IRS;EUR;0,0191;EURIBOR;1M;1M;;;;1Y;Act360;Act360;;ModifiedFollowing;ModifiedFollowing;;2D
12.08.2025;8Mx20M;FRA;EUR;0,02108;EURIBOR;3M;3M;;;;3M;Act360;Act360;;ModifiedFollowing;ModifiedFollowing;;2D
12.08.2025;12M;DEPOSIT;EUR;0,01985;EURIBOR;12M;1Y;;;;1Y;Act360;Act360;;ModifiedFollowing;ModifiedFollowing;;2D
12.08.2025;3Y;IRS;EUR;0,020961;EURIBOR;3M;3M;;;;1Y;Act360;Act360;;ModifiedFollowing;ModifiedFollowing;;2D
12.08.2025;2Mx5M;FRA;EUR;0,019772;EURIBOR;3M;3M;;;;3M;Act360;Act360;;ModifiedFollowing;ModifiedFollowing;;2D
12.08.2025;6M;OIS;USD;0,0402;SOFR;1D;6M;;;;6M;Act360;Act360;;ModifiedFollowing;ModifiedFollowing;;2D
12.08.2025;10M;OIS;GBP;0,0384;SONIA;1D;1Y;;;;1Y;Act360;Act360;;ModifiedFollowing;ModifiedFollowing;;2D
12.08.2025;30Y;IRS;EUR;0,028836;EURIBOR;3M;3M;;;;1Y;Act360;Act360;;ModifiedFollowing;ModifiedFollowing;;2D
12.08.2025;5Mx8M;FRA;USD;0,03967;LIBOR;3M;3M;;;;3M;Act360;Act360;;ModifiedFollowing;ModifiedFollowing;;2D
12.08.2025;2Y;IRS;EUR;0,020018;EURIBOR;3M;3M;;;;1Y;Act360;Act360;;ModifiedFollowing;ModifiedFollowing;;2D
12.08.2025;7M;OIS;USD;0,03984;SOFR;1D;7M;;;;7M;Act360;Act360;;ModifiedFollowing;ModifiedFollowing;;2D
12.08.2025;9Mx21M;FRA;EUR;0,0212;EURIBOR;3M;3M;;;;3M;Act360;Act360;;ModifiedFollowing;ModifiedFollowing;;2D
12.08.2025;5Mx11M;FRA;GBP;0,03946;LIBOR;3M;3M;;;;3M;Act360;Act360;;ModifiedFollowing;ModifiedFollowing;;2D
12.08.2025;3M;OIS;GBP;0,03972;SONIA;1D;3M;;;;3M;Act360;Act360;;ModifiedFollowing;ModifiedFollowing;;2D
12.08.2025;7Mx19M;FRA;EUR;0,02098;EURIBOR;3M;3M;;;;3M;Act360;Act360;;ModifiedFollowing;ModifiedFollowing;;2D
12.08.2025;4Y;OIS;GBP;0,03686;SONIA;1D;1Y;;;;1Y;Act360;Act360;;ModifiedFollowing;ModifiedFollowing;;2D
12.08.2025;9M;IRS;EUR;0,01869;EURIBOR;1M;1M;;;;1Y;Act360;Act360;;ModifiedFollowing;ModifiedFollowing;;2D
12.08.2025;6Y;IRS;EUR;0,023465;EURIBOR;3M;3M;;;;1Y;Act360;Act360;;ModifiedFollowing;ModifiedFollowing;;2D
12.08.2025;11Mx23M;FRA;EUR;0,0215;EURIBOR;3M;3M;;;;3M;Act360;Act360;;ModifiedFollowing;ModifiedFollowing;;2D
12.08.2025;4Mx10M;FRA;GBP;0,03999;LIBOR;3M;3M;;;;3M;Act360;Act360;;ModifiedFollowing;ModifiedFollowing;;2D
12.08.2025;3Y;OIS;EUR;0,02033;EONIA;1D;1Y;;;;1Y;Act360;Act360;;ModifiedFollowing;ModifiedFollowing;;2D
12.08.2025;1M;DEPOSIT;USD;0,04365;LIBOR;1M;1M;;;;1M;Act360;Act360;;ModifiedFollowing;ModifiedFollowing;;2D
12.08.2025;3M;IRS;EUR;0,01912;EURIBOR;1M;1M;;;;1Y;Act360;Act360;;ModifiedFollowing;ModifiedFollowing;;2D
12.08.2025;3M;DEPOSIT;USD;0,04305;LIBOR;3M;3M;;;;3M;Act360;Act360;;ModifiedFollowing;ModifiedFollowing;;2D
12.08.2025;2Mx8M;FRA;GBP;0,04099;LIBOR;3M;3M;;;;3M;Act360;Act360;;ModifiedFollowing;ModifiedFollowing;;2D
12.08.2025;50Y;OIS;USD;0,03696;SOFR;1D;1Y;;;;1Y;Act360;Act360;;ModifiedFollowing;ModifiedFollowing;;2D
12.08.2025;7Y;OIS;USD;0,03517;SOFR;1D;1Y;;;;1Y;Act360;Act360;;ModifiedFollowing;ModifiedFollowing;;2D
12.08.2025;6Mx18M;FRA;EUR;0,02092;EURIBOR;3M;3M;;;;3M;Act360;Act360;;ModifiedFollowing;ModifiedFollowing;;2D
12.08.2025;40Y;OIS;GBP;0,04504;SONIA;1D;1Y;;;;1Y;Act360;Act360;;ModifiedFollowing;ModifiedFollowing;;2D
12.08.2025;1Mx4M;FRA;EUR;0,02002;EURIBOR;3M;3M;;;;3M;Act360;Act360;;ModifiedFollowing;ModifiedFollowing;;2D
12.08.2025;3M;DEPOSIT;EUR;0,0197;EURIBOR;3M;3M;;;;3M;Act360;Act360;;ModifiedFollowing;ModifiedFollowing;;2D
12.08.2025;5Mx11M;FRA;USD;0,04046;LIBOR;3M;3M;;;;3M;Act360;Act360;;ModifiedFollowing;ModifiedFollowing;;2D
12.08.2025;40Y;OIS;USD;0,03828;SOFR;1D;1Y;;;;1Y;Act360;Act360;;ModifiedFollowing;ModifiedFollowing;;2D
12.08.2025;3M;OIS;USD;0,04192;SOFR;1D;3M;;;;3M;Act360;Act360;;ModifiedFollowing;ModifiedFollowing;;2D
12.08.2025;11M;OIS;GBP;0,03824;SONIA;1D;1Y;;;;1Y;Act360;Act360;;ModifiedFollowing;ModifiedFollowing;;2D
12.08.2025;6M;DEPOSIT;USD;0,04255;LIBOR;6M;6M;;;;6M;Act360;Act360;;ModifiedFollowing;ModifiedFollowing;;2D
12.08.2025;8Y;OIS;EUR;0,024325;EONIA;1D;1Y;;;;1Y;Act360;Act360;;ModifiedFollowing;ModifiedFollowing;;2D
12.08.2025;2Y;OIS;GBP;0,03676;SONIA;1D;1Y;;;;1Y;Act360;Act360;;ModifiedFollowing;ModifiedFollowing;;2D
12.08.2025;1Y;IRS;EUR;0,0194275;EURIBOR;3M;3M;;;;1Y;Act360;Act360;;ModifiedFollowing;ModifiedFollowing;;2D
12.08.2025;8Y;IRS;EUR;0,024874;EURIBOR;3M;3M;;;;1Y;Act360;Act360;;ModifiedFollowing;ModifiedFollowing;;2D
12.08.2025;5Mx17M;FRA;EUR;0,02094;EURIBOR;3M;3M;;;;3M;Act360;Act360;;ModifiedFollowing;ModifiedFollowing;;2D
12.08.2025;25Y;OIS;USD;0,03998;SOFR;1D;1Y;;;;1Y;Act360;Act360;;ModifiedFollowing;ModifiedFollowing;;2D
12.08.2025;2M;IRS;EUR;0,01908;EURIBOR;1M;1M;;;;1Y;Act360;Act360;;ModifiedFollowing;ModifiedFollowing;;2D
12.08.2025;18M;OIS;GBP;0,03708;SONIA;1D;1Y;;;;1Y;Act360;Act360;;ModifiedFollowing;ModifiedFollowing;;2D
12.08.2025;12M;DEPOSIT;USD;0,04185;LIBOR;12M;1Y;;;;1Y;Act360;Act360;;ModifiedFollowing;ModifiedFollowing;;2D
12.08.2025;1Y;OIS;USD;0,03797;SOFR;1D;1Y;;;;1Y;Act360;Act360;;ModifiedFollowing;ModifiedFollowing;;2D
12.08.2025;10Mx22M;FRA;EUR;0,02134;EURIBOR;3M;3M;;;;3M;Act360;Act360;;ModifiedFollowing;ModifiedFollowing;;2D
12.08.2025;6M;OIS;EUR;0,01966;EONIA;1D;6M;;;;6M;Act360;Act360;;ModifiedFollowing;ModifiedFollowing;;2D
12.08.2025;35Y;OIS;USD;0,03892;SOFR;1D;1Y;;;;1Y;Act360;Act360;;ModifiedFollowing;ModifiedFollowing;;2D
12.08.2025;25Y;IRS;EUR;0,028939;EURIBOR;3M;3M;;;;1Y;Act360;Act360;;ModifiedFollowing;ModifiedFollowing;;2D
12.08.2025;14D;OIS;GBP;0,03972;SONIA;1D;14D;;;;14D;Act360;Act360;;ModifiedFollowing;ModifiedFollowing;;2D
12.08.2025;2Mx14M;FRA;EUR;0,0212;EURIBOR;3M;3M;;;;3M;Act360;Act360;;ModifiedFollowing;ModifiedFollowing;;2D
12.08.2025;4Mx16M;FRA;EUR;0,02097;EURIBOR;3M;3M;;;;3M;Act360;Act360;;ModifiedFollowing;ModifiedFollowing;;2D
12.08.2025;30Y;OIS;EUR;0,02838;EONIA;1D;1Y;;;;1Y;Act360;Act360;;ModifiedFollowing;ModifiedFollowing;;2D
12.08.2025;1M;DEPOSIT;GBP;0,0408;LIBOR;1M;1M;;;;1M;Act360;Act360;;ModifiedFollowing;ModifiedFollowing;;2D
12.08.2025;15Y;OIS;USD;0,0391;SOFR;1D;1Y;;;;1Y;Act360;Act360;;ModifiedFollowing;ModifiedFollowing;;2D
12.08.2025;4Y;IRS;EUR;0,021894;EURIBOR;3M;3M;;;;1Y;Act360;Act360;;ModifiedFollowing;ModifiedFollowing;;2D
11.08.2025;8Mx20M;FRA;EUR;0,02095;EURIBOR;3M;3M;;;;3M;Act360;Act360;;ModifiedFollowing;ModifiedFollowing;;2D
11.08.2025;1M;DEPOSIT;GBP;0,0408;LIBOR;1M;1M;;;;1M;Act360;Act360;;ModifiedFollowing;ModifiedFollowing;;2D
11.08.2025;2M;IRS;EUR;0,01906;EURIBOR;1M;1M;;;;1Y;Act360;Act360;;ModifiedFollowing;ModifiedFollowing;;2D
11.08.2025;1M;DEPOSIT;EUR;0,0213;EURIBOR;1M;1M;;;;1M;Act360;Act360;;ModifiedFollowing;ModifiedFollowing;;2D
11.08.2025;4M;IRS;EUR;0,01906;EURIBOR;1M;1M;;;;1Y;Act360;Act360;;ModifiedFollowing;ModifiedFollowing;;2D
11.08.2025;20Y;OIS;EUR;0,02804;EONIA;1D;1Y;;;;1Y;Act360;Act360;;ModifiedFollowing;ModifiedFollowing;;2D
11.08.2025;4Y;IRS;EUR;0,02174;EURIBOR;3M;3M;;;;1Y;Act360;Act360;;ModifiedFollowing;ModifiedFollowing;;2D
11.08.2025;3Mx15M;FRA;EUR;0,02094;EURIBOR;3M;3M;;;;3M;Act360;Act360;;ModifiedFollowing;ModifiedFollowing;;2D
11.08.2025;3M;DEPOSIT;GBP;0,0413;LIBOR;3M;3M;;;;3M;Act360;Act360;;ModifiedFollowing;ModifiedFollowing;;2D
11.08.2025;3Mx9M;FRA;GBP;0,040335;LIBOR;3M;3M;;;;3M;Act360;Act360;;ModifiedFollowing;ModifiedFollowing;;2D
11.08.2025;2Mx14M;FRA;EUR;0,02109;EURIBOR;3M;3M;;;;3M;Act360;Act360;;ModifiedFollowing;ModifiedFollowing;;2D
11.08.2025;11Mx23M;FRA;EUR;0,02137;EURIBOR;3M;3M;;;;3M;Act360;Act360;;ModifiedFollowing;ModifiedFollowing;;2D
11.08.2025;10M;OIS;GBP;0,03833;SONIA;1D;1Y;;;;1Y;Act360;Act360;;ModifiedFollowing;ModifiedFollowing;;2D
11.08.2025;6M;DEPOSIT;GBP;0,0418;LIBOR;6M;6M;;;;6M;Act360;Act360;;ModifiedFollowing;ModifiedFollowing;;2D
11.08.2025;30Y;OIS;USD;0,03918;SOFR;1D;1Y;;;;1Y;Act360;Act360;;ModifiedFollowing;ModifiedFollowing;;2D
11.08.2025;15Y;OIS;EUR;0,02737;EONIA;1D;1Y;;;;1Y;Act360;Act360;;ModifiedFollowing;ModifiedFollowing;;2D
11.08.2025;50Y;OIS;GBP;0,04356;SONIA;1D;1Y;;;;1Y;Act360;Act360;;ModifiedFollowing;ModifiedFollowing;;2D
11.08.2025;25Y;IRS;EUR;0,02849;EURIBOR;3M;3M;;;;1Y;Act360;Act360;;ModifiedFollowing;ModifiedFollowing;;2D
11.08.2025;5M;IRS;EUR;0,01896;EURIBOR;1M;1M;;;;1Y;Act360;Act360;;ModifiedFollowing;ModifiedFollowing;;2D
11.08.2025;1Mx13M;FRA;EUR;0,02121;EURIBOR;3M;3M;;;;3M;Act360;Act360;;ModifiedFollowing;ModifiedFollowing;;2D
11.08.2025;12M;DEPOSIT;GBP;0,0415;LIBOR;12M;1Y;;;;1Y;Act360;Act360;;ModifiedFollowing;ModifiedFollowing;;2D
11.08.2025;25Y;OIS;USD;0,03964;SOFR;1D;1Y;;;;1Y;Act360;Act360;;ModifiedFollowing;ModifiedFollowing;;2D
11.08.2025;40Y;OIS;GBP;0,0446;SONIA;1D;1Y;;;;1Y;Act360;Act360;;ModifiedFollowing;ModifiedFollowing;;2D
11.08.2025;5Mx11M;FRA;EUR;0,01982;EURIBOR;3M;3M;;;;3M;Act360;Act360;;ModifiedFollowing;ModifiedFollowing;;2D
11.08.2025;11M;OIS;GBP;0,03815;SONIA;1D;1Y;;;;1Y;Act360;Act360;;ModifiedFollowing;ModifiedFollowing;;2D
11.08.2025;10Y;OIS;EUR;0,02532;EONIA;1D;1Y;;;;1Y;Act360;Act360;;ModifiedFollowing;ModifiedFollowing;;2D
11.08.2025;1Mx4M;FRA;USD;0,04379;LIBOR;3M;3M;;;;3M;Act360;Act360;;ModifiedFollowing;ModifiedFollowing;;2D
11.08.2025;4Mx10M;FRA;EUR;0,0199;EURIBOR;3M;3M;;;;3M;Act360;Act360;;ModifiedFollowing;ModifiedFollowing;;2D
11.08.2025;5Y;IRS;EUR;0,022525;EURIBOR;3M;3M;;;;1Y;Act360;Act360;;ModifiedFollowing;ModifiedFollowing;;2D
11.08.2025;6M;IRS;EUR;0,01886;EURIBOR;1M;1M;;;;1Y;Act360;Act360;;ModifiedFollowing;ModifiedFollowing;;2D
11.08.2025;9M;OIS;GBP;0,03852;SONIA;1D;9M;;;;9M;Act360;Act360;;ModifiedFollowing;ModifiedFollowing;;2D
11.08.2025;1M;OIS;GBP;0,03975;SONIA;1D;1M;;;;1M;Act360;Act360;;ModifiedFollowing;ModifiedFollowing;;2D
11.08.2025;9Y;OIS;EUR;0,02472;EONIA;1D;1Y;;;;1Y;Act360;Act360;;ModifiedFollowing;ModifiedFollowing;;2D
11.08.2025;20Y;OIS;USD;0,03966;SOFR;1D;1Y;;;;1Y;Act360;Act360;;ModifiedFollowing;ModifiedFollowing;;2D
11.08.2025;3Mx9M;FRA;EUR;0,02009;EURIBOR;3M;3M;;;;3M;Act360;Act360;;ModifiedFollowing;ModifiedFollowing;;2D
11.08.2025;30Y;OIS;GBP;0,04529;SONIA;1D;1Y;;;;1Y;Act360;Act360;;ModifiedFollowing;ModifiedFollowing;;2D
11.08.2025;2Mx8M;FRA;EUR;0,0203;EURIBOR;3M;3M;;;;3M;Act360;Act360;;ModifiedFollowing;ModifiedFollowing;;2D
11.08.2025;4Y;OIS;GBP;0,03661;SONIA;1D;1Y;;;;1Y;Act360;Act360;;ModifiedFollowing;ModifiedFollowing;;2D
11.08.2025;2Mx5M;FRA;USD;0,04246;LIBOR;3M;3M;;;;3M;Act360;Act360;;ModifiedFollowing;ModifiedFollowing;;2D
11.08.2025;15Y;OIS;USD;0,03881;SOFR;1D;1Y;;;;1Y;Act360;Act360;;ModifiedFollowing;ModifiedFollowing;;2D
11.08.2025;9M;OIS;USD;0,03897;SOFR;1D;9M;;;;9M;Act360;Act360;;ModifiedFollowing;ModifiedFollowing;;2D
11.08.2025;2Mx8M;FRA;GBP;0,040855;LIBOR;3M;3M;;;;3M;Act360;Act360;;ModifiedFollowing;ModifiedFollowing;;2D
11.08.2025;6Y;IRS;EUR;0,023275;EURIBOR;3M;3M;;;;1Y;Act360;Act360;;ModifiedFollowing;ModifiedFollowing;;2D
11.08.2025;15Y;IRS;EUR;0,02791;EURIBOR;3M;3M;;;;1Y;Act360;Act360;;ModifiedFollowing;ModifiedFollowing;;2D
11.08.2025;8Y;OIS;EUR;0,024105;EONIA;1D;1Y;;;;1Y;Act360;Act360;;ModifiedFollowing;ModifiedFollowing;;2D
11.08.2025;2Mx5M;FRA;GBP;0,039965;LIBOR;3M;3M;;;;3M;Act360;Act360;;ModifiedFollowing;ModifiedFollowing;;2D
11.08.2025;7M;OIS;USD;0,03978;SOFR;1D;7M;;;;7M;Act360;Act360;;ModifiedFollowing;ModifiedFollowing;;2D
11.08.2025;1Mx7M;FRA;EUR;0,02045;EURIBOR;3M;3M;;;;3M;Act360;Act360;;ModifiedFollowing;ModifiedFollowing;;2D
11.08.2025;25Y;OIS;GBP;0,04525;SONIA;1D;1Y;;;;1Y;Act360;Act360;;ModifiedFollowing;ModifiedFollowing;;2D
11.08.2025;10M;OIS;USD;0,03859;SOFR;1D;1Y;;;;1Y;Act360;Act360;;ModifiedFollowing;ModifiedFollowing;;2D
11.08.2025;12Y;OIS;USD;0,03768;SOFR;1D;1Y;;;;1Y;Act360;Act360;;ModifiedFollowing;ModifiedFollowing;;2D
11.08.2025;8Mx11M;FRA;EUR;0,01868;EURIBOR;3M;3M;;;;3M;Act360;Act360;;ModifiedFollowing;ModifiedFollowing;;2D
11.08.2025;7Y;OIS;EUR;0,023415;EONIA;1D;1Y;;;;1Y;Act360;Act360;;ModifiedFollowing;ModifiedFollowing;;2D
11.08.2025;1Y;OIS;GBP;0,03801;SONIA;1D;1Y;;;;1Y;Act360;Act360;;ModifiedFollowing;ModifiedFollowing;;2D
11.08.2025;3Mx6M;FRA;USD;0,04126;LIBOR;3M;3M;;;;3M;Act360;Act360;;ModifiedFollowing;ModifiedFollowing;;2D
11.08.2025;7M;IRS;EUR;0,01878;EURIBOR;1M;1M;;;;1Y;Act360;Act360;;ModifiedFollowing;ModifiedFollowing;;2D
11.08.2025;2M;OIS;GBP;0,03976;SONIA;1D;2M;;;;2M;Act360;Act360;;ModifiedFollowing;ModifiedFollowing;;2D
11.08.2025;60Y;IRS;EUR;0,02709;EURIBOR;3M;3M;;;;1Y;Act360;Act360;;ModifiedFollowing;ModifiedFollowing;;2D
11.08.2025;10Y;OIS;USD;0,03669;SOFR;1D;1Y;;;;1Y;Act360;Act360;;ModifiedFollowing;ModifiedFollowing;;2D
11.08.2025;7Mx10M;FRA;EUR;0,01872;EURIBOR;3M;3M;;;;3M;Act360;Act360;;ModifiedFollowing;ModifiedFollowing;;2D
11.08.2025;6Y;OIS;EUR;0,022705;EONIA;1D;1Y;;;;1Y;Act360;Act360;;ModifiedFollowing;ModifiedFollowing;;2D
11.08.2025;20Y;IRS;EUR;0,02855;EURIBOR;3M;3M;;;;1Y;Act360;Act360;;ModifiedFollowing;ModifiedFollowing;;2D
11.08.2025;20Y;OIS;GBP;0,04466;SONIA;1D;1Y;;;;1Y;Act360;Act360;;ModifiedFollowing;ModifiedFollowing;;2D
11.08.2025;4Mx7M;FRA;GBP;0,03881;LIBOR;3M;3M;;;;3M;Act360;Act360;;ModifiedFollowing;ModifiedFollowing;;2D
11.08.2025;7Y;IRS;EUR;0,023975;EURIBOR;3M;3M;;;;1Y;Act360;Act360;;ModifiedFollowing;ModifiedFollowing;;2D
11.08.2025;6Mx9M;FRA;EUR;0,01886;EURIBOR;3M;3M;;;;3M;Act360;Act360;;ModifiedFollowing;ModifiedFollowing;;2D
11.08.2025;5Y;OIS;EUR;0,021945;EONIA;1D;1Y;;;;1Y;Act360;Act360;;ModifiedFollowing;ModifiedFollowing;;2D
11.08.2025;9Y;OIS;USD;0,03613;SOFR;1D;1Y;;;;1Y;Act360;Act360;;ModifiedFollowing;ModifiedFollowing;;2D
11.08.2025;5Mx8M;FRA;EUR;0,01901;EURIBOR;3M;3M;;;;3M;Act360;Act360;;ModifiedFollowing;ModifiedFollowing;;2D
11.08.2025;11M;OIS;USD;0,03825;SOFR;1D;1Y;;;;1Y;Act360;Act360;;ModifiedFollowing;ModifiedFollowing;;2D
11.08.2025;4Mx7M;FRA;USD;0,04027;LIBOR;3M;3M;;;;3M;Act360;Act360;;ModifiedFollowing;ModifiedFollowing;;2D
11.08.2025;6M;OIS;EUR;0,01963;EONIA;1D;6M;;;;6M;Act360;Act360;;ModifiedFollowing;ModifiedFollowing;;2D
11.08.2025;8M;IRS;EUR;0,01869;EURIBOR;1M;1M;;;;1Y;Act360;Act360;;ModifiedFollowing;ModifiedFollowing;;2D
11.08.2025;1Mx7M;FRA;GBP;0,041445;LIBOR;3M;3M;;;;3M;Act360;Act360;;ModifiedFollowing;ModifiedFollowing;;2D
11.08.2025;4Mx7M;FRA;EUR;0,01918;EURIBOR;3M;3M;;;;3M;Act360;Act360;;ModifiedFollowing;ModifiedFollowing;;2D
11.08.2025;15Y;OIS;GBP;0,0432;SONIA;1D;1Y;;;;1Y;Act360;Act360;;ModifiedFollowing;ModifiedFollowing;;2D
11.08.2025;8Y;OIS;USD;0,03557;SOFR;1D;1Y;;;;1Y;Act360;Act360;;ModifiedFollowing;ModifiedFollowing;;2D
11.08.2025;4Y;OIS;EUR;0,02113;EONIA;1D;1Y;;;;1Y;Act360;Act360;;ModifiedFollowing;ModifiedFollowing;;2D
11.08.2025;3Mx9M;FRA;USD;0,04191;LIBOR;3M;3M;;;;3M;Act360;Act360;;ModifiedFollowing;ModifiedFollowing;;2D
11.08.2025;3Mx6M;FRA;EUR;0,01945;EURIBOR;3M;3M;;;;3M;Act360;Act360;;ModifiedFollowing;ModifiedFollowing;;2D
11.08.2025;1Mx4M;FRA;GBP;0,04053;LIBOR;3M;3M;;;;3M;Act360;Act360;;ModifiedFollowing;ModifiedFollowing;;2D
11.08.2025;12Y;OIS;GBP;0,04169;SONIA;1D;1Y;;;;1Y;Act360;Act360;;ModifiedFollowing;ModifiedFollowing;;2D
11.08.2025;4M;OIS;EUR;0,01988;EONIA;1D;4M;;;;4M;Act360;Act360;;ModifiedFollowing;ModifiedFollowing;;2D
11.08.2025;2Mx5M;FRA;EUR;0,01971;EURIBOR;3M;3M;;;;3M;Act360;Act360;;ModifiedFollowing;ModifiedFollowing;;2D
11.08.2025;5Mx8M;FRA;USD;0,03964;LIBOR;3M;3M;;;;3M;Act360;Act360;;ModifiedFollowing;ModifiedFollowing;;2D
11.08.2025;3M;OIS;GBP;0,03973;SONIA;1D;3M;;;;3M;Act360;Act360;;ModifiedFollowing;ModifiedFollowing;;2D
11.08.2025;9M;IRS;EUR;0,01861;EURIBOR;1M;1M;;;;1Y;Act360;Act360;;ModifiedFollowing;ModifiedFollowing;;2D
11.08.2025;3Y;OIS;EUR;0,0202;EONIA;1D;1Y;;;;1Y;Act360;Act360;;ModifiedFollowing;ModifiedFollowing;;2D
11.08.2025;7Y;OIS;USD;0,035;SOFR;1D;1Y;;;;1Y;Act360;Act360;;ModifiedFollowing;ModifiedFollowing;;2D
11.08.2025;1Mx4M;FRA;EUR;0,01995;EURIBOR;3M;3M;;;;3M;Act360;Act360;;ModifiedFollowing;ModifiedFollowing;;2D
11.08.2025;8Y;IRS;EUR;0,02464;EURIBOR;3M;3M;;;;1Y;Act360;Act360;;ModifiedFollowing;ModifiedFollowing;;2D
11.08.2025;10Y;OIS;GBP;0,04041;SONIA;1D;1Y;;;;1Y;Act360;Act360;;ModifiedFollowing;ModifiedFollowing;;2D
11.08.2025;2Y;OIS;GBP;0,03661;SONIA;1D;1Y;;;;1Y;Act360;Act360;;ModifiedFollowing;ModifiedFollowing;;2D
11.08.2025;6Y;OIS;USD;0,03443;SOFR;1D;1Y;;;;1Y;Act360;Act360;;ModifiedFollowing;ModifiedFollowing;;2D
11.08.2025;2Y;OIS;EUR;0,01926;EONIA;1D;1Y;;;;1Y;Act360;Act360;;ModifiedFollowing;ModifiedFollowing;;2D
11.08.2025;6Mx9M;FRA;USD;0,03886;LIBOR;3M;3M;;;;3M;Act360;Act360;;ModifiedFollowing;ModifiedFollowing;;2D
11.08.2025;5M;OIS;EUR;0,01975;EONIA;1D;5M;;;;5M;Act360;Act360;;ModifiedFollowing;ModifiedFollowing;;2D
11.08.2025;12Y;IRS;EUR;0,02686;EURIBOR;3M;3M;;;;1Y;Act360;Act360;;ModifiedFollowing;ModifiedFollowing;;2D
11.08.2025;8Mx11M;FRA;GBP;0,03691;LIBOR;3M;3M;;;;3M;Act360;Act360;;ModifiedFollowing;ModifiedFollowing;;2D
11.08.2025;18M;OIS;GBP;0,03696;SONIA;1D;1Y;;;;1Y;Act360;Act360;;ModifiedFollowing;ModifiedFollowing;;2D
11.08.2025;5Y;OIS;USD;0,03394;SOFR;1D;1Y;;;;1Y;Act360;Act360;;ModifiedFollowing;ModifiedFollowing;;2D
11.08.2025;18M;OIS;EUR;0,019;EONIA;1D;1Y;;;;1Y;Act360;Act360;;ModifiedFollowing;ModifiedFollowing;;2D
11.08.2025;4M;OIS;GBP;0,03952;SONIA;1D;4M;;;;4M;Act360;Act360;;ModifiedFollowing;ModifiedFollowing;;2D
11.08.2025;9Y;OIS;GBP;0,03972;SONIA;1D;1Y;;;;1Y;Act360;Act360;;ModifiedFollowing;ModifiedFollowing;;2D
11.08.2025;7M;OIS;GBP;0,03891;SONIA;1D;7M;;;;7M;Act360;Act360;;ModifiedFollowing;ModifiedFollowing;;2D
11.08.2025;10M;IRS;EUR;0,01854;EURIBOR;1M;1M;;;;1Y;Act360;Act360;;ModifiedFollowing;ModifiedFollowing;;2D
11.08.2025;8M;OIS;USD;0,03935;SOFR;1D;8M;;;;8M;Act360;Act360;;ModifiedFollowing;ModifiedFollowing;;2D
11.08.2025;4Y;OIS;USD;0,03367;SOFR;1D;1Y;;;;1Y;Act360;Act360;;ModifiedFollowing;ModifiedFollowing;;2D
11.08.2025;7Mx10M;FRA;USD;0,03819;LIBOR;3M;3M;;;;3M;Act360;Act360;;ModifiedFollowing;ModifiedFollowing;;2D
11.08.2025;1Y;OIS;EUR;0,01911;EONIA;1D;1Y;;;;1Y;Act360;Act360;;ModifiedFollowing;ModifiedFollowing;;2D
11.08.2025;50Y;IRS;EUR;0,027585;EURIBOR;3M;3M;;;;1Y;Act360;Act360;;ModifiedFollowing;ModifiedFollowing;;2D
11.08.2025;9Y;IRS;EUR;0,02527;EURIBOR;3M;3M;;;;1Y;Act360;Act360;;ModifiedFollowing;ModifiedFollowing;;2D
11.08.2025;1M;OIS;USD;0,04332;SOFR;1D;1M;;;;1M;Act360;Act360;;ModifiedFollowing;ModifiedFollowing;;2D
11.08.2025;2M;OIS;EUR;0,02004;EONIA;1D;2M;;;;2M;Act360;Act360;;ModifiedFollowing;ModifiedFollowing;;2D
11.08.2025;8Y;OIS;GBP;0,039;SONIA;1D;1Y;;;;1Y;Act360;Act360;;ModifiedFollowing;ModifiedFollowing;;2D
11.08.2025;2M;OIS;USD;0,04249;SOFR;1D;2M;;;;2M;Act360;Act360;;ModifiedFollowing;ModifiedFollowing;;2D
11.08.2025;5M;OIS;GBP;0,0393;SONIA;1D;5M;;;;5M;Act360;Act360;;ModifiedFollowing;ModifiedFollowing;;2D
11.08.2025;7D;OIS;EUR;0,0201;EONIA;1D;7D;;;;7D;Act360;Act360;;ModifiedFollowing;ModifiedFollowing;;2D
11.08.2025;30Y;IRS;EUR;0,02835;EURIBOR;3M;3M;;;;1Y;Act360;Act360;;ModifiedFollowing;ModifiedFollowing;;2D
11.08.2025;3Y;OIS;USD;0,0337;SOFR;1D;1Y;;;;1Y;Act360;Act360;;ModifiedFollowing;ModifiedFollowing;;2D
11.08.2025;8Mx11M;FRA;USD;0,03756;LIBOR;3M;3M;;;;3M;Act360;Act360;;ModifiedFollowing;ModifiedFollowing;;2D
11.08.2025;7Mx10M;FRA;GBP;0,03732;LIBOR;3M;3M;;;;3M;Act360;Act360;;ModifiedFollowing;ModifiedFollowing;;2D
11.08.2025;11M;OIS;EUR;0,01916;EONIA;1D;1Y;;;;1Y;Act360;Act360;;ModifiedFollowing;ModifiedFollowing;;2D
11.08.2025;11M;IRS;EUR;0,0185;EURIBOR;1M;1M;;;;1Y;Act360;Act360;;ModifiedFollowing;ModifiedFollowing;;2D
11.08.2025;10M;OIS;EUR;0,01921;EONIA;1D;1Y;;;;1Y;Act360;Act360;;ModifiedFollowing;ModifiedFollowing;;2D
11.08.2025;7Y;OIS;GBP;0,0383;SONIA;1D;1Y;;;;1Y;Act360;Act360;;ModifiedFollowing;ModifiedFollowing;;2D
11.08.2025;14D;OIS;EUR;0,0201;EONIA;1D;14D;;;;14D;Act360;Act360;;ModifiedFollowing;ModifiedFollowing;;2D
11.08.2025;2Y;OIS;USD;0,034591;SOFR;1D;1Y;;;;1Y;Act360;Act360;;ModifiedFollowing;ModifiedFollowing;;2D
11.08.2025;8M;OIS;GBP;0,03869;SONIA;1D;8M;;;;8M;Act360;Act360;;ModifiedFollowing;ModifiedFollowing;;2D
11.08.2025;10Y;IRS;EUR;0,02584;EURIBOR;3M;3M;;;;1Y;Act360;Act360;;ModifiedFollowing;ModifiedFollowing;;2D
11.08.2025;7D;OIS;USD;0,04325;SOFR;1D;7D;;;;7D;Act360;Act360;;ModifiedFollowing;ModifiedFollowing;;2D
11.08.2025;9M;OIS;EUR;0,01928;EONIA;1D;9M;;;;9M;Act360;Act360;;ModifiedFollowing;ModifiedFollowing;;2D
11.08.2025;5Mx8M;FRA;GBP;0,03822;LIBOR;3M;3M;;;;3M;Act360;Act360;;ModifiedFollowing;ModifiedFollowing;;2D
11.08.2025;1Mx7M;FRA;USD;0,04391;LIBOR;3M;3M;;;;3M;Act360;Act360;;ModifiedFollowing;ModifiedFollowing;;2D
11.08.2025;18M;OIS;USD;0,03567;SOFR;1D;1Y;;;;1Y;Act360;Act360;;ModifiedFollowing;ModifiedFollowing;;2D
11.08.2025;11Y;IRS;EUR;0,02639;EURIBOR;3M;3M;;;;1Y;Act360;Act360;;ModifiedFollowing;ModifiedFollowing;;2D
11.08.2025;1M;OIS;EUR;0,02011;EONIA;1D;1M;;;;1M;Act360;Act360;;ModifiedFollowing;ModifiedFollowing;;2D
11.08.2025;5M;OIS;USD;0,04071;SOFR;1D;5M;;;;5M;Act360;Act360;;ModifiedFollowing;ModifiedFollowing;;2D
11.08.2025;6Y;OIS;GBP;0,03763;SONIA;1D;1Y;;;;1Y;Act360;Act360;;ModifiedFollowing;ModifiedFollowing;;2D
11.08.2025;6M;OIS;GBP;0,03913;SONIA;1D;6M;;;;6M;Act360;Act360;;ModifiedFollowing;ModifiedFollowing;;2D
11.08.2025;3Y;OIS;GBP;0,03639;SONIA;1D;1Y;;;;1Y;Act360;Act360;;ModifiedFollowing;ModifiedFollowing;;2D
11.08.2025;6Mx9M;FRA;GBP;0,03774;LIBOR;3M;3M;;;;3M;Act360;Act360;;ModifiedFollowing;ModifiedFollowing;;2D
11.08.2025;4Mx10M;FRA;USD;0,04106;LIBOR;3M;3M;;;;3M;Act360;Act360;;ModifiedFollowing;ModifiedFollowing;;2D
11.08.2025;5Y;OIS;GBP;0,03705;SONIA;1D;1Y;;;;1Y;Act360;Act360;;ModifiedFollowing;ModifiedFollowing;;2D
11.08.2025;8M;OIS;EUR;0,01938;EONIA;1D;8M;;;;8M;Act360;Act360;;ModifiedFollowing;ModifiedFollowing;;2D
11.08.2025;4M;OIS;USD;0,04134;SOFR;1D;4M;;;;4M;Act360;Act360;;ModifiedFollowing;ModifiedFollowing;;2D
11.08.2025;2Mx8M;FRA;USD;0,04292;LIBOR;3M;3M;;;;3M;Act360;Act360;;ModifiedFollowing;ModifiedFollowing;;2D
11.08.2025;5Mx11M;FRA;USD;0,04042;LIBOR;3M;3M;;;;3M;Act360;Act360;;ModifiedFollowing;ModifiedFollowing;;2D
11.08.2025;7D;OIS;GBP;0,0397;SONIA;1D;7D;;;;7D;Act360;Act360;;ModifiedFollowing;ModifiedFollowing;;2D
11.08.2025;6M;OIS;USD;0,04019;SOFR;1D;6M;;;;6M;Act360;Act360;;ModifiedFollowing;ModifiedFollowing;;2D
11.08.2025;6M;DEPOSIT;EUR;0,0188;EURIBOR;6M;6M;;;;6M;Act360;Act360;;ModifiedFollowing;ModifiedFollowing;;2D
11.08.2025;14D;OIS;GBP;0,03972;SONIA;1D;14D;;;;14D;Act360;Act360;;ModifiedFollowing;ModifiedFollowing;;2D
11.08.2025;14D;OIS;USD;0,04327;SOFR;1D;14D;;;;14D;Act360;Act360;;ModifiedFollowing;ModifiedFollowing;;2D
11.08.2025;3Y;IRS;EUR;0,020835;EURIBOR;3M;3M;;;;1Y;Act360;Act360;;ModifiedFollowing;ModifiedFollowing;;2D
11.08.2025;1Y;OIS;USD;0,03788;SOFR;1D;1Y;;;;1Y;Act360;Act360;;ModifiedFollowing;ModifiedFollowing;;2D
11.08.2025;12M;DEPOSIT;EUR;0,01975;EURIBOR;12M;1Y;;;;1Y;Act360;Act360;;ModifiedFollowing;ModifiedFollowing;;2D
11.08.2025;50Y;OIS;USD;0,03659;SOFR;1D;1Y;;;;1Y;Act360;Act360;;ModifiedFollowing;ModifiedFollowing;;2D
11.08.2025;2Y;IRS;EUR;0,019901;EURIBOR;3M;3M;;;;1Y;Act360;Act360;;ModifiedFollowing;ModifiedFollowing;;2D
11.08.2025;3M;OIS;EUR;0,01998;EONIA;1D;3M;;;;3M;Act360;Act360;;ModifiedFollowing;ModifiedFollowing;;2D
11.08.2025;9Mx21M;FRA;EUR;0,02107;EURIBOR;3M;3M;;;;3M;Act360;Act360;;ModifiedFollowing;ModifiedFollowing;;2D
11.08.2025;7Mx19M;FRA;EUR;0,02085;EURIBOR;3M;3M;;;;3M;Act360;Act360;;ModifiedFollowing;ModifiedFollowing;;2D
11.08.2025;5Mx11M;FRA;GBP;0,039315;LIBOR;3M;3M;;;;3M;Act360;Act360;;ModifiedFollowing;ModifiedFollowing;;2D
11.08.2025;4Mx10M;FRA;GBP;0,03981;LIBOR;3M;3M;;;;3M;Act360;Act360;;ModifiedFollowing;ModifiedFollowing;;2D
11.08.2025;40Y;IRS;EUR;0,028;EURIBOR;3M;3M;;;;1Y;Act360;Act360;;ModifiedFollowing;ModifiedFollowing;;2D
11.08.2025;1M;DEPOSIT;USD;0,0444;LIBOR;1M;1M;;;;1M;Act360;Act360;;ModifiedFollowing;ModifiedFollowing;;2D
11.08.2025;3M;IRS;EUR;0,01909;EURIBOR;1M;1M;;;;1Y;Act360;Act360;;ModifiedFollowing;ModifiedFollowing;;2D
11.08.2025;3M;DEPOSIT;USD;0,0441;LIBOR;3M;3M;;;;3M;Act360;Act360;;ModifiedFollowing;ModifiedFollowing;;2D
11.08.2025;6Mx18M;FRA;EUR;0,0208;EURIBOR;3M;3M;;;;3M;Act360;Act360;;ModifiedFollowing;ModifiedFollowing;;2D
11.08.2025;3M;OIS;USD;0,04191;SOFR;1D;3M;;;;3M;Act360;Act360;;ModifiedFollowing;ModifiedFollowing;;2D
11.08.2025;3M;DEPOSIT;EUR;0,0218;EURIBOR;3M;3M;;;;3M;Act360;Act360;;ModifiedFollowing;ModifiedFollowing;;2D
11.08.2025;40Y;OIS;USD;0,03791;SOFR;1D;1Y;;;;1Y;Act360;Act360;;ModifiedFollowing;ModifiedFollowing;;2D
11.08.2025;1Y;IRS;EUR;0,0193175;EURIBOR;3M;3M;;;;1Y;Act360;Act360;;ModifiedFollowing;ModifiedFollowing;;2D
11.08.2025;6M;DEPOSIT;USD;0,04245;LIBOR;6M;6M;;;;6M;Act360;Act360;;ModifiedFollowing;ModifiedFollowing;;2D
11.08.2025;5Mx17M;FRA;EUR;0,02082;EURIBOR;3M;3M;;;;3M;Act360;Act360;;ModifiedFollowing;ModifiedFollowing;;2D
11.08.2025;7M;OIS;EUR;0,0195;EONIA;1D;7M;;;;7M;Act360;Act360;;ModifiedFollowing;ModifiedFollowing;;2D
11.08.2025;12M;DEPOSIT;USD;0,04175;LIBOR;12M;1Y;;;;1Y;Act360;Act360;;ModifiedFollowing;ModifiedFollowing;;2D
11.08.2025;10Mx22M;FRA;EUR;0,02122;EURIBOR;3M;3M;;;;3M;Act360;Act360;;ModifiedFollowing;ModifiedFollowing;;2D
11.08.2025;35Y;OIS;USD;0,03855;SOFR;1D;1Y;;;;1Y;Act360;Act360;;ModifiedFollowing;ModifiedFollowing;;2D
11.08.2025;4Mx16M;FRA;EUR;0,02085;EURIBOR;3M;3M;;;;3M;Act360;Act360;;ModifiedFollowing;ModifiedFollowing;;2D
11.08.2025;30Y;OIS;EUR;0,02791;EONIA;1D;1Y;;;;1Y;Act360;Act360;;ModifiedFollowing;ModifiedFollowing;;2D
11.08.2025;3Mx6M;FRA;GBP;0,03939;LIBOR;3M;3M;;;;3M;Act360;Act360;;ModifiedFollowing;ModifiedFollowing;;2D
08.08.2025;2Mx8M;FRA;GBP;0,04101;LIBOR;3M;3M;;;;3M;Act360;Act360;;ModifiedFollowing;ModifiedFollowing;;2D
08.08.2025;2M;OIS;USD;0,04247;SOFR;1D;2M;;;;2M;Act360;Act360;;ModifiedFollowing;ModifiedFollowing;;2D
08.08.2025;8M;OIS;USD;0,03929;SOFR;1D;8M;;;;8M;Act360;Act360;;ModifiedFollowing;ModifiedFollowing;;2D
08.08.2025;7M;OIS;USD;0,03974;SOFR;1D;7M;;;;7M;Act360;Act360;;ModifiedFollowing;ModifiedFollowing;;2D
08.08.2025;3M;OIS;USD;0,0419;SOFR;1D;3M;;;;3M;Act360;Act360;;ModifiedFollowing;ModifiedFollowing;;2D
08.08.2025;6M;OIS;USD;0,04016;SOFR;1D;6M;;;;6M;Act360;Act360;;ModifiedFollowing;ModifiedFollowing;;2D
08.08.2025;5M;OIS;USD;0,04069;SOFR;1D;5M;;;;5M;Act360;Act360;;ModifiedFollowing;ModifiedFollowing;;2D
08.08.2025;4M;OIS;USD;0,04139;SOFR;1D;4M;;;;4M;Act360;Act360;;ModifiedFollowing;ModifiedFollowing;;2D
08.08.2025;8M;OIS;EUR;0,01931;EONIA;1D;8M;;;;8M;Act360;Act360;;ModifiedFollowing;ModifiedFollowing;;2D
08.08.2025;1M;OIS;EUR;0,02011;EONIA;1D;1M;;;;1M;Act360;Act360;;ModifiedFollowing;ModifiedFollowing;;2D
08.08.2025;9M;OIS;EUR;0,01921;EONIA;1D;9M;;;;9M;Act360;Act360;;ModifiedFollowing;ModifiedFollowing;;2D
08.08.2025;14D;OIS;EUR;0,020088;EONIA;1D;14D;;;;14D;Act360;Act360;;ModifiedFollowing;ModifiedFollowing;;2D
08.08.2025;10M;OIS;EUR;0,01913;EONIA;1D;1Y;;;;1Y;Act360;Act360;;ModifiedFollowing;ModifiedFollowing;;2D
08.08.2025;7D;OIS;EUR;0,019255;EONIA;1D;7D;;;;7D;Act360;Act360;;ModifiedFollowing;ModifiedFollowing;;2D
08.08.2025;11M;OIS;EUR;0,01905;EONIA;1D;1Y;;;;1Y;Act360;Act360;;ModifiedFollowing;ModifiedFollowing;;2D
08.08.2025;2M;OIS;EUR;0,02003;EONIA;1D;2M;;;;2M;Act360;Act360;;ModifiedFollowing;ModifiedFollowing;;2D
08.08.2025;1Y;OIS;EUR;0,019;EONIA;1D;1Y;;;;1Y;Act360;Act360;;ModifiedFollowing;ModifiedFollowing;;2D
08.08.2025;18M;OIS;EUR;0,01888;EONIA;1D;1Y;;;;1Y;Act360;Act360;;ModifiedFollowing;ModifiedFollowing;;2D
08.08.2025;2Y;OIS;EUR;0,01918;EONIA;1D;1Y;;;;1Y;Act360;Act360;;ModifiedFollowing;ModifiedFollowing;;2D
08.08.2025;1Mx4M;FRA;EUR;0,01991;EURIBOR;3M;3M;;;;3M;Act360;Act360;;ModifiedFollowing;ModifiedFollowing;;2D
08.08.2025;5M;OIS;EUR;0,01971;EONIA;1D;5M;;;;5M;Act360;Act360;;ModifiedFollowing;ModifiedFollowing;;2D
08.08.2025;3Y;OIS;EUR;0,02009;EONIA;1D;1Y;;;;1Y;Act360;Act360;;ModifiedFollowing;ModifiedFollowing;;2D
08.08.2025;2Mx5M;FRA;EUR;0,01962;EURIBOR;3M;3M;;;;3M;Act360;Act360;;ModifiedFollowing;ModifiedFollowing;;2D
08.08.2025;3Mx6M;FRA;EUR;0,019324;EURIBOR;3M;3M;;;;3M;Act360;Act360;;ModifiedFollowing;ModifiedFollowing;;2D
08.08.2025;4Y;OIS;EUR;0,021025;EONIA;1D;1Y;;;;1Y;Act360;Act360;;ModifiedFollowing;ModifiedFollowing;;2D
08.08.2025;4Mx7M;FRA;EUR;0,019047;EURIBOR;3M;3M;;;;3M;Act360;Act360;;ModifiedFollowing;ModifiedFollowing;;2D
08.08.2025;5Mx8M;FRA;EUR;0,018871;EURIBOR;3M;3M;;;;3M;Act360;Act360;;ModifiedFollowing;ModifiedFollowing;;2D
08.08.2025;5Y;OIS;EUR;0,02183;EONIA;1D;1Y;;;;1Y;Act360;Act360;;ModifiedFollowing;ModifiedFollowing;;2D
08.08.2025;6Mx9M;FRA;EUR;0,01868;EURIBOR;3M;3M;;;;3M;Act360;Act360;;ModifiedFollowing;ModifiedFollowing;;2D
08.08.2025;6Y;OIS;EUR;0,02259;EONIA;1D;1Y;;;;1Y;Act360;Act360;;ModifiedFollowing;ModifiedFollowing;;2D
08.08.2025;7Mx10M;FRA;EUR;0,01852;EURIBOR;3M;3M;;;;3M;Act360;Act360;;ModifiedFollowing;ModifiedFollowing;;2D
08.08.2025;7Y;OIS;EUR;0,023325;EONIA;1D;1Y;;;;1Y;Act360;Act360;;ModifiedFollowing;ModifiedFollowing;;2D
08.08.2025;8Mx11M;FRA;EUR;0,01848;EURIBOR;3M;3M;;;;3M;Act360;Act360;;ModifiedFollowing;ModifiedFollowing;;2D
08.08.2025;1Mx7M;FRA;EUR;0,02045;EURIBOR;3M;3M;;;;3M;Act360;Act360;;ModifiedFollowing;ModifiedFollowing;;2D
08.08.2025;8Y;OIS;EUR;0,024015;EONIA;1D;1Y;;;;1Y;Act360;Act360;;ModifiedFollowing;ModifiedFollowing;;2D
08.08.2025;2Mx8M;FRA;EUR;0,0202;EURIBOR;3M;3M;;;;3M;Act360;Act360;;ModifiedFollowing;ModifiedFollowing;;2D
08.08.2025;3Mx9M;FRA;EUR;0,01999;EURIBOR;3M;3M;;;;3M;Act360;Act360;;ModifiedFollowing;ModifiedFollowing;;2D
08.08.2025;9Y;OIS;EUR;0,024655;EONIA;1D;1Y;;;;1Y;Act360;Act360;;ModifiedFollowing;ModifiedFollowing;;2D
08.08.2025;4Mx10M;FRA;EUR;0,01978;EURIBOR;3M;3M;;;;3M;Act360;Act360;;ModifiedFollowing;ModifiedFollowing;;2D
08.08.2025;10Y;OIS;EUR;0,02522;EONIA;1D;1Y;;;;1Y;Act360;Act360;;ModifiedFollowing;ModifiedFollowing;;2D
08.08.2025;5Mx11M;FRA;EUR;0,01971;EURIBOR;3M;3M;;;;3M;Act360;Act360;;ModifiedFollowing;ModifiedFollowing;;2D
08.08.2025;12M;DEPOSIT;GBP;0,042;LIBOR;12M;1Y;;;;1Y;Act360;Act360;;ModifiedFollowing;ModifiedFollowing;;2D
08.08.2025;1Mx13M;FRA;EUR;0,02112;EURIBOR;3M;3M;;;;3M;Act360;Act360;;ModifiedFollowing;ModifiedFollowing;;2D
08.08.2025;15Y;OIS;EUR;0,02727;EONIA;1D;1Y;;;;1Y;Act360;Act360;;ModifiedFollowing;ModifiedFollowing;;2D
08.08.2025;6M;DEPOSIT;GBP;0,0423;LIBOR;6M;6M;;;;6M;Act360;Act360;;ModifiedFollowing;ModifiedFollowing;;2D
08.08.2025;2Mx14M;FRA;EUR;0,02098;EURIBOR;3M;3M;;;;3M;Act360;Act360;;ModifiedFollowing;ModifiedFollowing;;2D
08.08.2025;3M;DEPOSIT;GBP;0,0412;LIBOR;3M;3M;;;;3M;Act360;Act360;;ModifiedFollowing;ModifiedFollowing;;2D
08.08.2025;3Mx15M;FRA;EUR;0,02084;EURIBOR;3M;3M;;;;3M;Act360;Act360;;ModifiedFollowing;ModifiedFollowing;;2D
08.08.2025;20Y;OIS;EUR;0,02793;EONIA;1D;1Y;;;;1Y;Act360;Act360;;ModifiedFollowing;ModifiedFollowing;;2D
08.08.2025;1M;DEPOSIT;GBP;0,0407;LIBOR;1M;1M;;;;1M;Act360;Act360;;ModifiedFollowing;ModifiedFollowing;;2D
08.08.2025;30Y;OIS;EUR;0,02777;EONIA;1D;1Y;;;;1Y;Act360;Act360;;ModifiedFollowing;ModifiedFollowing;;2D
08.08.2025;4Mx16M;FRA;EUR;0,02074;EURIBOR;3M;3M;;;;3M;Act360;Act360;;ModifiedFollowing;ModifiedFollowing;;2D
08.08.2025;12M;DEPOSIT;USD;0,04175;LIBOR;12M;1Y;;;;1Y;Act360;Act360;;ModifiedFollowing;ModifiedFollowing;;2D
08.08.2025;5Mx17M;FRA;EUR;0,02071;EURIBOR;3M;3M;;;;3M;Act360;Act360;;ModifiedFollowing;ModifiedFollowing;;2D
08.08.2025;6M;DEPOSIT;USD;0,04305;LIBOR;6M;6M;;;;6M;Act360;Act360;;ModifiedFollowing;ModifiedFollowing;;2D
08.08.2025;1Y;IRS;EUR;0,019566;EURIBOR;3M;3M;;;;1Y;Act360;Act360;;ModifiedFollowing;ModifiedFollowing;;2D
08.08.2025;3M;DEPOSIT;USD;0,04295;LIBOR;3M;3M;;;;3M;Act360;Act360;;ModifiedFollowing;ModifiedFollowing;;2D
08.08.2025;6Mx18M;FRA;EUR;0,0207;EURIBOR;3M;3M;;;;3M;Act360;Act360;;ModifiedFollowing;ModifiedFollowing;;2D
08.08.2025;1M;DEPOSIT;USD;0,0444;LIBOR;1M;1M;;;;1M;Act360;Act360;;ModifiedFollowing;ModifiedFollowing;;2D
08.08.2025;7Mx19M;FRA;EUR;0,02075;EURIBOR;3M;3M;;;;3M;Act360;Act360;;ModifiedFollowing;ModifiedFollowing;;2D
08.08.2025;2Y;IRS;EUR;0,019797;EURIBOR;3M;3M;;;;1Y;Act360;Act360;;ModifiedFollowing;ModifiedFollowing;;2D
08.08.2025;12M;DEPOSIT;EUR;0,02115;EURIBOR;12M;1Y;;;;1Y;Act360;Act360;;ModifiedFollowing;ModifiedFollowing;;2D
08.08.2025;8Mx20M;FRA;EUR;0,02085;EURIBOR;3M;3M;;;;3M;Act360;Act360;;ModifiedFollowing;ModifiedFollowing;;2D
08.08.2025;6M;DEPOSIT;EUR;0,0187;EURIBOR;6M;6M;;;;6M;Act360;Act360;;ModifiedFollowing;ModifiedFollowing;;2D
08.08.2025;3Y;IRS;EUR;0,020735;EURIBOR;3M;3M;;;;1Y;Act360;Act360;;ModifiedFollowing;ModifiedFollowing;;2D
08.08.2025;7M;OIS;EUR;0,01944;EONIA;1D;7M;;;;7M;Act360;Act360;;ModifiedFollowing;ModifiedFollowing;;2D
08.08.2025;9Mx21M;FRA;EUR;0,02097;EURIBOR;3M;3M;;;;3M;Act360;Act360;;ModifiedFollowing;ModifiedFollowing;;2D
08.08.2025;3M;DEPOSIT;EUR;0,02035;EURIBOR;3M;3M;;;;3M;Act360;Act360;;ModifiedFollowing;ModifiedFollowing;;2D
08.08.2025;10Mx22M;FRA;EUR;0,02113;EURIBOR;3M;3M;;;;3M;Act360;Act360;;ModifiedFollowing;ModifiedFollowing;;2D
08.08.2025;1M;DEPOSIT;EUR;0,0214;EURIBOR;1M;1M;;;;1M;Act360;Act360;;ModifiedFollowing;ModifiedFollowing;;2D
08.08.2025;4Y;IRS;EUR;0,02164;EURIBOR;3M;3M;;;;1Y;Act360;Act360;;ModifiedFollowing;ModifiedFollowing;;2D
08.08.2025;50Y;OIS;GBP;0,04347;SONIA;1D;1Y;;;;1Y;Act360;Act360;;ModifiedFollowing;ModifiedFollowing;;2D
08.08.2025;11Mx23M;FRA;EUR;0,02129;EURIBOR;3M;3M;;;;3M;Act360;Act360;;ModifiedFollowing;ModifiedFollowing;;2D
08.08.2025;40Y;OIS;GBP;0,04451;SONIA;1D;1Y;;;;1Y;Act360;Act360;;ModifiedFollowing;ModifiedFollowing;;2D
08.08.2025;1Mx4M;FRA;USD;0,04377;LIBOR;3M;3M;;;;3M;Act360;Act360;;ModifiedFollowing;ModifiedFollowing;;2D
08.08.2025;5Y;IRS;EUR;0,022425;EURIBOR;3M;3M;;;;1Y;Act360;Act360;;ModifiedFollowing;ModifiedFollowing;;2D
08.08.2025;30Y;OIS;GBP;0,04521;SONIA;1D;1Y;;;;1Y;Act360;Act360;;ModifiedFollowing;ModifiedFollowing;;2D
08.08.2025;2Mx5M;FRA;USD;0,0424;LIBOR;3M;3M;;;;3M;Act360;Act360;;ModifiedFollowing;ModifiedFollowing;;2D
08.08.2025;6Y;IRS;EUR;0,023165;EURIBOR;3M;3M;;;;1Y;Act360;Act360;;ModifiedFollowing;ModifiedFollowing;;2D
08.08.2025;25Y;OIS;GBP;0,0452;SONIA;1D;1Y;;;;1Y;Act360;Act360;;ModifiedFollowing;ModifiedFollowing;;2D
08.08.2025;3Mx6M;FRA;USD;0,04125;LIBOR;3M;3M;;;;3M;Act360;Act360;;ModifiedFollowing;ModifiedFollowing;;2D
08.08.2025;20Y;OIS;GBP;0,04464;SONIA;1D;1Y;;;;1Y;Act360;Act360;;ModifiedFollowing;ModifiedFollowing;;2D
08.08.2025;7Y;IRS;EUR;0,02386;EURIBOR;3M;3M;;;;1Y;Act360;Act360;;ModifiedFollowing;ModifiedFollowing;;2D
08.08.2025;4Mx7M;FRA;USD;0,04019;LIBOR;3M;3M;;;;3M;Act360;Act360;;ModifiedFollowing;ModifiedFollowing;;2D
08.08.2025;15Y;OIS;GBP;0,04321;SONIA;1D;1Y;;;;1Y;Act360;Act360;;ModifiedFollowing;ModifiedFollowing;;2D
08.08.2025;12Y;OIS;GBP;0,04173;SONIA;1D;1Y;;;;1Y;Act360;Act360;;ModifiedFollowing;ModifiedFollowing;;2D
08.08.2025;5Mx8M;FRA;USD;0,03953;LIBOR;3M;3M;;;;3M;Act360;Act360;;ModifiedFollowing;ModifiedFollowing;;2D
08.08.2025;8Y;IRS;EUR;0,02454;EURIBOR;3M;3M;;;;1Y;Act360;Act360;;ModifiedFollowing;ModifiedFollowing;;2D
08.08.2025;10Y;OIS;GBP;0,04048;SONIA;1D;1Y;;;;1Y;Act360;Act360;;ModifiedFollowing;ModifiedFollowing;;2D
08.08.2025;6Mx9M;FRA;USD;0,03873;LIBOR;3M;3M;;;;3M;Act360;Act360;;ModifiedFollowing;ModifiedFollowing;;2D
08.08.2025;9Y;OIS;GBP;0,0398;SONIA;1D;1Y;;;;1Y;Act360;Act360;;ModifiedFollowing;ModifiedFollowing;;2D
08.08.2025;7Mx10M;FRA;USD;0,03808;LIBOR;3M;3M;;;;3M;Act360;Act360;;ModifiedFollowing;ModifiedFollowing;;2D
08.08.2025;9Y;IRS;EUR;0,02517;EURIBOR;3M;3M;;;;1Y;Act360;Act360;;ModifiedFollowing;ModifiedFollowing;;2D
08.08.2025;8Y;OIS;GBP;0,03911;SONIA;1D;1Y;;;;1Y;Act360;Act360;;ModifiedFollowing;ModifiedFollowing;;2D
08.08.2025;8Mx11M;FRA;USD;0,03741;LIBOR;3M;3M;;;;3M;Act360;Act360;;ModifiedFollowing;ModifiedFollowing;;2D
08.08.2025;7Y;OIS;GBP;0,03842;SONIA;1D;1Y;;;;1Y;Act360;Act360;;ModifiedFollowing;ModifiedFollowing;;2D
08.08.2025;10Y;IRS;EUR;0,02575;EURIBOR;3M;3M;;;;1Y;Act360;Act360;;ModifiedFollowing;ModifiedFollowing;;2D
08.08.2025;1Mx7M;FRA;USD;0,04386;LIBOR;3M;3M;;;;3M;Act360;Act360;;ModifiedFollowing;ModifiedFollowing;;2D
08.08.2025;6Y;OIS;GBP;0,03778;SONIA;1D;1Y;;;;1Y;Act360;Act360;;ModifiedFollowing;ModifiedFollowing;;2D
08.08.2025;5Y;OIS;GBP;0,03723;SONIA;1D;1Y;;;;1Y;Act360;Act360;;ModifiedFollowing;ModifiedFollowing;;2D
08.08.2025;2Mx8M;FRA;USD;0,04278;LIBOR;3M;3M;;;;3M;Act360;Act360;;ModifiedFollowing;ModifiedFollowing;;2D
08.08.2025;11Y;IRS;EUR;0,02629;EURIBOR;3M;3M;;;;1Y;Act360;Act360;;ModifiedFollowing;ModifiedFollowing;;2D
08.08.2025;4Y;OIS;GBP;0,0368;SONIA;1D;1Y;;;;1Y;Act360;Act360;;ModifiedFollowing;ModifiedFollowing;;2D
08.08.2025;3Mx9M;FRA;USD;0,04185;LIBOR;3M;3M;;;;3M;Act360;Act360;;ModifiedFollowing;ModifiedFollowing;;2D
08.08.2025;12Y;IRS;EUR;0,02675;EURIBOR;3M;3M;;;;1Y;Act360;Act360;;ModifiedFollowing;ModifiedFollowing;;2D
08.08.2025;3Y;OIS;GBP;0,03659;SONIA;1D;1Y;;;;1Y;Act360;Act360;;ModifiedFollowing;ModifiedFollowing;;2D
08.08.2025;4Mx10M;FRA;USD;0,04097;LIBOR;3M;3M;;;;3M;Act360;Act360;;ModifiedFollowing;ModifiedFollowing;;2D
08.08.2025;4M;OIS;EUR;0,01985;EONIA;1D;4M;;;;4M;Act360;Act360;;ModifiedFollowing;ModifiedFollowing;;2D
08.08.2025;2Y;OIS;GBP;0,03679;SONIA;1D;1Y;;;;1Y;Act360;Act360;;ModifiedFollowing;ModifiedFollowing;;2D
08.08.2025;15Y;IRS;EUR;0,02781;EURIBOR;3M;3M;;;;1Y;Act360;Act360;;ModifiedFollowing;ModifiedFollowing;;2D
08.08.2025;5Mx11M;FRA;USD;0,0403;LIBOR;3M;3M;;;;3M;Act360;Act360;;ModifiedFollowing;ModifiedFollowing;;2D
08.08.2025;18M;OIS;GBP;0,03713;SONIA;1D;1Y;;;;1Y;Act360;Act360;;ModifiedFollowing;ModifiedFollowing;;2D
08.08.2025;1Mx4M;FRA;GBP;0,04058;LIBOR;3M;3M;;;;3M;Act360;Act360;;ModifiedFollowing;ModifiedFollowing;;2D
08.08.2025;1Y;OIS;GBP;0,03814;SONIA;1D;1Y;;;;1Y;Act360;Act360;;ModifiedFollowing;ModifiedFollowing;;2D
08.08.2025;20Y;IRS;EUR;0,02844;EURIBOR;3M;3M;;;;1Y;Act360;Act360;;ModifiedFollowing;ModifiedFollowing;;2D
08.08.2025;11M;OIS;GBP;0,03829;SONIA;1D;1Y;;;;1Y;Act360;Act360;;ModifiedFollowing;ModifiedFollowing;;2D
08.08.2025;2Mx5M;FRA;GBP;0,04007;LIBOR;3M;3M;;;;3M;Act360;Act360;;ModifiedFollowing;ModifiedFollowing;;2D
08.08.2025;10M;OIS;GBP;0,03845;SONIA;1D;1Y;;;;1Y;Act360;Act360;;ModifiedFollowing;ModifiedFollowing;;2D
08.08.2025;3Mx6M;FRA;GBP;0,03946;LIBOR;3M;3M;;;;3M;Act360;Act360;;ModifiedFollowing;ModifiedFollowing;;2D
08.08.2025;25Y;IRS;EUR;0,028365;EURIBOR;3M;3M;;;;1Y;Act360;Act360;;ModifiedFollowing;ModifiedFollowing;;2D
08.08.2025;9M;OIS;GBP;0,03863;SONIA;1D;9M;;;;9M;Act360;Act360;;ModifiedFollowing;ModifiedFollowing;;2D
08.08.2025;4Mx7M;FRA;GBP;0,03893;LIBOR;3M;3M;;;;3M;Act360;Act360;;ModifiedFollowing;ModifiedFollowing;;2D
08.08.2025;8M;OIS;GBP;0,0388;SONIA;1D;8M;;;;8M;Act360;Act360;;ModifiedFollowing;ModifiedFollowing;;2D
08.08.2025;5Mx8M;FRA;GBP;0,0384;LIBOR;3M;3M;;;;3M;Act360;Act360;;ModifiedFollowing;ModifiedFollowing;;2D
08.08.2025;30Y;IRS;EUR;0,02819;EURIBOR;3M;3M;;;;1Y;Act360;Act360;;ModifiedFollowing;ModifiedFollowing;;2D
08.08.2025;7M;OIS;GBP;0,03898;SONIA;1D;7M;;;;7M;Act360;Act360;;ModifiedFollowing;ModifiedFollowing;;2D
08.08.2025;40Y;IRS;EUR;0,02783;EURIBOR;3M;3M;;;;1Y;Act360;Act360;;ModifiedFollowing;ModifiedFollowing;;2D
08.08.2025;6Mx9M;FRA;GBP;0,03792;LIBOR;3M;3M;;;;3M;Act360;Act360;;ModifiedFollowing;ModifiedFollowing;;2D
08.08.2025;6M;OIS;GBP;0,03918;SONIA;1D;6M;;;;6M;Act360;Act360;;ModifiedFollowing;ModifiedFollowing;;2D
08.08.2025;3M;OIS;EUR;0,01996;EONIA;1D;3M;;;;3M;Act360;Act360;;ModifiedFollowing;ModifiedFollowing;;2D
08.08.2025;7Mx10M;FRA;GBP;0,03753;LIBOR;3M;3M;;;;3M;Act360;Act360;;ModifiedFollowing;ModifiedFollowing;;2D
08.08.2025;5M;OIS;GBP;0,03935;SONIA;1D;5M;;;;5M;Act360;Act360;;ModifiedFollowing;ModifiedFollowing;;2D
08.08.2025;50Y;IRS;EUR;0,02743;EURIBOR;3M;3M;;;;1Y;Act360;Act360;;ModifiedFollowing;ModifiedFollowing;;2D
08.08.2025;4M;OIS;GBP;0,03955;SONIA;1D;4M;;;;4M;Act360;Act360;;ModifiedFollowing;ModifiedFollowing;;2D
08.08.2025;8Mx11M;FRA;GBP;0,03716;LIBOR;3M;3M;;;;3M;Act360;Act360;;ModifiedFollowing;ModifiedFollowing;;2D
08.08.2025;3M;OIS;GBP;0,03976;SONIA;1D;3M;;;;3M;Act360;Act360;;ModifiedFollowing;ModifiedFollowing;;2D
08.08.2025;1Mx7M;FRA;GBP;0,04152;LIBOR;3M;3M;;;;3M;Act360;Act360;;ModifiedFollowing;ModifiedFollowing;;2D
08.08.2025;60Y;IRS;EUR;0,02693;EURIBOR;3M;3M;;;;1Y;Act360;Act360;;ModifiedFollowing;ModifiedFollowing;;2D
08.08.2025;2M;OIS;GBP;0,03977;SONIA;1D;2M;;;;2M;Act360;Act360;;ModifiedFollowing;ModifiedFollowing;;2D
08.08.2025;1M;OIS;GBP;0,03974;SONIA;1D;1M;;;;1M;Act360;Act360;;ModifiedFollowing;ModifiedFollowing;;2D
08.08.2025;3Mx9M;FRA;GBP;0,0405;LIBOR;3M;3M;;;;3M;Act360;Act360;;ModifiedFollowing;ModifiedFollowing;;2D
08.08.2025;2M;IRS;EUR;0,01902;EURIBOR;1M;1M;;;;1Y;Act360;Act360;;ModifiedFollowing;ModifiedFollowing;;2D
08.08.2025;14D;OIS;GBP;0,0397;SONIA;1D;14D;;;;14D;Act360;Act360;;ModifiedFollowing;ModifiedFollowing;;2D
08.08.2025;4Mx10M;FRA;GBP;0,04004;LIBOR;3M;3M;;;;3M;Act360;Act360;;ModifiedFollowing;ModifiedFollowing;;2D
08.08.2025;7D;OIS;GBP;0,03969;SONIA;1D;7D;;;;7D;Act360;Act360;;ModifiedFollowing;ModifiedFollowing;;2D
08.08.2025;50Y;OIS;USD;0,03663;SOFR;1D;1Y;;;;1Y;Act360;Act360;;ModifiedFollowing;ModifiedFollowing;;2D
08.08.2025;5Mx11M;FRA;GBP;0,03963;LIBOR;3M;3M;;;;3M;Act360;Act360;;ModifiedFollowing;ModifiedFollowing;;2D
08.08.2025;3M;IRS;EUR;0,01904;EURIBOR;1M;1M;;;;1Y;Act360;Act360;;ModifiedFollowing;ModifiedFollowing;;2D
08.08.2025;40Y;OIS;USD;0,03795;SOFR;1D;1Y;;;;1Y;Act360;Act360;;ModifiedFollowing;ModifiedFollowing;;2D
08.08.2025;35Y;OIS;USD;0,03859;SOFR;1D;1Y;;;;1Y;Act360;Act360;;ModifiedFollowing;ModifiedFollowing;;2D
08.08.2025;4M;IRS;EUR;0,01901;EURIBOR;1M;1M;;;;1Y;Act360;Act360;;ModifiedFollowing;ModifiedFollowing;;2D
08.08.2025;30Y;OIS;USD;0,03922;SOFR;1D;1Y;;;;1Y;Act360;Act360;;ModifiedFollowing;ModifiedFollowing;;2D
08.08.2025;5M;IRS;EUR;0,0189;EURIBOR;1M;1M;;;;1Y;Act360;Act360;;ModifiedFollowing;ModifiedFollowing;;2D
08.08.2025;25Y;OIS;USD;0,03968;SOFR;1D;1Y;;;;1Y;Act360;Act360;;ModifiedFollowing;ModifiedFollowing;;2D
08.08.2025;6M;IRS;EUR;0,01879;EURIBOR;1M;1M;;;;1Y;Act360;Act360;;ModifiedFollowing;ModifiedFollowing;;2D
08.08.2025;20Y;OIS;USD;0,03968;SOFR;1D;1Y;;;;1Y;Act360;Act360;;ModifiedFollowing;ModifiedFollowing;;2D
08.08.2025;15Y;OIS;USD;0,03878;SOFR;1D;1Y;;;;1Y;Act360;Act360;;ModifiedFollowing;ModifiedFollowing;;2D
08.08.2025;12Y;OIS;USD;0,03762;SOFR;1D;1Y;;;;1Y;Act360;Act360;;ModifiedFollowing;ModifiedFollowing;;2D
08.08.2025;7M;IRS;EUR;0,0187;EURIBOR;1M;1M;;;;1Y;Act360;Act360;;ModifiedFollowing;ModifiedFollowing;;2D
08.08.2025;10Y;OIS;USD;0,03661;SOFR;1D;1Y;;;;1Y;Act360;Act360;;ModifiedFollowing;ModifiedFollowing;;2D
08.08.2025;9Y;OIS;USD;0,03604;SOFR;1D;1Y;;;;1Y;Act360;Act360;;ModifiedFollowing;ModifiedFollowing;;2D
08.08.2025;8M;IRS;EUR;0,0186;EURIBOR;1M;1M;;;;1Y;Act360;Act360;;ModifiedFollowing;ModifiedFollowing;;2D
08.08.2025;8Y;OIS;USD;0,03546;SOFR;1D;1Y;;;;1Y;Act360;Act360;;ModifiedFollowing;ModifiedFollowing;;2D
08.08.2025;9M;IRS;EUR;0,01852;EURIBOR;1M;1M;;;;1Y;Act360;Act360;;ModifiedFollowing;ModifiedFollowing;;2D
08.08.2025;7Y;OIS;USD;0,03486;SOFR;1D;1Y;;;;1Y;Act360;Act360;;ModifiedFollowing;ModifiedFollowing;;2D
08.08.2025;6Y;OIS;USD;0,03427;SOFR;1D;1Y;;;;1Y;Act360;Act360;;ModifiedFollowing;ModifiedFollowing;;2D
08.08.2025;5Y;OIS;USD;0,03376;SOFR;1D;1Y;;;;1Y;Act360;Act360;;ModifiedFollowing;ModifiedFollowing;;2D
08.08.2025;10M;IRS;EUR;0,01845;EURIBOR;1M;1M;;;;1Y;Act360;Act360;;ModifiedFollowing;ModifiedFollowing;;2D
08.08.2025;4Y;OIS;USD;0,03348;SOFR;1D;1Y;;;;1Y;Act360;Act360;;ModifiedFollowing;ModifiedFollowing;;2D
08.08.2025;3Y;OIS;USD;0,03352;SOFR;1D;1Y;;;;1Y;Act360;Act360;;ModifiedFollowing;ModifiedFollowing;;2D
08.08.2025;11M;IRS;EUR;0,0184;EURIBOR;1M;1M;;;;1Y;Act360;Act360;;ModifiedFollowing;ModifiedFollowing;;2D
08.08.2025;2Y;OIS;USD;0,034424;SOFR;1D;1Y;;;;1Y;Act360;Act360;;ModifiedFollowing;ModifiedFollowing;;2D
08.08.2025;7D;OIS;USD;0,04325;SOFR;1D;7D;;;;7D;Act360;Act360;;ModifiedFollowing;ModifiedFollowing;;2D
08.08.2025;18M;OIS;USD;0,03556;SOFR;1D;1Y;;;;1Y;Act360;Act360;;ModifiedFollowing;ModifiedFollowing;;2D
08.08.2025;14D;OIS;USD;0,04327;SOFR;1D;14D;;;;14D;Act360;Act360;;ModifiedFollowing;ModifiedFollowing;;2D
08.08.2025;1Y;OIS;USD;0,0378;SOFR;1D;1Y;;;;1Y;Act360;Act360;;ModifiedFollowing;ModifiedFollowing;;2D
08.08.2025;11M;OIS;USD;0,03816;SOFR;1D;1Y;;;;1Y;Act360;Act360;;ModifiedFollowing;ModifiedFollowing;;2D
08.08.2025;6M;OIS;EUR;0,01956;EONIA;1D;6M;;;;6M;Act360;Act360;;ModifiedFollowing;ModifiedFollowing;;2D
08.08.2025;10M;OIS;USD;0,03854;SOFR;1D;1Y;;;;1Y;Act360;Act360;;ModifiedFollowing;ModifiedFollowing;;2D
08.08.2025;1M;OIS;USD;0,04332;SOFR;1D;1M;;;;1M;Act360;Act360;;ModifiedFollowing;ModifiedFollowing;;2D
08.08.2025;9M;OIS;USD;0,03892;SOFR;1D;9M;;;;9M;Act360;Act360;;ModifiedFollowing;ModifiedFollowing;;2D
07.08.2025;6Y;OIS;USD;0,03404;SOFR;1D;1Y;;;;1Y;Act360;Act360;;ModifiedFollowing;ModifiedFollowing;;2D
07.08.2025;2Mx8M;FRA;EUR;0,0201;EURIBOR;3M;3M;;;;3M;Act360;Act360;;ModifiedFollowing;ModifiedFollowing;;2D
07.08.2025;10M;IRS;EUR;0,01835;EURIBOR;1M;1M;;;;1Y;Act360;Act360;;ModifiedFollowing;ModifiedFollowing;;2D
07.08.2025;2M;OIS;EUR;0,02001;EONIA;1D;2M;;;;2M;Act360;Act360;;ModifiedFollowing;ModifiedFollowing;;2D
07.08.2025;8Y;IRS;EUR;0,024525;EURIBOR;3M;3M;;;;1Y;Act360;Act360;;ModifiedFollowing;ModifiedFollowing;;2D
07.08.2025;8Y;OIS;EUR;0,023995;EONIA;1D;1Y;;;;1Y;Act360;Act360;;ModifiedFollowing;ModifiedFollowing;;2D
07.08.2025;9M;OIS;GBP;0,03821;SONIA;1D;9M;;;;9M;Act360;Act360;;ModifiedFollowing;ModifiedFollowing;;2D
07.08.2025;3Y;OIS;GBP;0,03602;SONIA;1D;1Y;;;;1Y;Act360;Act360;;ModifiedFollowing;ModifiedFollowing;;2D
07.08.2025;1Mx7M;FRA;EUR;0,02039;EURIBOR;3M;3M;;;;3M;Act360;Act360;;ModifiedFollowing;ModifiedFollowing;;2D
07.08.2025;18M;OIS;EUR;0,01871;EONIA;1D;1Y;;;;1Y;Act360;Act360;;ModifiedFollowing;ModifiedFollowing;;2D
07.08.2025;12Y;OIS;USD;0,03761;SOFR;1D;1Y;;;;1Y;Act360;Act360;;ModifiedFollowing;ModifiedFollowing;;2D
07.08.2025;3M;OIS;GBP;0,03973;SONIA;1D;3M;;;;3M;Act360;Act360;;ModifiedFollowing;ModifiedFollowing;;2D
07.08.2025;5M;OIS;USD;0,04061;SOFR;1D;5M;;;;5M;Act360;Act360;;ModifiedFollowing;ModifiedFollowing;;2D
07.08.2025;8Mx11M;FRA;EUR;0,01835;EURIBOR;3M;3M;;;;3M;Act360;Act360;;ModifiedFollowing;ModifiedFollowing;;2D
07.08.2025;10M;OIS;USD;0,03839;SOFR;1D;1Y;;;;1Y;Act360;Act360;;ModifiedFollowing;ModifiedFollowing;;2D
07.08.2025;5Mx8M;FRA;USD;0,03929;LIBOR;3M;3M;;;;3M;Act360;Act360;;ModifiedFollowing;ModifiedFollowing;;2D
07.08.2025;5Y;OIS;USD;0,03354;SOFR;1D;1Y;;;;1Y;Act360;Act360;;ModifiedFollowing;ModifiedFollowing;;2D
07.08.2025;7Y;OIS;EUR;0,023275;EONIA;1D;1Y;;;;1Y;Act360;Act360;;ModifiedFollowing;ModifiedFollowing;;2D
07.08.2025;12Y;OIS;GBP;0,0414;SONIA;1D;1Y;;;;1Y;Act360;Act360;;ModifiedFollowing;ModifiedFollowing;;2D
07.08.2025;7M;IRS;EUR;0,01864;EURIBOR;1M;1M;;;;1Y;Act360;Act360;;ModifiedFollowing;ModifiedFollowing;;2D
07.08.2025;10Y;OIS;USD;0,0366;SOFR;1D;1Y;;;;1Y;Act360;Act360;;ModifiedFollowing;ModifiedFollowing;;2D
07.08.2025;7Mx10M;FRA;EUR;0,01838;EURIBOR;3M;3M;;;;3M;Act360;Act360;;ModifiedFollowing;ModifiedFollowing;;2D
07.08.2025;6Y;OIS;EUR;0,022525;EONIA;1D;1Y;;;;1Y;Act360;Act360;;ModifiedFollowing;ModifiedFollowing;;2D
07.08.2025;4Mx10M;FRA;USD;0,04074;LIBOR;3M;3M;;;;3M;Act360;Act360;;ModifiedFollowing;ModifiedFollowing;;2D
07.08.2025;2Y;OIS;EUR;0,01899;EONIA;1D;1Y;;;;1Y;Act360;Act360;;ModifiedFollowing;ModifiedFollowing;;2D
07.08.2025;6Mx9M;FRA;EUR;0,01851;EURIBOR;3M;3M;;;;3M;Act360;Act360;;ModifiedFollowing;ModifiedFollowing;;2D
07.08.2025;2M;OIS;USD;0,04243;SOFR;1D;2M;;;;2M;Act360;Act360;;ModifiedFollowing;ModifiedFollowing;;2D
07.08.2025;5Y;OIS;EUR;0,021725;EONIA;1D;1Y;;;;1Y;Act360;Act360;;ModifiedFollowing;ModifiedFollowing;;2D
07.08.2025;1Mx7M;FRA;GBP;0,04113;LIBOR;3M;3M;;;;3M;Act360;Act360;;ModifiedFollowing;ModifiedFollowing;;2D
07.08.2025;9Y;OIS;USD;0,03599;SOFR;1D;1Y;;;;1Y;Act360;Act360;;ModifiedFollowing;ModifiedFollowing;;2D
07.08.2025;25Y;IRS;EUR;0,028405;EURIBOR;3M;3M;;;;1Y;Act360;Act360;;ModifiedFollowing;ModifiedFollowing;;2D
07.08.2025;5Mx8M;FRA;EUR;0,01874;EURIBOR;3M;3M;;;;3M;Act360;Act360;;ModifiedFollowing;ModifiedFollowing;;2D
07.08.2025;11M;OIS;USD;0,03799;SOFR;1D;1Y;;;;1Y;Act360;Act360;;ModifiedFollowing;ModifiedFollowing;;2D
07.08.2025;8M;IRS;EUR;0,01853;EURIBOR;1M;1M;;;;1Y;Act360;Act360;;ModifiedFollowing;ModifiedFollowing;;2D
07.08.2025;4Mx7M;FRA;USD;0,04004;LIBOR;3M;3M;;;;3M;Act360;Act360;;ModifiedFollowing;ModifiedFollowing;;2D
07.08.2025;4Mx7M;FRA;EUR;0,01898;EURIBOR;3M;3M;;;;3M;Act360;Act360;;ModifiedFollowing;ModifiedFollowing;;2D
07.08.2025;15Y;OIS;GBP;0,04293;SONIA;1D;1Y;;;;1Y;Act360;Act360;;ModifiedFollowing;ModifiedFollowing;;2D
07.08.2025;10M;OIS;GBP;0,03798;SONIA;1D;1Y;;;;1Y;Act360;Act360;;ModifiedFollowing;ModifiedFollowing;;2D
07.08.2025;9M;IRS;EUR;0,01843;EURIBOR;1M;1M;;;;1Y;Act360;Act360;;ModifiedFollowing;ModifiedFollowing;;2D
07.08.2025;7Y;IRS;EUR;0,02383;EURIBOR;3M;3M;;;;1Y;Act360;Act360;;ModifiedFollowing;ModifiedFollowing;;2D
07.08.2025;8Y;OIS;USD;0,03533;SOFR;1D;1Y;;;;1Y;Act360;Act360;;ModifiedFollowing;ModifiedFollowing;;2D
07.08.2025;4Y;OIS;EUR;0,02087;EONIA;1D;1Y;;;;1Y;Act360;Act360;;ModifiedFollowing;ModifiedFollowing;;2D
07.08.2025;5M;OIS;EUR;0,01965;EONIA;1D;5M;;;;5M;Act360;Act360;;ModifiedFollowing;ModifiedFollowing;;2D
07.08.2025;1Mx4M;FRA;EUR;0,01985;EURIBOR;3M;3M;;;;3M;Act360;Act360;;ModifiedFollowing;ModifiedFollowing;;2D
07.08.2025;20Y;OIS;GBP;0,04441;SONIA;1D;1Y;;;;1Y;Act360;Act360;;ModifiedFollowing;ModifiedFollowing;;2D
07.08.2025;3Mx6M;FRA;EUR;0,01927;EURIBOR;3M;3M;;;;3M;Act360;Act360;;ModifiedFollowing;ModifiedFollowing;;2D
07.08.2025;3Mx6M;FRA;GBP;0,03903;LIBOR;3M;3M;;;;3M;Act360;Act360;;ModifiedFollowing;ModifiedFollowing;;2D
07.08.2025;7Y;OIS;USD;0,03468;SOFR;1D;1Y;;;;1Y;Act360;Act360;;ModifiedFollowing;ModifiedFollowing;;2D
07.08.2025;2Mx5M;FRA;EUR;0,01956;EURIBOR;3M;3M;;;;3M;Act360;Act360;;ModifiedFollowing;ModifiedFollowing;;2D
07.08.2025;3Y;OIS;EUR;0,01993;EONIA;1D;1Y;;;;1Y;Act360;Act360;;ModifiedFollowing;ModifiedFollowing;;2D
07.08.2025;60Y;IRS;EUR;0,02703;EURIBOR;3M;3M;;;;1Y;Act360;Act360;;ModifiedFollowing;ModifiedFollowing;;2D
07.08.2025;12Y;IRS;EUR;0,02678;EURIBOR;3M;3M;;;;1Y;Act360;Act360;;ModifiedFollowing;ModifiedFollowing;;2D
07.08.2025;2M;OIS;GBP;0,03976;SONIA;1D;2M;;;;2M;Act360;Act360;;ModifiedFollowing;ModifiedFollowing;;2D
07.08.2025;4M;OIS;USD;0,04135;SOFR;1D;4M;;;;4M;Act360;Act360;;ModifiedFollowing;ModifiedFollowing;;2D
07.08.2025;6M;OIS;GBP;0,0389;SONIA;1D;6M;;;;6M;Act360;Act360;;ModifiedFollowing;ModifiedFollowing;;2D
07.08.2025;3Mx6M;FRA;USD;0,04109;LIBOR;3M;3M;;;;3M;Act360;Act360;;ModifiedFollowing;ModifiedFollowing;;2D
07.08.2025;6Y;IRS;EUR;0,02309;EURIBOR;3M;3M;;;;1Y;Act360;Act360;;ModifiedFollowing;ModifiedFollowing;;2D
07.08.2025;25Y;OIS;GBP;0,04499;SONIA;1D;1Y;;;;1Y;Act360;Act360;;ModifiedFollowing;ModifiedFollowing;;2D
07.08.2025;2Y;OIS;GBP;0,03621;SONIA;1D;1Y;;;;1Y;Act360;Act360;;ModifiedFollowing;ModifiedFollowing;;2D
07.08.2025;1Y;OIS;USD;0,03762;SOFR;1D;1Y;;;;1Y;Act360;Act360;;ModifiedFollowing;ModifiedFollowing;;2D
07.08.2025;2Mx8M;FRA;GBP;0,0405;LIBOR;3M;3M;;;;3M;Act360;Act360;;ModifiedFollowing;ModifiedFollowing;;2D
07.08.2025;6Y;OIS;GBP;0,03732;SONIA;1D;1Y;;;;1Y;Act360;Act360;;ModifiedFollowing;ModifiedFollowing;;2D
07.08.2025;15Y;IRS;EUR;0,02784;EURIBOR;3M;3M;;;;1Y;Act360;Act360;;ModifiedFollowing;ModifiedFollowing;;2D
07.08.2025;14D;OIS;USD;0,04323;SOFR;1D;14D;;;;14D;Act360;Act360;;ModifiedFollowing;ModifiedFollowing;;2D
07.08.2025;2Mx5M;FRA;USD;0,04226;LIBOR;3M;3M;;;;3M;Act360;Act360;;ModifiedFollowing;ModifiedFollowing;;2D
07.08.2025;30Y;OIS;GBP;0,04503;SONIA;1D;1Y;;;;1Y;Act360;Act360;;ModifiedFollowing;ModifiedFollowing;;2D
07.08.2025;1Mx7M;FRA;USD;0,04374;LIBOR;3M;3M;;;;3M;Act360;Act360;;ModifiedFollowing;ModifiedFollowing;;2D
07.08.2025;1M;OIS;GBP;0,03982;SONIA;1D;1M;;;;1M;Act360;Act360;;ModifiedFollowing;ModifiedFollowing;;2D
07.08.2025;5Y;IRS;EUR;0,022315;EURIBOR;3M;3M;;;;1Y;Act360;Act360;;ModifiedFollowing;ModifiedFollowing;;2D
07.08.2025;1Mx4M;FRA;USD;0,0437;LIBOR;3M;3M;;;;3M;Act360;Act360;;ModifiedFollowing;ModifiedFollowing;;2D
07.08.2025;40Y;OIS;GBP;0,04435;SONIA;1D;1Y;;;;1Y;Act360;Act360;;ModifiedFollowing;ModifiedFollowing;;2D
07.08.2025;5Mx11M;FRA;USD;0,04001;LIBOR;3M;3M;;;;3M;Act360;Act360;;ModifiedFollowing;ModifiedFollowing;;2D
07.08.2025;3Mx9M;FRA;USD;0,04162;LIBOR;3M;3M;;;;3M;Act360;Act360;;ModifiedFollowing;ModifiedFollowing;;2D
07.08.2025;11Mx23M;FRA;EUR;0,02104;EURIBOR;3M;3M;;;;3M;Act360;Act360;;ModifiedFollowing;ModifiedFollowing;;2D
07.08.2025;50Y;OIS;GBP;0,04332;SONIA;1D;1Y;;;;1Y;Act360;Act360;;ModifiedFollowing;ModifiedFollowing;;2D
07.08.2025;3Mx9M;FRA;GBP;0,03989;LIBOR;3M;3M;;;;3M;Act360;Act360;;ModifiedFollowing;ModifiedFollowing;;2D
07.08.2025;10Y;IRS;EUR;0,02577;EURIBOR;3M;3M;;;;1Y;Act360;Act360;;ModifiedFollowing;ModifiedFollowing;;2D
07.08.2025;6M;OIS;EUR;0,01952;EONIA;1D;6M;;;;6M;Act360;Act360;;ModifiedFollowing;ModifiedFollowing;;2D
07.08.2025;7Y;OIS;GBP;0,03799;SONIA;1D;1Y;;;;1Y;Act360;Act360;;ModifiedFollowing;ModifiedFollowing;;2D
07.08.2025;4Y;OIS;GBP;0,03627;SONIA;1D;1Y;;;;1Y;Act360;Act360;;ModifiedFollowing;ModifiedFollowing;;2D
07.08.2025;4Y;IRS;EUR;0,02148;EURIBOR;3M;3M;;;;1Y;Act360;Act360;;ModifiedFollowing;ModifiedFollowing;;2D
07.08.2025;1M;DEPOSIT;EUR;0,01965;EURIBOR;1M;1M;;;;1M;Act360;Act360;;ModifiedFollowing;ModifiedFollowing;;2D
07.08.2025;2M;IRS;EUR;0,01903;EURIBOR;1M;1M;;;;1Y;Act360;Act360;;ModifiedFollowing;ModifiedFollowing;;2D
07.08.2025;14D;OIS;GBP;0,03978;SONIA;1D;14D;;;;14D;Act360;Act360;;ModifiedFollowing;ModifiedFollowing;;2D
07.08.2025;8M;OIS;EUR;0,01925;EONIA;1D;8M;;;;8M;Act360;Act360;;ModifiedFollowing;ModifiedFollowing;;2D
07.08.2025;1M;OIS;EUR;0,02011;EONIA;1D;1M;;;;1M;Act360;Act360;;ModifiedFollowing;ModifiedFollowing;;2D
07.08.2025;10Mx22M;FRA;EUR;0,02087;EURIBOR;3M;3M;;;;3M;Act360;Act360;;ModifiedFollowing;ModifiedFollowing;;2D
07.08.2025;3M;DEPOSIT;EUR;0,0218;EURIBOR;3M;3M;;;;3M;Act360;Act360;;ModifiedFollowing;ModifiedFollowing;;2D
07.08.2025;8M;OIS;GBP;0,03841;SONIA;1D;8M;;;;8M;Act360;Act360;;ModifiedFollowing;ModifiedFollowing;;2D
07.08.2025;18M;OIS;USD;0,03532;SOFR;1D;1Y;;;;1Y;Act360;Act360;;ModifiedFollowing;ModifiedFollowing;;2D
07.08.2025;4Mx10M;FRA;GBP;0,03938;LIBOR;3M;3M;;;;3M;Act360;Act360;;ModifiedFollowing;ModifiedFollowing;;2D
07.08.2025;3Y;IRS;EUR;0,02055;EURIBOR;3M;3M;;;;1Y;Act360;Act360;;ModifiedFollowing;ModifiedFollowing;;2D
07.08.2025;9Mx21M;FRA;EUR;0,02072;EURIBOR;3M;3M;;;;3M;Act360;Act360;;ModifiedFollowing;ModifiedFollowing;;2D
07.08.2025;6M;DEPOSIT;EUR;0,0186;EURIBOR;6M;6M;;;;6M;Act360;Act360;;ModifiedFollowing;ModifiedFollowing;;2D
07.08.2025;7D;OIS;GBP;0,03977;SONIA;1D;7D;;;;7D;Act360;Act360;;ModifiedFollowing;ModifiedFollowing;;2D
07.08.2025;7Mx10M;FRA;GBP;0,03681;LIBOR;3M;3M;;;;3M;Act360;Act360;;ModifiedFollowing;ModifiedFollowing;;2D
07.08.2025;8Mx20M;FRA;EUR;0,02061;EURIBOR;3M;3M;;;;3M;Act360;Act360;;ModifiedFollowing;ModifiedFollowing;;2D
07.08.2025;7M;OIS;EUR;0,01938;EONIA;1D;7M;;;;7M;Act360;Act360;;ModifiedFollowing;ModifiedFollowing;;2D
07.08.2025;12M;DEPOSIT;EUR;0,01945;EURIBOR;12M;1Y;;;;1Y;Act360;Act360;;ModifiedFollowing;ModifiedFollowing;;2D
07.08.2025;5Mx8M;FRA;GBP;0,03785;LIBOR;3M;3M;;;;3M;Act360;Act360;;ModifiedFollowing;ModifiedFollowing;;2D
07.08.2025;9M;OIS;EUR;0,01912;EONIA;1D;9M;;;;9M;Act360;Act360;;ModifiedFollowing;ModifiedFollowing;;2D
07.08.2025;50Y;OIS;USD;0,03649;SOFR;1D;1Y;;;;1Y;Act360;Act360;;ModifiedFollowing;ModifiedFollowing;;2D
07.08.2025;9M;OIS;USD;0,03879;SOFR;1D;9M;;;;9M;Act360;Act360;;ModifiedFollowing;ModifiedFollowing;;2D
07.08.2025;2Y;IRS;EUR;0,019592;EURIBOR;3M;3M;;;;1Y;Act360;Act360;;ModifiedFollowing;ModifiedFollowing;;2D
07.08.2025;7Mx19M;FRA;EUR;0,02051;EURIBOR;3M;3M;;;;3M;Act360;Act360;;ModifiedFollowing;ModifiedFollowing;;2D
07.08.2025;5Mx11M;FRA;GBP;0,03894;LIBOR;3M;3M;;;;3M;Act360;Act360;;ModifiedFollowing;ModifiedFollowing;;2D
07.08.2025;8Mx11M;FRA;USD;0,03707;LIBOR;3M;3M;;;;3M;Act360;Act360;;ModifiedFollowing;ModifiedFollowing;;2D
07.08.2025;1M;DEPOSIT;USD;0,04335;LIBOR;1M;1M;;;;1M;Act360;Act360;;ModifiedFollowing;ModifiedFollowing;;2D
07.08.2025;6M;OIS;USD;0,04008;SOFR;1D;6M;;;;6M;Act360;Act360;;ModifiedFollowing;ModifiedFollowing;;2D
07.08.2025;3M;IRS;EUR;0,01903;EURIBOR;1M;1M;;;;1Y;Act360;Act360;;ModifiedFollowing;ModifiedFollowing;;2D
07.08.2025;5M;OIS;GBP;0,03913;SONIA;1D;5M;;;;5M;Act360;Act360;;ModifiedFollowing;ModifiedFollowing;;2D
07.08.2025;7D;OIS;USD;0,04321;SOFR;1D;7D;;;;7D;Act360;Act360;;ModifiedFollowing;ModifiedFollowing;;2D
07.08.2025;11Y;IRS;EUR;0,0263;EURIBOR;3M;3M;;;;1Y;Act360;Act360;;ModifiedFollowing;ModifiedFollowing;;2D
07.08.2025;6Mx18M;FRA;EUR;0,02047;EURIBOR;3M;3M;;;;3M;Act360;Act360;;ModifiedFollowing;ModifiedFollowing;;2D
07.08.2025;3M;DEPOSIT;USD;0,0441;LIBOR;3M;3M;;;;3M;Act360;Act360;;ModifiedFollowing;ModifiedFollowing;;2D
07.08.2025;8Y;OIS;GBP;0,03871;SONIA;1D;1Y;;;;1Y;Act360;Act360;;ModifiedFollowing;ModifiedFollowing;;2D
07.08.2025;2Y;OIS;USD;0,03417;SOFR;1D;1Y;;;;1Y;Act360;Act360;;ModifiedFollowing;ModifiedFollowing;;2D
07.08.2025;40Y;OIS;USD;0,0378;SOFR;1D;1Y;;;;1Y;Act360;Act360;;ModifiedFollowing;ModifiedFollowing;;2D
07.08.2025;30Y;IRS;EUR;0,02826;EURIBOR;3M;3M;;;;1Y;Act360;Act360;;ModifiedFollowing;ModifiedFollowing;;2D
07.08.2025;1Y;IRS;EUR;0,01941;EURIBOR;3M;3M;;;;1Y;Act360;Act360;;ModifiedFollowing;ModifiedFollowing;;2D
07.08.2025;6M;DEPOSIT;USD;0,0433;LIBOR;6M;6M;;;;6M;Act360;Act360;;ModifiedFollowing;ModifiedFollowing;;2D
07.08.2025;18M;OIS;GBP;0,03655;SONIA;1D;1Y;;;;1Y;Act360;Act360;;ModifiedFollowing;ModifiedFollowing;;2D
07.08.2025;14D;OIS;EUR;0,0201;EONIA;1D;14D;;;;14D;Act360;Act360;;ModifiedFollowing;ModifiedFollowing;;2D
07.08.2025;40Y;IRS;EUR;0,02791;EURIBOR;3M;3M;;;;1Y;Act360;Act360;;ModifiedFollowing;ModifiedFollowing;;2D
07.08.2025;5Mx17M;FRA;EUR;0,0205;EURIBOR;3M;3M;;;;3M;Act360;Act360;;ModifiedFollowing;ModifiedFollowing;;2D
07.08.2025;4M;OIS;EUR;0,01984;EONIA;1D;4M;;;;4M;Act360;Act360;;ModifiedFollowing;ModifiedFollowing;;2D
07.08.2025;9Y;IRS;EUR;0,02517;EURIBOR;3M;3M;;;;1Y;Act360;Act360;;ModifiedFollowing;ModifiedFollowing;;2D
07.08.2025;12M;DEPOSIT;USD;0,04185;LIBOR;12M;1Y;;;;1Y;Act360;Act360;;ModifiedFollowing;ModifiedFollowing;;2D
07.08.2025;1Mx4M;FRA;GBP;0,04032;LIBOR;3M;3M;;;;3M;Act360;Act360;;ModifiedFollowing;ModifiedFollowing;;2D
07.08.2025;11M;IRS;EUR;0,01829;EURIBOR;1M;1M;;;;1Y;Act360;Act360;;ModifiedFollowing;ModifiedFollowing;;2D
07.08.2025;30Y;OIS;EUR;0,02784;EONIA;1D;1Y;;;;1Y;Act360;Act360;;ModifiedFollowing;ModifiedFollowing;;2D
07.08.2025;1M;OIS;USD;0,04327;SOFR;1D;1M;;;;1M;Act360;Act360;;ModifiedFollowing;ModifiedFollowing;;2D
07.08.2025;35Y;OIS;USD;0,03847;SOFR;1D;1Y;;;;1Y;Act360;Act360;;ModifiedFollowing;ModifiedFollowing;;2D
07.08.2025;4Mx16M;FRA;EUR;0,02054;EURIBOR;3M;3M;;;;3M;Act360;Act360;;ModifiedFollowing;ModifiedFollowing;;2D
07.08.2025;1M;DEPOSIT;GBP;0,0408;LIBOR;1M;1M;;;;1M;Act360;Act360;;ModifiedFollowing;ModifiedFollowing;;2D
07.08.2025;50Y;IRS;EUR;0,02752;EURIBOR;3M;3M;;;;1Y;Act360;Act360;;ModifiedFollowing;ModifiedFollowing;;2D
07.08.2025;7Mx10M;FRA;USD;0,03779;LIBOR;3M;3M;;;;3M;Act360;Act360;;ModifiedFollowing;ModifiedFollowing;;2D
07.08.2025;20Y;OIS;EUR;0,02799;EONIA;1D;1Y;;;;1Y;Act360;Act360;;ModifiedFollowing;ModifiedFollowing;;2D
07.08.2025;4Mx7M;FRA;GBP;0,03838;LIBOR;3M;3M;;;;3M;Act360;Act360;;ModifiedFollowing;ModifiedFollowing;;2D
07.08.2025;3Mx15M;FRA;EUR;0,02065;EURIBOR;3M;3M;;;;3M;Act360;Act360;;ModifiedFollowing;ModifiedFollowing;;2D
07.08.2025;3M;DEPOSIT;GBP;0,0412;LIBOR;3M;3M;;;;3M;Act360;Act360;;ModifiedFollowing;ModifiedFollowing;;2D
07.08.2025;10M;OIS;EUR;0,01902;EONIA;1D;1Y;;;;1Y;Act360;Act360;;ModifiedFollowing;ModifiedFollowing;;2D
07.08.2025;3M;OIS;USD;0,04185;SOFR;1D;3M;;;;3M;Act360;Act360;;ModifiedFollowing;ModifiedFollowing;;2D
07.08.2025;4M;IRS;EUR;0,01898;EURIBOR;1M;1M;;;;1Y;Act360;Act360;;ModifiedFollowing;ModifiedFollowing;;2D
07.08.2025;4M;OIS;GBP;0,03939;SONIA;1D;4M;;;;4M;Act360;Act360;;ModifiedFollowing;ModifiedFollowing;;2D
07.08.2025;9Y;OIS;GBP;0,03943;SONIA;1D;1Y;;;;1Y;Act360;Act360;;ModifiedFollowing;ModifiedFollowing;;2D
07.08.2025;2Mx14M;FRA;EUR;0,02081;EURIBOR;3M;3M;;;;3M;Act360;Act360;;ModifiedFollowing;ModifiedFollowing;;2D
07.08.2025;6M;DEPOSIT;GBP;0,0415;LIBOR;6M;6M;;;;6M;Act360;Act360;;ModifiedFollowing;ModifiedFollowing;;2D
07.08.2025;30Y;OIS;USD;0,03911;SOFR;1D;1Y;;;;1Y;Act360;Act360;;ModifiedFollowing;ModifiedFollowing;;2D
07.08.2025;3Y;OIS;USD;0,03327;SOFR;1D;1Y;;;;1Y;Act360;Act360;;ModifiedFollowing;ModifiedFollowing;;2D
07.08.2025;3M;OIS;EUR;0,01994;EONIA;1D;3M;;;;3M;Act360;Act360;;ModifiedFollowing;ModifiedFollowing;;2D
07.08.2025;2Mx8M;FRA;USD;0,04263;LIBOR;3M;3M;;;;3M;Act360;Act360;;ModifiedFollowing;ModifiedFollowing;;2D
07.08.2025;15Y;OIS;EUR;0,02735;EONIA;1D;1Y;;;;1Y;Act360;Act360;;ModifiedFollowing;ModifiedFollowing;;2D
07.08.2025;5Y;OIS;GBP;0,03673;SONIA;1D;1Y;;;;1Y;Act360;Act360;;ModifiedFollowing;ModifiedFollowing;;2D
07.08.2025;1Mx13M;FRA;EUR;0,02097;EURIBOR;3M;3M;;;;3M;Act360;Act360;;ModifiedFollowing;ModifiedFollowing;;2D
07.08.2025;12M;DEPOSIT;GBP;0,0413;LIBOR;12M;1Y;;;;1Y;Act360;Act360;;ModifiedFollowing;ModifiedFollowing;;2D
07.08.2025;7D;OIS;EUR;0,019265;EONIA;1D;7D;;;;7D;Act360;Act360;;ModifiedFollowing;ModifiedFollowing;;2D
07.08.2025;1Y;OIS;GBP;0,03764;SONIA;1D;1Y;;;;1Y;Act360;Act360;;ModifiedFollowing;ModifiedFollowing;;2D
07.08.2025;8Mx11M;FRA;GBP;0,03644;LIBOR;3M;3M;;;;3M;Act360;Act360;;ModifiedFollowing;ModifiedFollowing;;2D
07.08.2025;7M;OIS;GBP;0,03864;SONIA;1D;7M;;;;7M;Act360;Act360;;ModifiedFollowing;ModifiedFollowing;;2D
07.08.2025;25Y;OIS;USD;0,03958;SOFR;1D;1Y;;;;1Y;Act360;Act360;;ModifiedFollowing;ModifiedFollowing;;2D
07.08.2025;5Mx11M;FRA;EUR;0,01949;EURIBOR;3M;3M;;;;3M;Act360;Act360;;ModifiedFollowing;ModifiedFollowing;;2D
07.08.2025;20Y;IRS;EUR;0,02847;EURIBOR;3M;3M;;;;1Y;Act360;Act360;;ModifiedFollowing;ModifiedFollowing;;2D
07.08.2025;10Y;OIS;EUR;0,02523;EONIA;1D;1Y;;;;1Y;Act360;Act360;;ModifiedFollowing;ModifiedFollowing;;2D
07.08.2025;5M;IRS;EUR;0,01886;EURIBOR;1M;1M;;;;1Y;Act360;Act360;;ModifiedFollowing;ModifiedFollowing;;2D
07.08.2025;8M;OIS;USD;0,03916;SOFR;1D;8M;;;;8M;Act360;Act360;;ModifiedFollowing;ModifiedFollowing;;2D
07.08.2025;11M;OIS;EUR;0,01894;EONIA;1D;1Y;;;;1Y;Act360;Act360;;ModifiedFollowing;ModifiedFollowing;;2D
07.08.2025;4Mx10M;FRA;EUR;0,01965;EURIBOR;3M;3M;;;;3M;Act360;Act360;;ModifiedFollowing;ModifiedFollowing;;2D
07.08.2025;6Mx9M;FRA;GBP;0,03731;LIBOR;3M;3M;;;;3M;Act360;Act360;;ModifiedFollowing;ModifiedFollowing;;2D
07.08.2025;9Y;OIS;EUR;0,024655;EONIA;1D;1Y;;;;1Y;Act360;Act360;;ModifiedFollowing;ModifiedFollowing;;2D
07.08.2025;6Mx9M;FRA;USD;0,03845;LIBOR;3M;3M;;;;3M;Act360;Act360;;ModifiedFollowing;ModifiedFollowing;;2D
07.08.2025;20Y;OIS;USD;0,03964;SOFR;1D;1Y;;;;1Y;Act360;Act360;;ModifiedFollowing;ModifiedFollowing;;2D
07.08.2025;7M;OIS;USD;0,03964;SOFR;1D;7M;;;;7M;Act360;Act360;;ModifiedFollowing;ModifiedFollowing;;2D
07.08.2025;4Y;OIS;USD;0,03325;SOFR;1D;1Y;;;;1Y;Act360;Act360;;ModifiedFollowing;ModifiedFollowing;;2D
07.08.2025;10Y;OIS;GBP;0,04011;SONIA;1D;1Y;;;;1Y;Act360;Act360;;ModifiedFollowing;ModifiedFollowing;;2D
07.08.2025;3Mx9M;FRA;EUR;0,01989;EURIBOR;3M;3M;;;;3M;Act360;Act360;;ModifiedFollowing;ModifiedFollowing;;2D
07.08.2025;6M;IRS;EUR;0,01875;EURIBOR;1M;1M;;;;1Y;Act360;Act360;;ModifiedFollowing;ModifiedFollowing;;2D
07.08.2025;1Y;OIS;EUR;0,01888;EONIA;1D;1Y;;;;1Y;Act360;Act360;;ModifiedFollowing;ModifiedFollowing;;2D
07.08.2025;11M;OIS;GBP;0,03781;SONIA;1D;1Y;;;;1Y;Act360;Act360;;ModifiedFollowing;ModifiedFollowing;;2D
07.08.2025;2Mx5M;FRA;GBP;0,03969;LIBOR;3M;3M;;;;3M;Act360;Act360;;ModifiedFollowing;ModifiedFollowing;;2D
07.08.2025;15Y;OIS;USD;0,03875;SOFR;1D;1Y;;;;1Y;Act360;Act360;;ModifiedFollowing;ModifiedFollowing;;2D
06.08.2025;2M;IRS;EUR;0,01901;EURIBOR;1M;1M;;;;1Y;Act360;Act360;;ModifiedFollowing;ModifiedFollowing;;2D
06.08.2025;2Mx8M;FRA;EUR;0,02005;EURIBOR;3M;3M;;;;3M;Act360;Act360;;ModifiedFollowing;ModifiedFollowing;;2D
06.08.2025;4Y;OIS;USD;0,03355;SOFR;1D;1Y;;;;1Y;Act360;Act360;;ModifiedFollowing;ModifiedFollowing;;2D
06.08.2025;3M;DEPOSIT;EUR;0,0217;EURIBOR;3M;3M;;;;3M;Act360;Act360;;ModifiedFollowing;ModifiedFollowing;;2D
06.08.2025;8Y;IRS;EUR;0,024471;EURIBOR;3M;3M;;;;1Y;Act360;Act360;;ModifiedFollowing;ModifiedFollowing;;2D
06.08.2025;20Y;OIS;EUR;0,02787;EONIA;1D;1Y;;;;1Y;Act360;Act360;;ModifiedFollowing;ModifiedFollowing;;2D
06.08.2025;25Y;OIS;USD;0,03934;SOFR;1D;1Y;;;;1Y;Act360;Act360;;ModifiedFollowing;ModifiedFollowing;;2D
06.08.2025;18M;OIS;USD;0,03581;SOFR;1D;1Y;;;;1Y;Act360;Act360;;ModifiedFollowing;ModifiedFollowing;;2D
06.08.2025;2Mx5M;FRA;GBP;0,03973;LIBOR;3M;3M;;;;3M;Act360;Act360;;ModifiedFollowing;ModifiedFollowing;;2D
06.08.2025;8Y;OIS;EUR;0,023935;EONIA;1D;1Y;;;;1Y;Act360;Act360;;ModifiedFollowing;ModifiedFollowing;;2D
06.08.2025;4M;OIS;EUR;0,01983;EONIA;1D;4M;;;;4M;Act360;Act360;;ModifiedFollowing;ModifiedFollowing;;2D
06.08.2025;1Mx7M;FRA;EUR;0,02037;EURIBOR;3M;3M;;;;3M;Act360;Act360;;ModifiedFollowing;ModifiedFollowing;;2D
06.08.2025;3Mx15M;FRA;EUR;0,0206;EURIBOR;3M;3M;;;;3M;Act360;Act360;;ModifiedFollowing;ModifiedFollowing;;2D
06.08.2025;9M;OIS;GBP;0,03823;SONIA;1D;9M;;;;9M;Act360;Act360;;ModifiedFollowing;ModifiedFollowing;;2D
06.08.2025;8M;OIS;GBP;0,03843;SONIA;1D;8M;;;;8M;Act360;Act360;;ModifiedFollowing;ModifiedFollowing;;2D
06.08.2025;3Y;IRS;EUR;0,020468;EURIBOR;3M;3M;;;;1Y;Act360;Act360;;ModifiedFollowing;ModifiedFollowing;;2D
06.08.2025;18M;OIS;EUR;0,01869;EONIA;1D;1Y;;;;1Y;Act360;Act360;;ModifiedFollowing;ModifiedFollowing;;2D
06.08.2025;3M;OIS;GBP;0,03978;SONIA;1D;3M;;;;3M;Act360;Act360;;ModifiedFollowing;ModifiedFollowing;;2D
06.08.2025;12Y;OIS;USD;0,03744;SOFR;1D;1Y;;;;1Y;Act360;Act360;;ModifiedFollowing;ModifiedFollowing;;2D
06.08.2025;5Mx11M;FRA;EUR;0,01942;EURIBOR;3M;3M;;;;3M;Act360;Act360;;ModifiedFollowing;ModifiedFollowing;;2D
06.08.2025;10M;OIS;USD;0,03887;SOFR;1D;1Y;;;;1Y;Act360;Act360;;ModifiedFollowing;ModifiedFollowing;;2D
06.08.2025;4Mx10M;FRA;GBP;0,03931;LIBOR;3M;3M;;;;3M;Act360;Act360;;ModifiedFollowing;ModifiedFollowing;;2D
06.08.2025;5Mx8M;FRA;GBP;0,03777;LIBOR;3M;3M;;;;3M;Act360;Act360;;ModifiedFollowing;ModifiedFollowing;;2D
06.08.2025;3M;DEPOSIT;GBP;0,0413;LIBOR;3M;3M;;;;3M;Act360;Act360;;ModifiedFollowing;ModifiedFollowing;;2D
06.08.2025;8Mx11M;FRA;EUR;0,01829;EURIBOR;3M;3M;;;;3M;Act360;Act360;;ModifiedFollowing;ModifiedFollowing;;2D
06.08.2025;7M;OIS;GBP;0,03868;SONIA;1D;7M;;;;7M;Act360;Act360;;ModifiedFollowing;ModifiedFollowing;;2D
06.08.2025;9Y;OIS;EUR;0,024595;EONIA;1D;1Y;;;;1Y;Act360;Act360;;ModifiedFollowing;ModifiedFollowing;;2D
06.08.2025;5Mx8M;FRA;USD;0,03985;LIBOR;3M;3M;;;;3M;Act360;Act360;;ModifiedFollowing;ModifiedFollowing;;2D
06.08.2025;10Y;OIS;EUR;0,02519;EONIA;1D;1Y;;;;1Y;Act360;Act360;;ModifiedFollowing;ModifiedFollowing;;2D
06.08.2025;9Mx21M;FRA;EUR;0,0207;EURIBOR;3M;3M;;;;3M;Act360;Act360;;ModifiedFollowing;ModifiedFollowing;;2D
06.08.2025;4M;OIS;GBP;0,03942;SONIA;1D;4M;;;;4M;Act360;Act360;;ModifiedFollowing;ModifiedFollowing;;2D
06.08.2025;7Y;OIS;EUR;0,023235;EONIA;1D;1Y;;;;1Y;Act360;Act360;;ModifiedFollowing;ModifiedFollowing;;2D
06.08.2025;10M;OIS;EUR;0,01899;EONIA;1D;1Y;;;;1Y;Act360;Act360;;ModifiedFollowing;ModifiedFollowing;;2D
06.08.2025;7D;OIS;GBP;0,04011;SONIA;1D;7D;;;;7D;Act360;Act360;;ModifiedFollowing;ModifiedFollowing;;2D
06.08.2025;6Mx9M;FRA;USD;0,03911;LIBOR;3M;3M;;;;3M;Act360;Act360;;ModifiedFollowing;ModifiedFollowing;;2D
06.08.2025;7M;IRS;EUR;0,01861;EURIBOR;1M;1M;;;;1Y;Act360;Act360;;ModifiedFollowing;ModifiedFollowing;;2D
06.08.2025;12Y;OIS;GBP;0,04151;SONIA;1D;1Y;;;;1Y;Act360;Act360;;ModifiedFollowing;ModifiedFollowing;;2D
06.08.2025;5Y;OIS;USD;0,03378;SOFR;1D;1Y;;;;1Y;Act360;Act360;;ModifiedFollowing;ModifiedFollowing;;2D
06.08.2025;6M;DEPOSIT;EUR;0,0186;EURIBOR;6M;6M;;;;6M;Act360;Act360;;ModifiedFollowing;ModifiedFollowing;;2D
06.08.2025;40Y;IRS;EUR;0,0278;EURIBOR;3M;3M;;;;1Y;Act360;Act360;;ModifiedFollowing;ModifiedFollowing;;2D
06.08.2025;6Y;OIS;EUR;0,022475;EONIA;1D;1Y;;;;1Y;Act360;Act360;;ModifiedFollowing;ModifiedFollowing;;2D
06.08.2025;2M;OIS;EUR;0,02;EONIA;1D;2M;;;;2M;Act360;Act360;;ModifiedFollowing;ModifiedFollowing;;2D
06.08.2025;3M;OIS;EUR;0,01993;EONIA;1D;3M;;;;3M;Act360;Act360;;ModifiedFollowing;ModifiedFollowing;;2D
06.08.2025;4M;IRS;EUR;0,01896;EURIBOR;1M;1M;;;;1Y;Act360;Act360;;ModifiedFollowing;ModifiedFollowing;;2D
06.08.2025;10Y;OIS;USD;0,03647;SOFR;1D;1Y;;;;1Y;Act360;Act360;;ModifiedFollowing;ModifiedFollowing;;2D
06.08.2025;7Mx10M;FRA;GBP;0,03682;LIBOR;3M;3M;;;;3M;Act360;Act360;;ModifiedFollowing;ModifiedFollowing;;2D
06.08.2025;8Mx20M;FRA;EUR;0,02056;EURIBOR;3M;3M;;;;3M;Act360;Act360;;ModifiedFollowing;ModifiedFollowing;;2D
06.08.2025;6M;IRS;EUR;0,01872;EURIBOR;1M;1M;;;;1Y;Act360;Act360;;ModifiedFollowing;ModifiedFollowing;;2D
06.08.2025;7Mx10M;FRA;EUR;0,01833;EURIBOR;3M;3M;;;;3M;Act360;Act360;;ModifiedFollowing;ModifiedFollowing;;2D
06.08.2025;12M;DEPOSIT;EUR;0,01975;EURIBOR;12M;1Y;;;;1Y;Act360;Act360;;ModifiedFollowing;ModifiedFollowing;;2D
06.08.2025;2Mx8M;FRA;USD;0,04312;LIBOR;3M;3M;;;;3M;Act360;Act360;;ModifiedFollowing;ModifiedFollowing;;2D
06.08.2025;6Mx9M;FRA;GBP;0,03725;LIBOR;3M;3M;;;;3M;Act360;Act360;;ModifiedFollowing;ModifiedFollowing;;2D
06.08.2025;25Y;IRS;EUR;0,028302;EURIBOR;3M;3M;;;;1Y;Act360;Act360;;ModifiedFollowing;ModifiedFollowing;;2D
06.08.2025;12Y;IRS;EUR;0,026737;EURIBOR;3M;3M;;;;1Y;Act360;Act360;;ModifiedFollowing;ModifiedFollowing;;2D
06.08.2025;2Y;OIS;EUR;0,01895;EONIA;1D;1Y;;;;1Y;Act360;Act360;;ModifiedFollowing;ModifiedFollowing;;2D
06.08.2025;6Mx9M;FRA;EUR;0,01846;EURIBOR;3M;3M;;;;3M;Act360;Act360;;ModifiedFollowing;ModifiedFollowing;;2D
06.08.2025;50Y;OIS;USD;0,03625;SOFR;1D;1Y;;;;1Y;Act360;Act360;;ModifiedFollowing;ModifiedFollowing;;2D
06.08.2025;2Mx14M;FRA;EUR;0,02077;EURIBOR;3M;3M;;;;3M;Act360;Act360;;ModifiedFollowing;ModifiedFollowing;;2D
06.08.2025;8Mx11M;FRA;USD;0,03776;LIBOR;3M;3M;;;;3M;Act360;Act360;;ModifiedFollowing;ModifiedFollowing;;2D
06.08.2025;9M;OIS;EUR;0,0191;EONIA;1D;9M;;;;9M;Act360;Act360;;ModifiedFollowing;ModifiedFollowing;;2D
06.08.2025;5M;OIS;USD;0,04097;SOFR;1D;5M;;;;5M;Act360;Act360;;ModifiedFollowing;ModifiedFollowing;;2D
06.08.2025;5Y;OIS;EUR;0,021675;EONIA;1D;1Y;;;;1Y;Act360;Act360;;ModifiedFollowing;ModifiedFollowing;;2D
06.08.2025;20Y;OIS;USD;0,03939;SOFR;1D;1Y;;;;1Y;Act360;Act360;;ModifiedFollowing;ModifiedFollowing;;2D
06.08.2025;5M;OIS;EUR;0,01967;EONIA;1D;5M;;;;5M;Act360;Act360;;ModifiedFollowing;ModifiedFollowing;;2D
06.08.2025;2Y;IRS;EUR;0,019531;EURIBOR;3M;3M;;;;1Y;Act360;Act360;;ModifiedFollowing;ModifiedFollowing;;2D
06.08.2025;1Mx7M;FRA;GBP;0,04113;LIBOR;3M;3M;;;;3M;Act360;Act360;;ModifiedFollowing;ModifiedFollowing;;2D
06.08.2025;5M;IRS;EUR;0,01885;EURIBOR;1M;1M;;;;1Y;Act360;Act360;;ModifiedFollowing;ModifiedFollowing;;2D
06.08.2025;9Y;OIS;USD;0,03593;SOFR;1D;1Y;;;;1Y;Act360;Act360;;ModifiedFollowing;ModifiedFollowing;;2D
06.08.2025;3Y;OIS;GBP;0,03612;SONIA;1D;1Y;;;;1Y;Act360;Act360;;ModifiedFollowing;ModifiedFollowing;;2D
06.08.2025;18M;OIS;GBP;0,03663;SONIA;1D;1Y;;;;1Y;Act360;Act360;;ModifiedFollowing;ModifiedFollowing;;2D
06.08.2025;5Mx8M;FRA;EUR;0,01869;EURIBOR;3M;3M;;;;3M;Act360;Act360;;ModifiedFollowing;ModifiedFollowing;;2D
06.08.2025;7Mx19M;FRA;EUR;0,02047;EURIBOR;3M;3M;;;;3M;Act360;Act360;;ModifiedFollowing;ModifiedFollowing;;2D
06.08.2025;6M;DEPOSIT;GBP;0,0416;LIBOR;6M;6M;;;;6M;Act360;Act360;;ModifiedFollowing;ModifiedFollowing;;2D
06.08.2025;7M;OIS;EUR;0,01936;EONIA;1D;7M;;;;7M;Act360;Act360;;ModifiedFollowing;ModifiedFollowing;;2D
06.08.2025;6M;OIS;EUR;0,0195;EONIA;1D;6M;;;;6M;Act360;Act360;;ModifiedFollowing;ModifiedFollowing;;2D
06.08.2025;5Mx11M;FRA;GBP;0,03885;LIBOR;3M;3M;;;;3M;Act360;Act360;;ModifiedFollowing;ModifiedFollowing;;2D
06.08.2025;2M;OIS;USD;0,04267;SOFR;1D;2M;;;;2M;Act360;Act360;;ModifiedFollowing;ModifiedFollowing;;2D
06.08.2025;9Y;OIS;GBP;0,03954;SONIA;1D;1Y;;;;1Y;Act360;Act360;;ModifiedFollowing;ModifiedFollowing;;2D
06.08.2025;8M;IRS;EUR;0,0185;EURIBOR;1M;1M;;;;1Y;Act360;Act360;;ModifiedFollowing;ModifiedFollowing;;2D
06.08.2025;4Mx7M;FRA;USD;0,04057;LIBOR;3M;3M;;;;3M;Act360;Act360;;ModifiedFollowing;ModifiedFollowing;;2D
06.08.2025;30Y;OIS;USD;0,03888;SOFR;1D;1Y;;;;1Y;Act360;Act360;;ModifiedFollowing;ModifiedFollowing;;2D
06.08.2025;4Mx7M;FRA;EUR;0,01892;EURIBOR;3M;3M;;;;3M;Act360;Act360;;ModifiedFollowing;ModifiedFollowing;;2D
06.08.2025;15Y;OIS;USD;0,03854;SOFR;1D;1Y;;;;1Y;Act360;Act360;;ModifiedFollowing;ModifiedFollowing;;2D
06.08.2025;1M;DEPOSIT;USD;0,0444;LIBOR;1M;1M;;;;1M;Act360;Act360;;ModifiedFollowing;ModifiedFollowing;;2D
06.08.2025;15Y;OIS;GBP;0,04302;SONIA;1D;1Y;;;;1Y;Act360;Act360;;ModifiedFollowing;ModifiedFollowing;;2D
06.08.2025;50Y;IRS;EUR;0,027385;EURIBOR;3M;3M;;;;1Y;Act360;Act360;;ModifiedFollowing;ModifiedFollowing;;2D
06.08.2025;1Y;OIS;EUR;0,01884;EONIA;1D;1Y;;;;1Y;Act360;Act360;;ModifiedFollowing;ModifiedFollowing;;2D
06.08.2025;10M;OIS;GBP;0,038;SONIA;1D;1Y;;;;1Y;Act360;Act360;;ModifiedFollowing;ModifiedFollowing;;2D
06.08.2025;6Y;OIS;USD;0,03424;SOFR;1D;1Y;;;;1Y;Act360;Act360;;ModifiedFollowing;ModifiedFollowing;;2D
06.08.2025;3M;IRS;EUR;0,01901;EURIBOR;1M;1M;;;;1Y;Act360;Act360;;ModifiedFollowing;ModifiedFollowing;;2D
06.08.2025;11Y;IRS;EUR;0,026259;EURIBOR;3M;3M;;;;1Y;Act360;Act360;;ModifiedFollowing;ModifiedFollowing;;2D
06.08.2025;7D;OIS;USD;0,0432;SOFR;1D;7D;;;;7D;Act360;Act360;;ModifiedFollowing;ModifiedFollowing;;2D
06.08.2025;3Y;OIS;USD;0,03364;SOFR;1D;1Y;;;;1Y;Act360;Act360;;ModifiedFollowing;ModifiedFollowing;;2D
06.08.2025;9M;IRS;EUR;0,01839;EURIBOR;1M;1M;;;;1Y;Act360;Act360;;ModifiedFollowing;ModifiedFollowing;;2D
06.08.2025;7Y;IRS;EUR;0,023779;EURIBOR;3M;3M;;;;1Y;Act360;Act360;;ModifiedFollowing;ModifiedFollowing;;2D
06.08.2025;11M;OIS;USD;0,03851;SOFR;1D;1Y;;;;1Y;Act360;Act360;;ModifiedFollowing;ModifiedFollowing;;2D
06.08.2025;15Y;OIS;EUR;0,02724;EONIA;1D;1Y;;;;1Y;Act360;Act360;;ModifiedFollowing;ModifiedFollowing;;2D
06.08.2025;8Y;OIS;USD;0,03537;SOFR;1D;1Y;;;;1Y;Act360;Act360;;ModifiedFollowing;ModifiedFollowing;;2D
06.08.2025;1Y;OIS;GBP;0,03767;SONIA;1D;1Y;;;;1Y;Act360;Act360;;ModifiedFollowing;ModifiedFollowing;;2D
06.08.2025;4Y;OIS;EUR;0,020795;EONIA;1D;1Y;;;;1Y;Act360;Act360;;ModifiedFollowing;ModifiedFollowing;;2D
06.08.2025;6Mx18M;FRA;EUR;0,02043;EURIBOR;3M;3M;;;;3M;Act360;Act360;;ModifiedFollowing;ModifiedFollowing;;2D
06.08.2025;10M;IRS;EUR;0,01831;EURIBOR;1M;1M;;;;1Y;Act360;Act360;;ModifiedFollowing;ModifiedFollowing;;2D
06.08.2025;20Y;IRS;EUR;0,0284;EURIBOR;3M;3M;;;;1Y;Act360;Act360;;ModifiedFollowing;ModifiedFollowing;;2D
06.08.2025;3Mx6M;FRA;EUR;0,0192;EURIBOR;3M;3M;;;;3M;Act360;Act360;;ModifiedFollowing;ModifiedFollowing;;2D
06.08.2025;4Mx10M;FRA;EUR;0,01957;EURIBOR;3M;3M;;;;3M;Act360;Act360;;ModifiedFollowing;ModifiedFollowing;;2D
06.08.2025;3M;DEPOSIT;USD;0,0442;LIBOR;3M;3M;;;;3M;Act360;Act360;;ModifiedFollowing;ModifiedFollowing;;2D
06.08.2025;20Y;OIS;GBP;0,04447;SONIA;1D;1Y;;;;1Y;Act360;Act360;;ModifiedFollowing;ModifiedFollowing;;2D
06.08.2025;1Mx4M;FRA;EUR;0,01985;EURIBOR;3M;3M;;;;3M;Act360;Act360;;ModifiedFollowing;ModifiedFollowing;;2D
06.08.2025;14D;OIS;EUR;0,0201;EONIA;1D;14D;;;;14D;Act360;Act360;;ModifiedFollowing;ModifiedFollowing;;2D
06.08.2025;7D;OIS;EUR;0,019255;EONIA;1D;7D;;;;7D;Act360;Act360;;ModifiedFollowing;ModifiedFollowing;;2D
06.08.2025;7Y;OIS;USD;0,03481;SOFR;1D;1Y;;;;1Y;Act360;Act360;;ModifiedFollowing;ModifiedFollowing;;2D
06.08.2025;3Mx6M;FRA;GBP;0,03903;LIBOR;3M;3M;;;;3M;Act360;Act360;;ModifiedFollowing;ModifiedFollowing;;2D
06.08.2025;2Mx5M;FRA;EUR;0,01956;EURIBOR;3M;3M;;;;3M;Act360;Act360;;ModifiedFollowing;ModifiedFollowing;;2D
06.08.2025;8Y;OIS;GBP;0,03882;SONIA;1D;1Y;;;;1Y;Act360;Act360;;ModifiedFollowing;ModifiedFollowing;;2D
06.08.2025;4Mx10M;FRA;USD;0,04139;LIBOR;3M;3M;;;;3M;Act360;Act360;;ModifiedFollowing;ModifiedFollowing;;2D
06.08.2025;40Y;OIS;USD;0,03756;SOFR;1D;1Y;;;;1Y;Act360;Act360;;ModifiedFollowing;ModifiedFollowing;;2D
06.08.2025;6M;OIS;USD;0,04045;SOFR;1D;6M;;;;6M;Act360;Act360;;ModifiedFollowing;ModifiedFollowing;;2D
06.08.2025;3Y;OIS;EUR;0,01984;EONIA;1D;1Y;;;;1Y;Act360;Act360;;ModifiedFollowing;ModifiedFollowing;;2D
06.08.2025;2Y;OIS;USD;0,034609;SOFR;1D;1Y;;;;1Y;Act360;Act360;;ModifiedFollowing;ModifiedFollowing;;2D
06.08.2025;4M;OIS;USD;0,04162;SOFR;1D;4M;;;;4M;Act360;Act360;;ModifiedFollowing;ModifiedFollowing;;2D
06.08.2025;6M;OIS;GBP;0,03895;SONIA;1D;6M;;;;6M;Act360;Act360;;ModifiedFollowing;ModifiedFollowing;;2D
06.08.2025;2M;OIS;GBP;0,03982;SONIA;1D;2M;;;;2M;Act360;Act360;;ModifiedFollowing;ModifiedFollowing;;2D
06.08.2025;1Y;IRS;EUR;0,01932;EURIBOR;3M;3M;;;;1Y;Act360;Act360;;ModifiedFollowing;ModifiedFollowing;;2D
06.08.2025;3Mx9M;FRA;EUR;0,01978;EURIBOR;3M;3M;;;;3M;Act360;Act360;;ModifiedFollowing;ModifiedFollowing;;2D
06.08.2025;6Y;IRS;EUR;0,023037;EURIBOR;3M;3M;;;;1Y;Act360;Act360;;ModifiedFollowing;ModifiedFollowing;;2D
06.08.2025;1Mx13M;FRA;EUR;0,02092;EURIBOR;3M;3M;;;;3M;Act360;Act360;;ModifiedFollowing;ModifiedFollowing;;2D
06.08.2025;3Mx6M;FRA;USD;0,04162;LIBOR;3M;3M;;;;3M;Act360;Act360;;ModifiedFollowing;ModifiedFollowing;;2D
06.08.2025;6M;DEPOSIT;USD;0,0433;LIBOR;6M;6M;;;;6M;Act360;Act360;;ModifiedFollowing;ModifiedFollowing;;2D
06.08.2025;11M;OIS;GBP;0,03783;SONIA;1D;1Y;;;;1Y;Act360;Act360;;ModifiedFollowing;ModifiedFollowing;;2D
06.08.2025;12M;DEPOSIT;GBP;0,0414;LIBOR;12M;1Y;;;;1Y;Act360;Act360;;ModifiedFollowing;ModifiedFollowing;;2D
06.08.2025;25Y;OIS;GBP;0,04504;SONIA;1D;1Y;;;;1Y;Act360;Act360;;ModifiedFollowing;ModifiedFollowing;;2D
06.08.2025;60Y;IRS;EUR;0,0269;EURIBOR;3M;3M;;;;1Y;Act360;Act360;;ModifiedFollowing;ModifiedFollowing;;2D
06.08.2025;2Y;OIS;GBP;0,03626;SONIA;1D;1Y;;;;1Y;Act360;Act360;;ModifiedFollowing;ModifiedFollowing;;2D
06.08.2025;5Y;OIS;GBP;0,03682;SONIA;1D;1Y;;;;1Y;Act360;Act360;;ModifiedFollowing;ModifiedFollowing;;2D
06.08.2025;7M;OIS;USD;0,04004;SOFR;1D;7M;;;;7M;Act360;Act360;;ModifiedFollowing;ModifiedFollowing;;2D
06.08.2025;5Mx17M;FRA;EUR;0,02045;EURIBOR;3M;3M;;;;3M;Act360;Act360;;ModifiedFollowing;ModifiedFollowing;;2D
06.08.2025;2Mx8M;FRA;GBP;0,04051;LIBOR;3M;3M;;;;3M;Act360;Act360;;ModifiedFollowing;ModifiedFollowing;;2D
06.08.2025;14D;OIS;USD;0,04322;SOFR;1D;14D;;;;14D;Act360;Act360;;ModifiedFollowing;ModifiedFollowing;;2D
06.08.2025;30Y;IRS;EUR;0,028142;EURIBOR;3M;3M;;;;1Y;Act360;Act360;;ModifiedFollowing;ModifiedFollowing;;2D
06.08.2025;11M;OIS;EUR;0,01892;EONIA;1D;1Y;;;;1Y;Act360;Act360;;ModifiedFollowing;ModifiedFollowing;;2D
06.08.2025;1Mx7M;FRA;USD;0,04429;LIBOR;3M;3M;;;;3M;Act360;Act360;;ModifiedFollowing;ModifiedFollowing;;2D
06.08.2025;2Mx5M;FRA;USD;0,04276;LIBOR;3M;3M;;;;3M;Act360;Act360;;ModifiedFollowing;ModifiedFollowing;;2D
06.08.2025;9Y;IRS;EUR;0,025119;EURIBOR;3M;3M;;;;1Y;Act360;Act360;;ModifiedFollowing;ModifiedFollowing;;2D
06.08.2025;30Y;OIS;GBP;0,04507;SONIA;1D;1Y;;;;1Y;Act360;Act360;;ModifiedFollowing;ModifiedFollowing;;2D
06.08.2025;8M;OIS;USD;0,03963;SOFR;1D;8M;;;;8M;Act360;Act360;;ModifiedFollowing;ModifiedFollowing;;2D
06.08.2025;11M;IRS;EUR;0,01825;EURIBOR;1M;1M;;;;1Y;Act360;Act360;;ModifiedFollowing;ModifiedFollowing;;2D
06.08.2025;6Y;OIS;GBP;0,03742;SONIA;1D;1Y;;;;1Y;Act360;Act360;;ModifiedFollowing;ModifiedFollowing;;2D
06.08.2025;1M;OIS;GBP;0,0399;SONIA;1D;1M;;;;1M;Act360;Act360;;ModifiedFollowing;ModifiedFollowing;;2D
06.08.2025;30Y;OIS;EUR;0,02769;EONIA;1D;1Y;;;;1Y;Act360;Act360;;ModifiedFollowing;ModifiedFollowing;;2D
06.08.2025;3Mx9M;FRA;USD;0,04222;LIBOR;3M;3M;;;;3M;Act360;Act360;;ModifiedFollowing;ModifiedFollowing;;2D
06.08.2025;5Y;IRS;EUR;0,02225;EURIBOR;3M;3M;;;;1Y;Act360;Act360;;ModifiedFollowing;ModifiedFollowing;;2D
06.08.2025;15Y;IRS;EUR;0,027782;EURIBOR;3M;3M;;;;1Y;Act360;Act360;;ModifiedFollowing;ModifiedFollowing;;2D
06.08.2025;1Mx4M;FRA;USD;0,04413;LIBOR;3M;3M;;;;3M;Act360;Act360;;ModifiedFollowing;ModifiedFollowing;;2D
06.08.2025;12M;DEPOSIT;USD;0,04225;LIBOR;12M;1Y;;;;1Y;Act360;Act360;;ModifiedFollowing;ModifiedFollowing;;2D
06.08.2025;40Y;OIS;GBP;0,04437;SONIA;1D;1Y;;;;1Y;Act360;Act360;;ModifiedFollowing;ModifiedFollowing;;2D
06.08.2025;1Mx4M;FRA;GBP;0,04034;LIBOR;3M;3M;;;;3M;Act360;Act360;;ModifiedFollowing;ModifiedFollowing;;2D
06.08.2025;1M;OIS;USD;0,04327;SOFR;1D;1M;;;;1M;Act360;Act360;;ModifiedFollowing;ModifiedFollowing;;2D
06.08.2025;10Y;IRS;EUR;0,025722;EURIBOR;3M;3M;;;;1Y;Act360;Act360;;ModifiedFollowing;ModifiedFollowing;;2D
06.08.2025;11Mx23M;FRA;EUR;0,021;EURIBOR;3M;3M;;;;3M;Act360;Act360;;ModifiedFollowing;ModifiedFollowing;;2D
06.08.2025;50Y;OIS;GBP;0,04333;SONIA;1D;1Y;;;;1Y;Act360;Act360;;ModifiedFollowing;ModifiedFollowing;;2D
06.08.2025;7Mx10M;FRA;USD;0,0384;LIBOR;3M;3M;;;;3M;Act360;Act360;;ModifiedFollowing;ModifiedFollowing;;2D
06.08.2025;3Mx9M;FRA;GBP;0,03991;LIBOR;3M;3M;;;;3M;Act360;Act360;;ModifiedFollowing;ModifiedFollowing;;2D
06.08.2025;4Mx7M;FRA;GBP;0,03837;LIBOR;3M;3M;;;;3M;Act360;Act360;;ModifiedFollowing;ModifiedFollowing;;2D
06.08.2025;35Y;OIS;USD;0,03823;SOFR;1D;1Y;;;;1Y;Act360;Act360;;ModifiedFollowing;ModifiedFollowing;;2D
06.08.2025;1Y;OIS;USD;0,0381;SOFR;1D;1Y;;;;1Y;Act360;Act360;;ModifiedFollowing;ModifiedFollowing;;2D
06.08.2025;4Y;IRS;EUR;0,02139;EURIBOR;3M;3M;;;;1Y;Act360;Act360;;ModifiedFollowing;ModifiedFollowing;;2D
06.08.2025;3M;OIS;USD;0,04208;SOFR;1D;3M;;;;3M;Act360;Act360;;ModifiedFollowing;ModifiedFollowing;;2D
06.08.2025;4Mx16M;FRA;EUR;0,0205;EURIBOR;3M;3M;;;;3M;Act360;Act360;;ModifiedFollowing;ModifiedFollowing;;2D
06.08.2025;5Mx11M;FRA;USD;0,04059;LIBOR;3M;3M;;;;3M;Act360;Act360;;ModifiedFollowing;ModifiedFollowing;;2D
06.08.2025;1M;DEPOSIT;EUR;0,0194;EURIBOR;1M;1M;;;;1M;Act360;Act360;;ModifiedFollowing;ModifiedFollowing;;2D
06.08.2025;4Y;OIS;GBP;0,03636;SONIA;1D;1Y;;;;1Y;Act360;Act360;;ModifiedFollowing;ModifiedFollowing;;2D
06.08.2025;5M;OIS;GBP;0,03916;SONIA;1D;5M;;;;5M;Act360;Act360;;ModifiedFollowing;ModifiedFollowing;;2D
06.08.2025;14D;OIS;GBP;0,03996;SONIA;1D;14D;;;;14D;Act360;Act360;;ModifiedFollowing;ModifiedFollowing;;2D
06.08.2025;1M;DEPOSIT;GBP;0,0409;LIBOR;1M;1M;;;;1M;Act360;Act360;;ModifiedFollowing;ModifiedFollowing;;2D
06.08.2025;8M;OIS;EUR;0,01922;EONIA;1D;8M;;;;8M;Act360;Act360;;ModifiedFollowing;ModifiedFollowing;;2D
06.08.2025;1M;OIS;EUR;0,0201;EONIA;1D;1M;;;;1M;Act360;Act360;;ModifiedFollowing;ModifiedFollowing;;2D
06.08.2025;8Mx11M;FRA;GBP;0,03645;LIBOR;3M;3M;;;;3M;Act360;Act360;;ModifiedFollowing;ModifiedFollowing;;2D
06.08.2025;10Mx22M;FRA;EUR;0,02084;EURIBOR;3M;3M;;;;3M;Act360;Act360;;ModifiedFollowing;ModifiedFollowing;;2D
06.08.2025;10Y;OIS;GBP;0,04022;SONIA;1D;1Y;;;;1Y;Act360;Act360;;ModifiedFollowing;ModifiedFollowing;;2D
06.08.2025;7Y;OIS;GBP;0,03809;SONIA;1D;1Y;;;;1Y;Act360;Act360;;ModifiedFollowing;ModifiedFollowing;;2D
06.08.2025;9M;OIS;USD;0,03925;SOFR;1D;9M;;;;9M;Act360;Act360;;ModifiedFollowing;ModifiedFollowing;;2D
05.08.2025;20Y;OIS;EUR;0,0276;EONIA;1D;1Y;;;;1Y;Act360;Act360;;ModifiedFollowing;ModifiedFollowing;;2D
05.08.2025;12Y;IRS;EUR;0,026495;EURIBOR;3M;3M;;;;1Y;Act360;Act360;;ModifiedFollowing;ModifiedFollowing;;2D
05.08.2025;7M;OIS;GBP;0,03858;SONIA;1D;7M;;;;7M;Act360;Act360;;ModifiedFollowing;ModifiedFollowing;;2D
05.08.2025;3Mx9M;FRA;USD;0,04179;LIBOR;3M;3M;;;;3M;Act360;Act360;;ModifiedFollowing;ModifiedFollowing;;2D
05.08.2025;4Y;OIS;GBP;0,0361;SONIA;1D;1Y;;;;1Y;Act360;Act360;;ModifiedFollowing;ModifiedFollowing;;2D
05.08.2025;11Y;IRS;EUR;0,02603;EURIBOR;3M;3M;;;;1Y;Act360;Act360;;ModifiedFollowing;ModifiedFollowing;;2D
05.08.2025;11M;OIS;USD;0,03816;SOFR;1D;1Y;;;;1Y;Act360;Act360;;ModifiedFollowing;ModifiedFollowing;;2D
05.08.2025;2Mx8M;FRA;USD;0,04272;LIBOR;3M;3M;;;;3M;Act360;Act360;;ModifiedFollowing;ModifiedFollowing;;2D
05.08.2025;5Y;OIS;GBP;0,03656;SONIA;1D;1Y;;;;1Y;Act360;Act360;;ModifiedFollowing;ModifiedFollowing;;2D
05.08.2025;6Mx9M;FRA;GBP;0,03713;LIBOR;3M;3M;;;;3M;Act360;Act360;;ModifiedFollowing;ModifiedFollowing;;2D
05.08.2025;6M;OIS;GBP;0,03888;SONIA;1D;6M;;;;6M;Act360;Act360;;ModifiedFollowing;ModifiedFollowing;;2D
05.08.2025;1Mx7M;FRA;USD;0,04394;LIBOR;3M;3M;;;;3M;Act360;Act360;;ModifiedFollowing;ModifiedFollowing;;2D
05.08.2025;6Y;OIS;GBP;0,03715;SONIA;1D;1Y;;;;1Y;Act360;Act360;;ModifiedFollowing;ModifiedFollowing;;2D
05.08.2025;10Y;IRS;EUR;0,025505;EURIBOR;3M;3M;;;;1Y;Act360;Act360;;ModifiedFollowing;ModifiedFollowing;;2D
05.08.2025;5M;OIS;GBP;0,03911;SONIA;1D;5M;;;;5M;Act360;Act360;;ModifiedFollowing;ModifiedFollowing;;2D
05.08.2025;7Y;OIS;GBP;0,03782;SONIA;1D;1Y;;;;1Y;Act360;Act360;;ModifiedFollowing;ModifiedFollowing;;2D
05.08.2025;8Mx11M;FRA;USD;0,03726;LIBOR;3M;3M;;;;3M;Act360;Act360;;ModifiedFollowing;ModifiedFollowing;;2D
05.08.2025;7Mx10M;FRA;GBP;0,03655;LIBOR;3M;3M;;;;3M;Act360;Act360;;ModifiedFollowing;ModifiedFollowing;;2D
05.08.2025;40Y;IRS;EUR;0,027545;EURIBOR;3M;3M;;;;1Y;Act360;Act360;;ModifiedFollowing;ModifiedFollowing;;2D
05.08.2025;8Y;OIS;GBP;0,03854;SONIA;1D;1Y;;;;1Y;Act360;Act360;;ModifiedFollowing;ModifiedFollowing;;2D
05.08.2025;9Y;IRS;EUR;0,02493;EURIBOR;3M;3M;;;;1Y;Act360;Act360;;ModifiedFollowing;ModifiedFollowing;;2D
05.08.2025;7Mx10M;FRA;USD;0,03788;LIBOR;3M;3M;;;;3M;Act360;Act360;;ModifiedFollowing;ModifiedFollowing;;2D
05.08.2025;4M;OIS;GBP;0,03941;SONIA;1D;4M;;;;4M;Act360;Act360;;ModifiedFollowing;ModifiedFollowing;;2D
05.08.2025;9Y;OIS;GBP;0,03925;SONIA;1D;1Y;;;;1Y;Act360;Act360;;ModifiedFollowing;ModifiedFollowing;;2D
05.08.2025;4M;OIS;EUR;0,01981;EONIA;1D;4M;;;;4M;Act360;Act360;;ModifiedFollowing;ModifiedFollowing;;2D
05.08.2025;8Mx11M;FRA;GBP;0,03615;LIBOR;3M;3M;;;;3M;Act360;Act360;;ModifiedFollowing;ModifiedFollowing;;2D
05.08.2025;6Mx9M;FRA;USD;0,03852;LIBOR;3M;3M;;;;3M;Act360;Act360;;ModifiedFollowing;ModifiedFollowing;;2D
05.08.2025;50Y;IRS;EUR;0,02715;EURIBOR;3M;3M;;;;1Y;Act360;Act360;;ModifiedFollowing;ModifiedFollowing;;2D
05.08.2025;10Y;OIS;GBP;0,03993;SONIA;1D;1Y;;;;1Y;Act360;Act360;;ModifiedFollowing;ModifiedFollowing;;2D
05.08.2025;8Y;IRS;EUR;0,0243;EURIBOR;3M;3M;;;;1Y;Act360;Act360;;ModifiedFollowing;ModifiedFollowing;;2D
05.08.2025;5Mx8M;FRA;USD;0,03938;LIBOR;3M;3M;;;;3M;Act360;Act360;;ModifiedFollowing;ModifiedFollowing;;2D
05.08.2025;3M;OIS;GBP;0,03978;SONIA;1D;3M;;;;3M;Act360;Act360;;ModifiedFollowing;ModifiedFollowing;;2D
05.08.2025;12Y;OIS;GBP;0,04119;SONIA;1D;1Y;;;;1Y;Act360;Act360;;ModifiedFollowing;ModifiedFollowing;;2D
05.08.2025;7Y;IRS;EUR;0,02363;EURIBOR;3M;3M;;;;1Y;Act360;Act360;;ModifiedFollowing;ModifiedFollowing;;2D
05.08.2025;1Mx7M;FRA;GBP;0,04107;LIBOR;3M;3M;;;;3M;Act360;Act360;;ModifiedFollowing;ModifiedFollowing;;2D
05.08.2025;4Mx7M;FRA;USD;0,04004;LIBOR;3M;3M;;;;3M;Act360;Act360;;ModifiedFollowing;ModifiedFollowing;;2D
05.08.2025;15Y;OIS;GBP;0,04268;SONIA;1D;1Y;;;;1Y;Act360;Act360;;ModifiedFollowing;ModifiedFollowing;;2D
05.08.2025;20Y;OIS;GBP;0,04411;SONIA;1D;1Y;;;;1Y;Act360;Act360;;ModifiedFollowing;ModifiedFollowing;;2D
05.08.2025;5M;OIS;USD;0,04081;SOFR;1D;5M;;;;5M;Act360;Act360;;ModifiedFollowing;ModifiedFollowing;;2D
05.08.2025;6Y;IRS;EUR;0,02293;EURIBOR;3M;3M;;;;1Y;Act360;Act360;;ModifiedFollowing;ModifiedFollowing;;2D
05.08.2025;2M;OIS;GBP;0,03984;SONIA;1D;2M;;;;2M;Act360;Act360;;ModifiedFollowing;ModifiedFollowing;;2D
05.08.2025;3Mx6M;FRA;USD;0,04126;LIBOR;3M;3M;;;;3M;Act360;Act360;;ModifiedFollowing;ModifiedFollowing;;2D
05.08.2025;3M;OIS;EUR;0,01993;EONIA;1D;3M;;;;3M;Act360;Act360;;ModifiedFollowing;ModifiedFollowing;;2D
05.08.2025;25Y;OIS;GBP;0,04467;SONIA;1D;1Y;;;;1Y;Act360;Act360;;ModifiedFollowing;ModifiedFollowing;;2D
05.08.2025;2Mx8M;FRA;GBP;0,04039;LIBOR;3M;3M;;;;3M;Act360;Act360;;ModifiedFollowing;ModifiedFollowing;;2D
05.08.2025;2Mx5M;FRA;USD;0,04251;LIBOR;3M;3M;;;;3M;Act360;Act360;;ModifiedFollowing;ModifiedFollowing;;2D
05.08.2025;60Y;IRS;EUR;0,02666;EURIBOR;3M;3M;;;;1Y;Act360;Act360;;ModifiedFollowing;ModifiedFollowing;;2D
05.08.2025;30Y;OIS;GBP;0,04469;SONIA;1D;1Y;;;;1Y;Act360;Act360;;ModifiedFollowing;ModifiedFollowing;;2D
05.08.2025;1M;OIS;GBP;0,03998;SONIA;1D;1M;;;;1M;Act360;Act360;;ModifiedFollowing;ModifiedFollowing;;2D
05.08.2025;5Y;IRS;EUR;0,02218;EURIBOR;3M;3M;;;;1Y;Act360;Act360;;ModifiedFollowing;ModifiedFollowing;;2D
05.08.2025;1Mx4M;FRA;USD;0,04387;LIBOR;3M;3M;;;;3M;Act360;Act360;;ModifiedFollowing;ModifiedFollowing;;2D
05.08.2025;40Y;OIS;GBP;0,04399;SONIA;1D;1Y;;;;1Y;Act360;Act360;;ModifiedFollowing;ModifiedFollowing;;2D
05.08.2025;11Mx23M;FRA;EUR;0,02102;EURIBOR;3M;3M;;;;3M;Act360;Act360;;ModifiedFollowing;ModifiedFollowing;;2D
05.08.2025;3Mx9M;FRA;GBP;0,0398;LIBOR;3M;3M;;;;3M;Act360;Act360;;ModifiedFollowing;ModifiedFollowing;;2D
05.08.2025;50Y;OIS;GBP;0,04296;SONIA;1D;1Y;;;;1Y;Act360;Act360;;ModifiedFollowing;ModifiedFollowing;;2D
05.08.2025;4Y;IRS;EUR;0,02138;EURIBOR;3M;3M;;;;1Y;Act360;Act360;;ModifiedFollowing;ModifiedFollowing;;2D
05.08.2025;1M;DEPOSIT;EUR;0,02;EURIBOR;1M;1M;;;;1M;Act360;Act360;;ModifiedFollowing;ModifiedFollowing;;2D
05.08.2025;14D;OIS;GBP;0,04013;SONIA;1D;14D;;;;14D;Act360;Act360;;ModifiedFollowing;ModifiedFollowing;;2D
05.08.2025;10Mx22M;FRA;EUR;0,02087;EURIBOR;3M;3M;;;;3M;Act360;Act360;;ModifiedFollowing;ModifiedFollowing;;2D
05.08.2025;2M;IRS;EUR;0,01899;EURIBOR;1M;1M;;;;1Y;Act360;Act360;;ModifiedFollowing;ModifiedFollowing;;2D
05.08.2025;3M;DEPOSIT;EUR;0,02075;EURIBOR;3M;3M;;;;3M;Act360;Act360;;ModifiedFollowing;ModifiedFollowing;;2D
05.08.2025;7D;OIS;GBP;0,04046;SONIA;1D;7D;;;;7D;Act360;Act360;;ModifiedFollowing;ModifiedFollowing;;2D
05.08.2025;3Y;IRS;EUR;0,02047;EURIBOR;3M;3M;;;;1Y;Act360;Act360;;ModifiedFollowing;ModifiedFollowing;;2D
05.08.2025;4Mx10M;FRA;GBP;0,03919;LIBOR;3M;3M;;;;3M;Act360;Act360;;ModifiedFollowing;ModifiedFollowing;;2D
05.08.2025;9Mx21M;FRA;EUR;0,02072;EURIBOR;3M;3M;;;;3M;Act360;Act360;;ModifiedFollowing;ModifiedFollowing;;2D
05.08.2025;6M;DEPOSIT;EUR;0,0187;EURIBOR;6M;6M;;;;6M;Act360;Act360;;ModifiedFollowing;ModifiedFollowing;;2D
05.08.2025;8Mx20M;FRA;EUR;0,0206;EURIBOR;3M;3M;;;;3M;Act360;Act360;;ModifiedFollowing;ModifiedFollowing;;2D
05.08.2025;12M;DEPOSIT;EUR;0,0198;EURIBOR;12M;1Y;;;;1Y;Act360;Act360;;ModifiedFollowing;ModifiedFollowing;;2D
05.08.2025;50Y;OIS;USD;0,03616;SOFR;1D;1Y;;;;1Y;Act360;Act360;;ModifiedFollowing;ModifiedFollowing;;2D
05.08.2025;2Y;IRS;EUR;0,019573;EURIBOR;3M;3M;;;;1Y;Act360;Act360;;ModifiedFollowing;ModifiedFollowing;;2D
05.08.2025;7Mx19M;FRA;EUR;0,02051;EURIBOR;3M;3M;;;;3M;Act360;Act360;;ModifiedFollowing;ModifiedFollowing;;2D
05.08.2025;5Mx11M;FRA;GBP;0,03871;LIBOR;3M;3M;;;;3M;Act360;Act360;;ModifiedFollowing;ModifiedFollowing;;2D
05.08.2025;1M;DEPOSIT;USD;0,0443;LIBOR;1M;1M;;;;1M;Act360;Act360;;ModifiedFollowing;ModifiedFollowing;;2D
05.08.2025;3M;IRS;EUR;0,019;EURIBOR;1M;1M;;;;1Y;Act360;Act360;;ModifiedFollowing;ModifiedFollowing;;2D
05.08.2025;6Mx18M;FRA;EUR;0,02047;EURIBOR;3M;3M;;;;3M;Act360;Act360;;ModifiedFollowing;ModifiedFollowing;;2D
05.08.2025;7M;OIS;EUR;0,01935;EONIA;1D;7M;;;;7M;Act360;Act360;;ModifiedFollowing;ModifiedFollowing;;2D
05.08.2025;3M;DEPOSIT;USD;0,0457;LIBOR;3M;3M;;;;3M;Act360;Act360;;ModifiedFollowing;ModifiedFollowing;;2D
05.08.2025;40Y;OIS;USD;0,03746;SOFR;1D;1Y;;;;1Y;Act360;Act360;;ModifiedFollowing;ModifiedFollowing;;2D
05.08.2025;1Y;IRS;EUR;0,01939;EURIBOR;3M;3M;;;;1Y;Act360;Act360;;ModifiedFollowing;ModifiedFollowing;;2D
05.08.2025;6M;DEPOSIT;USD;0,0449;LIBOR;6M;6M;;;;6M;Act360;Act360;;ModifiedFollowing;ModifiedFollowing;;2D
05.08.2025;5Mx17M;FRA;EUR;0,02049;EURIBOR;3M;3M;;;;3M;Act360;Act360;;ModifiedFollowing;ModifiedFollowing;;2D
05.08.2025;6M;OIS;USD;0,04023;SOFR;1D;6M;;;;6M;Act360;Act360;;ModifiedFollowing;ModifiedFollowing;;2D
05.08.2025;30Y;OIS;EUR;0,02742;EONIA;1D;1Y;;;;1Y;Act360;Act360;;ModifiedFollowing;ModifiedFollowing;;2D
05.08.2025;12M;DEPOSIT;USD;0,0431;LIBOR;12M;1Y;;;;1Y;Act360;Act360;;ModifiedFollowing;ModifiedFollowing;;2D
05.08.2025;4Mx16M;FRA;EUR;0,02054;EURIBOR;3M;3M;;;;3M;Act360;Act360;;ModifiedFollowing;ModifiedFollowing;;2D
05.08.2025;3M;OIS;USD;0,04206;SOFR;1D;3M;;;;3M;Act360;Act360;;ModifiedFollowing;ModifiedFollowing;;2D
05.08.2025;35Y;OIS;USD;0,03813;SOFR;1D;1Y;;;;1Y;Act360;Act360;;ModifiedFollowing;ModifiedFollowing;;2D
05.08.2025;1M;DEPOSIT;GBP;0,0409;LIBOR;1M;1M;;;;1M;Act360;Act360;;ModifiedFollowing;ModifiedFollowing;;2D
05.08.2025;3Mx15M;FRA;EUR;0,02064;EURIBOR;3M;3M;;;;3M;Act360;Act360;;ModifiedFollowing;ModifiedFollowing;;2D
05.08.2025;3M;DEPOSIT;GBP;0,0413;LIBOR;3M;3M;;;;3M;Act360;Act360;;ModifiedFollowing;ModifiedFollowing;;2D
05.08.2025;4M;IRS;EUR;0,01895;EURIBOR;1M;1M;;;;1Y;Act360;Act360;;ModifiedFollowing;ModifiedFollowing;;2D
05.08.2025;2Mx14M;FRA;EUR;0,02081;EURIBOR;3M;3M;;;;3M;Act360;Act360;;ModifiedFollowing;ModifiedFollowing;;2D
05.08.2025;30Y;OIS;USD;0,0388;SOFR;1D;1Y;;;;1Y;Act360;Act360;;ModifiedFollowing;ModifiedFollowing;;2D
05.08.2025;6M;DEPOSIT;GBP;0,0416;LIBOR;6M;6M;;;;6M;Act360;Act360;;ModifiedFollowing;ModifiedFollowing;;2D
05.08.2025;15Y;OIS;EUR;0,02698;EONIA;1D;1Y;;;;1Y;Act360;Act360;;ModifiedFollowing;ModifiedFollowing;;2D
05.08.2025;1Mx13M;FRA;EUR;0,02095;EURIBOR;3M;3M;;;;3M;Act360;Act360;;ModifiedFollowing;ModifiedFollowing;;2D
05.08.2025;12M;DEPOSIT;GBP;0,0413;LIBOR;12M;1Y;;;;1Y;Act360;Act360;;ModifiedFollowing;ModifiedFollowing;;2D
05.08.2025;10Y;OIS;EUR;0,02497;EONIA;1D;1Y;;;;1Y;Act360;Act360;;ModifiedFollowing;ModifiedFollowing;;2D
05.08.2025;5Mx11M;FRA;EUR;0,01943;EURIBOR;3M;3M;;;;3M;Act360;Act360;;ModifiedFollowing;ModifiedFollowing;;2D
05.08.2025;25Y;OIS;USD;0,03923;SOFR;1D;1Y;;;;1Y;Act360;Act360;;ModifiedFollowing;ModifiedFollowing;;2D
05.08.2025;5M;IRS;EUR;0,01884;EURIBOR;1M;1M;;;;1Y;Act360;Act360;;ModifiedFollowing;ModifiedFollowing;;2D
05.08.2025;4Mx10M;FRA;EUR;0,01961;EURIBOR;3M;3M;;;;3M;Act360;Act360;;ModifiedFollowing;ModifiedFollowing;;2D
05.08.2025;9Y;OIS;EUR;0,024405;EONIA;1D;1Y;;;;1Y;Act360;Act360;;ModifiedFollowing;ModifiedFollowing;;2D
05.08.2025;20Y;OIS;USD;0,03926;SOFR;1D;1Y;;;;1Y;Act360;Act360;;ModifiedFollowing;ModifiedFollowing;;2D
05.08.2025;3Mx9M;FRA;EUR;0,01983;EURIBOR;3M;3M;;;;3M;Act360;Act360;;ModifiedFollowing;ModifiedFollowing;;2D
05.08.2025;6M;IRS;EUR;0,01871;EURIBOR;1M;1M;;;;1Y;Act360;Act360;;ModifiedFollowing;ModifiedFollowing;;2D
05.08.2025;15Y;OIS;USD;0,0384;SOFR;1D;1Y;;;;1Y;Act360;Act360;;ModifiedFollowing;ModifiedFollowing;;2D
05.08.2025;2Mx8M;FRA;EUR;0,02008;EURIBOR;3M;3M;;;;3M;Act360;Act360;;ModifiedFollowing;ModifiedFollowing;;2D
05.08.2025;8Y;OIS;EUR;0,023765;EONIA;1D;1Y;;;;1Y;Act360;Act360;;ModifiedFollowing;ModifiedFollowing;;2D
05.08.2025;7Y;OIS;EUR;0,023075;EONIA;1D;1Y;;;;1Y;Act360;Act360;;ModifiedFollowing;ModifiedFollowing;;2D
05.08.2025;1Mx7M;FRA;EUR;0,02033;EURIBOR;3M;3M;;;;3M;Act360;Act360;;ModifiedFollowing;ModifiedFollowing;;2D
05.08.2025;10M;OIS;USD;0,03853;SOFR;1D;1Y;;;;1Y;Act360;Act360;;ModifiedFollowing;ModifiedFollowing;;2D
05.08.2025;12Y;OIS;USD;0,03727;SOFR;1D;1Y;;;;1Y;Act360;Act360;;ModifiedFollowing;ModifiedFollowing;;2D
05.08.2025;8Mx11M;FRA;EUR;0,01834;EURIBOR;3M;3M;;;;3M;Act360;Act360;;ModifiedFollowing;ModifiedFollowing;;2D
05.08.2025;7M;OIS;USD;0,03978;SOFR;1D;7M;;;;7M;Act360;Act360;;ModifiedFollowing;ModifiedFollowing;;2D
05.08.2025;6Y;OIS;EUR;0,022355;EONIA;1D;1Y;;;;1Y;Act360;Act360;;ModifiedFollowing;ModifiedFollowing;;2D
05.08.2025;7M;IRS;EUR;0,0186;EURIBOR;1M;1M;;;;1Y;Act360;Act360;;ModifiedFollowing;ModifiedFollowing;;2D
05.08.2025;10Y;OIS;USD;0,03626;SOFR;1D;1Y;;;;1Y;Act360;Act360;;ModifiedFollowing;ModifiedFollowing;;2D
05.08.2025;7Mx10M;FRA;EUR;0,018349;EURIBOR;3M;3M;;;;3M;Act360;Act360;;ModifiedFollowing;ModifiedFollowing;;2D
05.08.2025;5M;OIS;EUR;0,01965;EONIA;1D;5M;;;;5M;Act360;Act360;;ModifiedFollowing;ModifiedFollowing;;2D
05.08.2025;6Mx9M;FRA;EUR;0,0185;EURIBOR;3M;3M;;;;3M;Act360;Act360;;ModifiedFollowing;ModifiedFollowing;;2D
05.08.2025;5Y;OIS;EUR;0,021585;EONIA;1D;1Y;;;;1Y;Act360;Act360;;ModifiedFollowing;ModifiedFollowing;;2D
05.08.2025;5Mx8M;FRA;EUR;0,01873;EURIBOR;3M;3M;;;;3M;Act360;Act360;;ModifiedFollowing;ModifiedFollowing;;2D
05.08.2025;9Y;OIS;USD;0,03569;SOFR;1D;1Y;;;;1Y;Act360;Act360;;ModifiedFollowing;ModifiedFollowing;;2D
05.08.2025;4Mx7M;FRA;EUR;0,01895;EURIBOR;3M;3M;;;;3M;Act360;Act360;;ModifiedFollowing;ModifiedFollowing;;2D
05.08.2025;8M;IRS;EUR;0,0185;EURIBOR;1M;1M;;;;1Y;Act360;Act360;;ModifiedFollowing;ModifiedFollowing;;2D
05.08.2025;4Y;OIS;EUR;0,020765;EONIA;1D;1Y;;;;1Y;Act360;Act360;;ModifiedFollowing;ModifiedFollowing;;2D
05.08.2025;8Y;OIS;USD;0,03512;SOFR;1D;1Y;;;;1Y;Act360;Act360;;ModifiedFollowing;ModifiedFollowing;;2D
05.08.2025;3Mx6M;FRA;EUR;0,01924;EURIBOR;3M;3M;;;;3M;Act360;Act360;;ModifiedFollowing;ModifiedFollowing;;2D
05.08.2025;2Mx5M;FRA;EUR;0,01956;EURIBOR;3M;3M;;;;3M;Act360;Act360;;ModifiedFollowing;ModifiedFollowing;;2D
05.08.2025;3Y;OIS;EUR;0,01983;EONIA;1D;1Y;;;;1Y;Act360;Act360;;ModifiedFollowing;ModifiedFollowing;;2D
05.08.2025;7Y;OIS;USD;0,03453;SOFR;1D;1Y;;;;1Y;Act360;Act360;;ModifiedFollowing;ModifiedFollowing;;2D
05.08.2025;2M;OIS;USD;0,04264;SOFR;1D;2M;;;;2M;Act360;Act360;;ModifiedFollowing;ModifiedFollowing;;2D
05.08.2025;1Mx4M;FRA;EUR;0,01979;EURIBOR;3M;3M;;;;3M;Act360;Act360;;ModifiedFollowing;ModifiedFollowing;;2D
05.08.2025;9M;IRS;EUR;0,0184;EURIBOR;1M;1M;;;;1Y;Act360;Act360;;ModifiedFollowing;ModifiedFollowing;;2D
05.08.2025;6Y;OIS;USD;0,03394;SOFR;1D;1Y;;;;1Y;Act360;Act360;;ModifiedFollowing;ModifiedFollowing;;2D
05.08.2025;2Y;OIS;EUR;0,01896;EONIA;1D;1Y;;;;1Y;Act360;Act360;;ModifiedFollowing;ModifiedFollowing;;2D
05.08.2025;9M;OIS;USD;0,03895;SOFR;1D;9M;;;;9M;Act360;Act360;;ModifiedFollowing;ModifiedFollowing;;2D
05.08.2025;2M;OIS;EUR;0,02001;EONIA;1D;2M;;;;2M;Act360;Act360;;ModifiedFollowing;ModifiedFollowing;;2D
05.08.2025;5Y;OIS;USD;0,03345;SOFR;1D;1Y;;;;1Y;Act360;Act360;;ModifiedFollowing;ModifiedFollowing;;2D
05.08.2025;18M;OIS;EUR;0,0187;EONIA;1D;1Y;;;;1Y;Act360;Act360;;ModifiedFollowing;ModifiedFollowing;;2D
05.08.2025;10M;IRS;EUR;0,01832;EURIBOR;1M;1M;;;;1Y;Act360;Act360;;ModifiedFollowing;ModifiedFollowing;;2D
05.08.2025;1Y;OIS;EUR;0,01887;EONIA;1D;1Y;;;;1Y;Act360;Act360;;ModifiedFollowing;ModifiedFollowing;;2D
05.08.2025;4Y;OIS;USD;0,0332;SOFR;1D;1Y;;;;1Y;Act360;Act360;;ModifiedFollowing;ModifiedFollowing;;2D
05.08.2025;11M;OIS;EUR;0,01893;EONIA;1D;1Y;;;;1Y;Act360;Act360;;ModifiedFollowing;ModifiedFollowing;;2D
05.08.2025;7D;OIS;EUR;0,019255;EONIA;1D;7D;;;;7D;Act360;Act360;;ModifiedFollowing;ModifiedFollowing;;2D
05.08.2025;3Y;OIS;USD;0,03327;SOFR;1D;1Y;;;;1Y;Act360;Act360;;ModifiedFollowing;ModifiedFollowing;;2D
05.08.2025;8M;OIS;USD;0,03936;SOFR;1D;8M;;;;8M;Act360;Act360;;ModifiedFollowing;ModifiedFollowing;;2D
05.08.2025;6M;OIS;EUR;0,01948;EONIA;1D;6M;;;;6M;Act360;Act360;;ModifiedFollowing;ModifiedFollowing;;2D
05.08.2025;10M;OIS;EUR;0,01899;EONIA;1D;1Y;;;;1Y;Act360;Act360;;ModifiedFollowing;ModifiedFollowing;;2D
05.08.2025;11M;IRS;EUR;0,01826;EURIBOR;1M;1M;;;;1Y;Act360;Act360;;ModifiedFollowing;ModifiedFollowing;;2D
05.08.2025;2Y;OIS;USD;0,034231;SOFR;1D;1Y;;;;1Y;Act360;Act360;;ModifiedFollowing;ModifiedFollowing;;2D
05.08.2025;1M;OIS;USD;0,04325;SOFR;1D;1M;;;;1M;Act360;Act360;;ModifiedFollowing;ModifiedFollowing;;2D
05.08.2025;14D;OIS;EUR;0,02011;EONIA;1D;14D;;;;14D;Act360;Act360;;ModifiedFollowing;ModifiedFollowing;;2D
05.08.2025;9M;OIS;EUR;0,0191;EONIA;1D;9M;;;;9M;Act360;Act360;;ModifiedFollowing;ModifiedFollowing;;2D
05.08.2025;18M;OIS;USD;0,03542;SOFR;1D;1Y;;;;1Y;Act360;Act360;;ModifiedFollowing;ModifiedFollowing;;2D
05.08.2025;1M;OIS;EUR;0,0201;EONIA;1D;1M;;;;1M;Act360;Act360;;ModifiedFollowing;ModifiedFollowing;;2D
05.08.2025;8M;OIS;EUR;0,01922;EONIA;1D;8M;;;;8M;Act360;Act360;;ModifiedFollowing;ModifiedFollowing;;2D
05.08.2025;7D;OIS;USD;0,04318;SOFR;1D;7D;;;;7D;Act360;Act360;;ModifiedFollowing;ModifiedFollowing;;2D
05.08.2025;1Y;OIS;USD;0,03776;SOFR;1D;1Y;;;;1Y;Act360;Act360;;ModifiedFollowing;ModifiedFollowing;;2D
05.08.2025;3Mx6M;FRA;GBP;0,03893;LIBOR;3M;3M;;;;3M;Act360;Act360;;ModifiedFollowing;ModifiedFollowing;;2D
05.08.2025;4M;OIS;USD;0,04148;SOFR;1D;4M;;;;4M;Act360;Act360;;ModifiedFollowing;ModifiedFollowing;;2D
05.08.2025;10M;OIS;GBP;0,03786;SONIA;1D;1Y;;;;1Y;Act360;Act360;;ModifiedFollowing;ModifiedFollowing;;2D
05.08.2025;14D;OIS;USD;0,0432;SOFR;1D;14D;;;;14D;Act360;Act360;;ModifiedFollowing;ModifiedFollowing;;2D
05.08.2025;25Y;IRS;EUR;0,028025;EURIBOR;3M;3M;;;;1Y;Act360;Act360;;ModifiedFollowing;ModifiedFollowing;;2D
05.08.2025;9M;OIS;GBP;0,0381;SONIA;1D;9M;;;;9M;Act360;Act360;;ModifiedFollowing;ModifiedFollowing;;2D
05.08.2025;2Mx5M;FRA;GBP;0,03962;LIBOR;3M;3M;;;;3M;Act360;Act360;;ModifiedFollowing;ModifiedFollowing;;2D
05.08.2025;11M;OIS;GBP;0,03766;SONIA;1D;1Y;;;;1Y;Act360;Act360;;ModifiedFollowing;ModifiedFollowing;;2D
05.08.2025;20Y;IRS;EUR;0,0281;EURIBOR;3M;3M;;;;1Y;Act360;Act360;;ModifiedFollowing;ModifiedFollowing;;2D
05.08.2025;1Y;OIS;GBP;0,03749;SONIA;1D;1Y;;;;1Y;Act360;Act360;;ModifiedFollowing;ModifiedFollowing;;2D
05.08.2025;4Mx7M;FRA;GBP;0,03825;LIBOR;3M;3M;;;;3M;Act360;Act360;;ModifiedFollowing;ModifiedFollowing;;2D
05.08.2025;1Mx4M;FRA;GBP;0,04036;LIBOR;3M;3M;;;;3M;Act360;Act360;;ModifiedFollowing;ModifiedFollowing;;2D
05.08.2025;18M;OIS;GBP;0,03641;SONIA;1D;1Y;;;;1Y;Act360;Act360;;ModifiedFollowing;ModifiedFollowing;;2D
05.08.2025;8M;OIS;GBP;0,0383;SONIA;1D;8M;;;;8M;Act360;Act360;;ModifiedFollowing;ModifiedFollowing;;2D
05.08.2025;5Mx11M;FRA;USD;0,04009;LIBOR;3M;3M;;;;3M;Act360;Act360;;ModifiedFollowing;ModifiedFollowing;;2D
05.08.2025;15Y;IRS;EUR;0,027525;EURIBOR;3M;3M;;;;1Y;Act360;Act360;;ModifiedFollowing;ModifiedFollowing;;2D
05.08.2025;2Y;OIS;GBP;0,03606;SONIA;1D;1Y;;;;1Y;Act360;Act360;;ModifiedFollowing;ModifiedFollowing;;2D
05.08.2025;4Mx10M;FRA;USD;0,0409;LIBOR;3M;3M;;;;3M;Act360;Act360;;ModifiedFollowing;ModifiedFollowing;;2D
05.08.2025;3Y;OIS;GBP;0,03585;SONIA;1D;1Y;;;;1Y;Act360;Act360;;ModifiedFollowing;ModifiedFollowing;;2D
05.08.2025;5Mx8M;FRA;GBP;0,03762;LIBOR;3M;3M;;;;3M;Act360;Act360;;ModifiedFollowing;ModifiedFollowing;;2D
05.08.2025;30Y;IRS;EUR;0,02786;EURIBOR;3M;3M;;;;1Y;Act360;Act360;;ModifiedFollowing;ModifiedFollowing;;2D
04.08.2025;15Y;OIS;USD;0,0389;SOFR;1D;1Y;;;;1Y;Act360;Act360;;ModifiedFollowing;ModifiedFollowing;;2D
04.08.2025;8Y;IRS;EUR;0,025085;EURIBOR;3M;3M;;;;1Y;Act360;Act360;;ModifiedFollowing;ModifiedFollowing;;2D
04.08.2025;1Y;OIS;EUR;0,01899;EONIA;1D;1Y;;;;1Y;Act360;Act360;;ModifiedFollowing;ModifiedFollowing;;2D
04.08.2025;10Y;OIS;GBP;0,04039;SONIA;1D;1Y;;;;1Y;Act360;Act360;;ModifiedFollowing;ModifiedFollowing;;2D
04.08.2025;10M;IRS;EUR;0,01842;EURIBOR;1M;1M;;;;1Y;Act360;Act360;;ModifiedFollowing;ModifiedFollowing;;2D
04.08.2025;6M;OIS;GBP;0,03892;SONIA;1D;6M;;;;6M;Act360;Act360;;ModifiedFollowing;ModifiedFollowing;;2D
04.08.2025;6M;IRS;EUR;0,01876;EURIBOR;1M;1M;;;;1Y;Act360;Act360;;ModifiedFollowing;ModifiedFollowing;;2D
04.08.2025;4Y;OIS;USD;0,03354;SOFR;1D;1Y;;;;1Y;Act360;Act360;;ModifiedFollowing;ModifiedFollowing;;2D
04.08.2025;11M;OIS;GBP;0,0377;SONIA;1D;1Y;;;;1Y;Act360;Act360;;ModifiedFollowing;ModifiedFollowing;;2D
04.08.2025;3Mx9M;FRA;EUR;0,01996;EURIBOR;3M;3M;;;;3M;Act360;Act360;;ModifiedFollowing;ModifiedFollowing;;2D
04.08.2025;20Y;IRS;EUR;0,029065;EURIBOR;3M;3M;;;;1Y;Act360;Act360;;ModifiedFollowing;ModifiedFollowing;;2D
04.08.2025;9Y;OIS;EUR;0,025215;EONIA;1D;1Y;;;;1Y;Act360;Act360;;ModifiedFollowing;ModifiedFollowing;;2D
04.08.2025;6M;OIS;EUR;0,01955;EONIA;1D;6M;;;;6M;Act360;Act360;;ModifiedFollowing;ModifiedFollowing;;2D
04.08.2025;11M;OIS;EUR;0,01904;EONIA;1D;1Y;;;;1Y;Act360;Act360;;ModifiedFollowing;ModifiedFollowing;;2D
04.08.2025;50Y;IRS;EUR;0,028105;EURIBOR;3M;3M;;;;1Y;Act360;Act360;;ModifiedFollowing;ModifiedFollowing;;2D
04.08.2025;6M;OIS;USD;0,04041;SOFR;1D;6M;;;;6M;Act360;Act360;;ModifiedFollowing;ModifiedFollowing;;2D
04.08.2025;4Mx10M;FRA;EUR;0,01976;EURIBOR;3M;3M;;;;3M;Act360;Act360;;ModifiedFollowing;ModifiedFollowing;;2D
04.08.2025;8Mx11M;FRA;GBP;0,0362;LIBOR;3M;3M;;;;3M;Act360;Act360;;ModifiedFollowing;ModifiedFollowing;;2D
04.08.2025;20Y;OIS;USD;0,03982;SOFR;1D;1Y;;;;1Y;Act360;Act360;;ModifiedFollowing;ModifiedFollowing;;2D
04.08.2025;5M;IRS;EUR;0,01888;EURIBOR;1M;1M;;;;1Y;Act360;Act360;;ModifiedFollowing;ModifiedFollowing;;2D
04.08.2025;6Mx9M;FRA;USD;0,04022;LIBOR;3M;3M;;;;3M;Act360;Act360;;ModifiedFollowing;ModifiedFollowing;;2D
04.08.2025;25Y;OIS;USD;0,03986;SOFR;1D;1Y;;;;1Y;Act360;Act360;;ModifiedFollowing;ModifiedFollowing;;2D
04.08.2025;5Mx11M;FRA;EUR;0,01965;EURIBOR;3M;3M;;;;3M;Act360;Act360;;ModifiedFollowing;ModifiedFollowing;;2D
04.08.2025;9Y;OIS;GBP;0,03969;SONIA;1D;1Y;;;;1Y;Act360;Act360;;ModifiedFollowing;ModifiedFollowing;;2D
04.08.2025;10Y;OIS;EUR;0,0258;EONIA;1D;1Y;;;;1Y;Act360;Act360;;ModifiedFollowing;ModifiedFollowing;;2D
04.08.2025;12M;DEPOSIT;GBP;0,0414;LIBOR;12M;1Y;;;;1Y;Act360;Act360;;ModifiedFollowing;ModifiedFollowing;;2D
04.08.2025;6Mx9M;FRA;GBP;0,03715;LIBOR;3M;3M;;;;3M;Act360;Act360;;ModifiedFollowing;ModifiedFollowing;;2D
04.08.2025;7D;OIS;EUR;0,019225;EONIA;1D;7D;;;;7D;Act360;Act360;;ModifiedFollowing;ModifiedFollowing;;2D
04.08.2025;1Mx13M;FRA;EUR;0,02112;EURIBOR;3M;3M;;;;3M;Act360;Act360;;ModifiedFollowing;ModifiedFollowing;;2D
04.08.2025;3Y;OIS;USD;0,03356;SOFR;1D;1Y;;;;1Y;Act360;Act360;;ModifiedFollowing;ModifiedFollowing;;2D
04.08.2025;1Mx4M;FRA;GBP;0,0404;LIBOR;3M;3M;;;;3M;Act360;Act360;;ModifiedFollowing;ModifiedFollowing;;2D
04.08.2025;6M;DEPOSIT;GBP;0,0417;LIBOR;6M;6M;;;;6M;Act360;Act360;;ModifiedFollowing;ModifiedFollowing;;2D
04.08.2025;4M;OIS;GBP;0,03946;SONIA;1D;4M;;;;4M;Act360;Act360;;ModifiedFollowing;ModifiedFollowing;;2D
04.08.2025;30Y;OIS;USD;0,03947;SOFR;1D;1Y;;;;1Y;Act360;Act360;;ModifiedFollowing;ModifiedFollowing;;2D
04.08.2025;15Y;OIS;EUR;0,0279;EONIA;1D;1Y;;;;1Y;Act360;Act360;;ModifiedFollowing;ModifiedFollowing;;2D
04.08.2025;2Mx14M;FRA;EUR;0,02101;EURIBOR;3M;3M;;;;3M;Act360;Act360;;ModifiedFollowing;ModifiedFollowing;;2D
04.08.2025;4M;IRS;EUR;0,01896;EURIBOR;1M;1M;;;;1Y;Act360;Act360;;ModifiedFollowing;ModifiedFollowing;;2D
04.08.2025;5Y;OIS;GBP;0,03691;SONIA;1D;1Y;;;;1Y;Act360;Act360;;ModifiedFollowing;ModifiedFollowing;;2D
04.08.2025;4Mx7M;FRA;GBP;0,03822;LIBOR;3M;3M;;;;3M;Act360;Act360;;ModifiedFollowing;ModifiedFollowing;;2D
04.08.2025;10M;OIS;EUR;0,0191;EONIA;1D;1Y;;;;1Y;Act360;Act360;;ModifiedFollowing;ModifiedFollowing;;2D
04.08.2025;7Mx10M;FRA;USD;0,03811;LIBOR;3M;3M;;;;3M;Act360;Act360;;ModifiedFollowing;ModifiedFollowing;;2D
04.08.2025;3M;DEPOSIT;GBP;0,0414;LIBOR;3M;3M;;;;3M;Act360;Act360;;ModifiedFollowing;ModifiedFollowing;;2D
04.08.2025;3Mx15M;FRA;EUR;0,02086;EURIBOR;3M;3M;;;;3M;Act360;Act360;;ModifiedFollowing;ModifiedFollowing;;2D
04.08.2025;20Y;OIS;EUR;0,02854;EONIA;1D;1Y;;;;1Y;Act360;Act360;;ModifiedFollowing;ModifiedFollowing;;2D
04.08.2025;1M;DEPOSIT;GBP;0,0412;LIBOR;1M;1M;;;;1M;Act360;Act360;;ModifiedFollowing;ModifiedFollowing;;2D
04.08.2025;35Y;OIS;USD;0,03878;SOFR;1D;1Y;;;;1Y;Act360;Act360;;ModifiedFollowing;ModifiedFollowing;;2D
04.08.2025;1Y;OIS;GBP;0,03755;SONIA;1D;1Y;;;;1Y;Act360;Act360;;ModifiedFollowing;ModifiedFollowing;;2D
04.08.2025;4Mx16M;FRA;EUR;0,02078;EURIBOR;3M;3M;;;;3M;Act360;Act360;;ModifiedFollowing;ModifiedFollowing;;2D
04.08.2025;12M;DEPOSIT;USD;0,04165;LIBOR;12M;1Y;;;;1Y;Act360;Act360;;ModifiedFollowing;ModifiedFollowing;;2D
04.08.2025;6M;DEPOSIT;USD;0,0431;LIBOR;6M;6M;;;;6M;Act360;Act360;;ModifiedFollowing;ModifiedFollowing;;2D
04.08.2025;2Mx8M;FRA;USD;0,0429;LIBOR;3M;3M;;;;3M;Act360;Act360;;ModifiedFollowing;ModifiedFollowing;;2D
04.08.2025;11M;IRS;EUR;0,01838;EURIBOR;1M;1M;;;;1Y;Act360;Act360;;ModifiedFollowing;ModifiedFollowing;;2D
04.08.2025;3M;OIS;USD;0,0422;SOFR;1D;3M;;;;3M;Act360;Act360;;ModifiedFollowing;ModifiedFollowing;;2D
04.08.2025;7M;OIS;EUR;0,01943;EONIA;1D;7M;;;;7M;Act360;Act360;;ModifiedFollowing;ModifiedFollowing;;2D
04.08.2025;5Mx17M;FRA;EUR;0,02075;EURIBOR;3M;3M;;;;3M;Act360;Act360;;ModifiedFollowing;ModifiedFollowing;;2D
04.08.2025;30Y;OIS;EUR;0,02839;EONIA;1D;1Y;;;;1Y;Act360;Act360;;ModifiedFollowing;ModifiedFollowing;;2D
04.08.2025;2Y;OIS;USD;0,034482;SOFR;1D;1Y;;;;1Y;Act360;Act360;;ModifiedFollowing;ModifiedFollowing;;2D
04.08.2025;11Y;IRS;EUR;0,026915;EURIBOR;3M;3M;;;;1Y;Act360;Act360;;ModifiedFollowing;ModifiedFollowing;;2D
04.08.2025;1Y;IRS;EUR;0,01955;EURIBOR;3M;3M;;;;1Y;Act360;Act360;;ModifiedFollowing;ModifiedFollowing;;2D
04.08.2025;40Y;OIS;USD;0,03813;SOFR;1D;1Y;;;;1Y;Act360;Act360;;ModifiedFollowing;ModifiedFollowing;;2D
04.08.2025;9Y;IRS;EUR;0,02576;EURIBOR;3M;3M;;;;1Y;Act360;Act360;;ModifiedFollowing;ModifiedFollowing;;2D
04.08.2025;3M;DEPOSIT;USD;0,0436;LIBOR;3M;3M;;;;3M;Act360;Act360;;ModifiedFollowing;ModifiedFollowing;;2D
04.08.2025;8Y;OIS;GBP;0,03895;SONIA;1D;1Y;;;;1Y;Act360;Act360;;ModifiedFollowing;ModifiedFollowing;;2D
04.08.2025;14D;OIS;EUR;0,0200875;EONIA;1D;14D;;;;14D;Act360;Act360;;ModifiedFollowing;ModifiedFollowing;;2D
04.08.2025;3M;IRS;EUR;0,019;EURIBOR;1M;1M;;;;1Y;Act360;Act360;;ModifiedFollowing;ModifiedFollowing;;2D
04.08.2025;6Mx18M;FRA;EUR;0,02076;EURIBOR;3M;3M;;;;3M;Act360;Act360;;ModifiedFollowing;ModifiedFollowing;;2D
04.08.2025;9M;OIS;EUR;0,01919;EONIA;1D;9M;;;;9M;Act360;Act360;;ModifiedFollowing;ModifiedFollowing;;2D
04.08.2025;4Y;OIS;GBP;0,03639;SONIA;1D;1Y;;;;1Y;Act360;Act360;;ModifiedFollowing;ModifiedFollowing;;2D
04.08.2025;1M;OIS;USD;0,04323;SOFR;1D;1M;;;;1M;Act360;Act360;;ModifiedFollowing;ModifiedFollowing;;2D
04.08.2025;1M;DEPOSIT;USD;0,04345;LIBOR;1M;1M;;;;1M;Act360;Act360;;ModifiedFollowing;ModifiedFollowing;;2D
04.08.2025;40Y;IRS;EUR;0,028515;EURIBOR;3M;3M;;;;1Y;Act360;Act360;;ModifiedFollowing;ModifiedFollowing;;2D
04.08.2025;5Mx11M;FRA;GBP;0,03862;LIBOR;3M;3M;;;;3M;Act360;Act360;;ModifiedFollowing;ModifiedFollowing;;2D
04.08.2025;7Mx19M;FRA;EUR;0,02081;EURIBOR;3M;3M;;;;3M;Act360;Act360;;ModifiedFollowing;ModifiedFollowing;;2D
04.08.2025;2Y;IRS;EUR;0,01985;EURIBOR;3M;3M;;;;1Y;Act360;Act360;;ModifiedFollowing;ModifiedFollowing;;2D
04.08.2025;30Y;IRS;EUR;0,028855;EURIBOR;3M;3M;;;;1Y;Act360;Act360;;ModifiedFollowing;ModifiedFollowing;;2D
04.08.2025;50Y;OIS;USD;0,03682;SOFR;1D;1Y;;;;1Y;Act360;Act360;;ModifiedFollowing;ModifiedFollowing;;2D
04.08.2025;18M;OIS;GBP;0,03649;SONIA;1D;1Y;;;;1Y;Act360;Act360;;ModifiedFollowing;ModifiedFollowing;;2D
04.08.2025;12M;DEPOSIT;EUR;0,0216;EURIBOR;12M;1Y;;;;1Y;Act360;Act360;;ModifiedFollowing;ModifiedFollowing;;2D
04.08.2025;8Mx20M;FRA;EUR;0,02092;EURIBOR;3M;3M;;;;3M;Act360;Act360;;ModifiedFollowing;ModifiedFollowing;;2D
04.08.2025;6M;DEPOSIT;EUR;0,0187;EURIBOR;6M;6M;;;;6M;Act360;Act360;;ModifiedFollowing;ModifiedFollowing;;2D
04.08.2025;8M;OIS;USD;0,03951;SOFR;1D;8M;;;;8M;Act360;Act360;;ModifiedFollowing;ModifiedFollowing;;2D
04.08.2025;9Mx21M;FRA;EUR;0,02106;EURIBOR;3M;3M;;;;3M;Act360;Act360;;ModifiedFollowing;ModifiedFollowing;;2D
04.08.2025;4Mx10M;FRA;GBP;0,03915;LIBOR;3M;3M;;;;3M;Act360;Act360;;ModifiedFollowing;ModifiedFollowing;;2D
04.08.2025;3Y;IRS;EUR;0,02087;EURIBOR;3M;3M;;;;1Y;Act360;Act360;;ModifiedFollowing;ModifiedFollowing;;2D
04.08.2025;7Mx10M;FRA;GBP;0,0366;LIBOR;3M;3M;;;;3M;Act360;Act360;;ModifiedFollowing;ModifiedFollowing;;2D
04.08.2025;5Mx8M;FRA;GBP;0,03754;LIBOR;3M;3M;;;;3M;Act360;Act360;;ModifiedFollowing;ModifiedFollowing;;2D
04.08.2025;18M;OIS;USD;0,03563;SOFR;1D;1Y;;;;1Y;Act360;Act360;;ModifiedFollowing;ModifiedFollowing;;2D
04.08.2025;8M;OIS;GBP;0,03834;SONIA;1D;8M;;;;8M;Act360;Act360;;ModifiedFollowing;ModifiedFollowing;;2D
04.08.2025;7D;OIS;GBP;0,04081;SONIA;1D;7D;;;;7D;Act360;Act360;;ModifiedFollowing;ModifiedFollowing;;2D
04.08.2025;3M;DEPOSIT;EUR;0,0218;EURIBOR;3M;3M;;;;3M;Act360;Act360;;ModifiedFollowing;ModifiedFollowing;;2D
04.08.2025;2M;IRS;EUR;0,01896;EURIBOR;1M;1M;;;;1Y;Act360;Act360;;ModifiedFollowing;ModifiedFollowing;;2D
04.08.2025;10Mx22M;FRA;EUR;0,02123;EURIBOR;3M;3M;;;;3M;Act360;Act360;;ModifiedFollowing;ModifiedFollowing;;2D
04.08.2025;3Y;OIS;GBP;0,03607;SONIA;1D;1Y;;;;1Y;Act360;Act360;;ModifiedFollowing;ModifiedFollowing;;2D
04.08.2025;1M;OIS;EUR;0,02009;EONIA;1D;1M;;;;1M;Act360;Act360;;ModifiedFollowing;ModifiedFollowing;;2D
04.08.2025;8M;OIS;EUR;0,0193;EONIA;1D;8M;;;;8M;Act360;Act360;;ModifiedFollowing;ModifiedFollowing;;2D
04.08.2025;8Mx11M;FRA;USD;0,03747;LIBOR;3M;3M;;;;3M;Act360;Act360;;ModifiedFollowing;ModifiedFollowing;;2D
04.08.2025;1M;DEPOSIT;EUR;0,01995;EURIBOR;1M;1M;;;;1M;Act360;Act360;;ModifiedFollowing;ModifiedFollowing;;2D
04.08.2025;14D;OIS;GBP;0,0403;SONIA;1D;14D;;;;14D;Act360;Act360;;ModifiedFollowing;ModifiedFollowing;;2D
04.08.2025;7Y;OIS;GBP;0,03822;SONIA;1D;1Y;;;;1Y;Act360;Act360;;ModifiedFollowing;ModifiedFollowing;;2D
04.08.2025;7D;OIS;USD;0,04316;SOFR;1D;7D;;;;7D;Act360;Act360;;ModifiedFollowing;ModifiedFollowing;;2D
04.08.2025;4M;OIS;USD;0,04159;SOFR;1D;4M;;;;4M;Act360;Act360;;ModifiedFollowing;ModifiedFollowing;;2D
04.08.2025;4Y;IRS;EUR;0,02188;EURIBOR;3M;3M;;;;1Y;Act360;Act360;;ModifiedFollowing;ModifiedFollowing;;2D
04.08.2025;1Y;OIS;USD;0,03795;SOFR;1D;1Y;;;;1Y;Act360;Act360;;ModifiedFollowing;ModifiedFollowing;;2D
04.08.2025;50Y;OIS;GBP;0,0436;SONIA;1D;1Y;;;;1Y;Act360;Act360;;ModifiedFollowing;ModifiedFollowing;;2D
04.08.2025;3Mx9M;FRA;GBP;0,03973;LIBOR;3M;3M;;;;3M;Act360;Act360;;ModifiedFollowing;ModifiedFollowing;;2D
04.08.2025;11Mx23M;FRA;EUR;0,0214;EURIBOR;3M;3M;;;;3M;Act360;Act360;;ModifiedFollowing;ModifiedFollowing;;2D
04.08.2025;3M;OIS;EUR;0,01996;EONIA;1D;3M;;;;3M;Act360;Act360;;ModifiedFollowing;ModifiedFollowing;;2D
04.08.2025;15Y;IRS;EUR;0,028455;EURIBOR;3M;3M;;;;1Y;Act360;Act360;;ModifiedFollowing;ModifiedFollowing;;2D
04.08.2025;5Mx11M;FRA;USD;0,04038;LIBOR;3M;3M;;;;3M;Act360;Act360;;ModifiedFollowing;ModifiedFollowing;;2D
04.08.2025;3Mx9M;FRA;USD;0,04196;LIBOR;3M;3M;;;;3M;Act360;Act360;;ModifiedFollowing;ModifiedFollowing;;2D
04.08.2025;5M;OIS;GBP;0,03915;SONIA;1D;5M;;;;5M;Act360;Act360;;ModifiedFollowing;ModifiedFollowing;;2D
04.08.2025;40Y;OIS;GBP;0,04462;SONIA;1D;1Y;;;;1Y;Act360;Act360;;ModifiedFollowing;ModifiedFollowing;;2D
04.08.2025;1Mx4M;FRA;USD;0,04401;LIBOR;3M;3M;;;;3M;Act360;Act360;;ModifiedFollowing;ModifiedFollowing;;2D
04.08.2025;10Y;IRS;EUR;0,02637;EURIBOR;3M;3M;;;;1Y;Act360;Act360;;ModifiedFollowing;ModifiedFollowing;;2D
04.08.2025;5Y;IRS;EUR;0,0228;EURIBOR;3M;3M;;;;1Y;Act360;Act360;;ModifiedFollowing;ModifiedFollowing;;2D
04.08.2025;1M;OIS;GBP;0,04005;SONIA;1D;1M;;;;1M;Act360;Act360;;ModifiedFollowing;ModifiedFollowing;;2D
04.08.2025;11M;OIS;USD;0,03835;SOFR;1D;1Y;;;;1Y;Act360;Act360;;ModifiedFollowing;ModifiedFollowing;;2D
04.08.2025;30Y;OIS;GBP;0,0453;SONIA;1D;1Y;;;;1Y;Act360;Act360;;ModifiedFollowing;ModifiedFollowing;;2D
04.08.2025;60Y;IRS;EUR;0,02761;EURIBOR;3M;3M;;;;1Y;Act360;Act360;;ModifiedFollowing;ModifiedFollowing;;2D
04.08.2025;2Mx8M;FRA;GBP;0,0404;LIBOR;3M;3M;;;;3M;Act360;Act360;;ModifiedFollowing;ModifiedFollowing;;2D
04.08.2025;2Mx5M;FRA;USD;0,04272;LIBOR;3M;3M;;;;3M;Act360;Act360;;ModifiedFollowing;ModifiedFollowing;;2D
04.08.2025;25Y;OIS;GBP;0,04526;SONIA;1D;1Y;;;;1Y;Act360;Act360;;ModifiedFollowing;ModifiedFollowing;;2D
04.08.2025;3Mx6M;FRA;USD;0,04262;LIBOR;3M;3M;;;;3M;Act360;Act360;;ModifiedFollowing;ModifiedFollowing;;2D
04.08.2025;6Y;OIS;GBP;0,03753;SONIA;1D;1Y;;;;1Y;Act360;Act360;;ModifiedFollowing;ModifiedFollowing;;2D
04.08.2025;5M;OIS;USD;0,04094;SOFR;1D;5M;;;;5M;Act360;Act360;;ModifiedFollowing;ModifiedFollowing;;2D
04.08.2025;2M;OIS;GBP;0,03989;SONIA;1D;2M;;;;2M;Act360;Act360;;ModifiedFollowing;ModifiedFollowing;;2D
04.08.2025;3Mx6M;FRA;GBP;0,03891;LIBOR;3M;3M;;;;3M;Act360;Act360;;ModifiedFollowing;ModifiedFollowing;;2D
04.08.2025;1Mx7M;FRA;USD;0,04408;LIBOR;3M;3M;;;;3M;Act360;Act360;;ModifiedFollowing;ModifiedFollowing;;2D
04.08.2025;2M;OIS;USD;0,04273;SOFR;1D;2M;;;;2M;Act360;Act360;;ModifiedFollowing;ModifiedFollowing;;2D
04.08.2025;2Mx5M;FRA;EUR;0,01985;EURIBOR;3M;3M;;;;3M;Act360;Act360;;ModifiedFollowing;ModifiedFollowing;;2D
04.08.2025;7Y;OIS;USD;0,03497;SOFR;1D;1Y;;;;1Y;Act360;Act360;;ModifiedFollowing;ModifiedFollowing;;2D
04.08.2025;6Y;IRS;EUR;0,02361;EURIBOR;3M;3M;;;;1Y;Act360;Act360;;ModifiedFollowing;ModifiedFollowing;;2D
04.08.2025;3Y;OIS;EUR;0,02021;EONIA;1D;1Y;;;;1Y;Act360;Act360;;ModifiedFollowing;ModifiedFollowing;;2D
04.08.2025;20Y;OIS;GBP;0,04468;SONIA;1D;1Y;;;;1Y;Act360;Act360;;ModifiedFollowing;ModifiedFollowing;;2D
04.08.2025;1Mx4M;FRA;EUR;0,01985;EURIBOR;3M;3M;;;;3M;Act360;Act360;;ModifiedFollowing;ModifiedFollowing;;2D
04.08.2025;3Mx6M;FRA;EUR;0,01935;EURIBOR;3M;3M;;;;3M;Act360;Act360;;ModifiedFollowing;ModifiedFollowing;;2D
04.08.2025;8Y;OIS;USD;0,03562;SOFR;1D;1Y;;;;1Y;Act360;Act360;;ModifiedFollowing;ModifiedFollowing;;2D
04.08.2025;4Y;OIS;EUR;0,021245;EONIA;1D;1Y;;;;1Y;Act360;Act360;;ModifiedFollowing;ModifiedFollowing;;2D
04.08.2025;9M;IRS;EUR;0,01849;EURIBOR;1M;1M;;;;1Y;Act360;Act360;;ModifiedFollowing;ModifiedFollowing;;2D
04.08.2025;15Y;OIS;GBP;0,04322;SONIA;1D;1Y;;;;1Y;Act360;Act360;;ModifiedFollowing;ModifiedFollowing;;2D
04.08.2025;6Y;OIS;USD;0,03435;SOFR;1D;1Y;;;;1Y;Act360;Act360;;ModifiedFollowing;ModifiedFollowing;;2D
04.08.2025;10M;OIS;GBP;0,0379;SONIA;1D;1Y;;;;1Y;Act360;Act360;;ModifiedFollowing;ModifiedFollowing;;2D
04.08.2025;8M;IRS;EUR;0,01857;EURIBOR;1M;1M;;;;1Y;Act360;Act360;;ModifiedFollowing;ModifiedFollowing;;2D
04.08.2025;4Mx7M;FRA;USD;0,04031;LIBOR;3M;3M;;;;3M;Act360;Act360;;ModifiedFollowing;ModifiedFollowing;;2D
04.08.2025;2M;OIS;EUR;0,02003;EONIA;1D;2M;;;;2M;Act360;Act360;;ModifiedFollowing;ModifiedFollowing;;2D
04.08.2025;4Mx7M;FRA;EUR;0,01907;EURIBOR;3M;3M;;;;3M;Act360;Act360;;ModifiedFollowing;ModifiedFollowing;;2D
04.08.2025;2Y;OIS;EUR;0,01922;EONIA;1D;1Y;;;;1Y;Act360;Act360;;ModifiedFollowing;ModifiedFollowing;;2D
04.08.2025;9Y;OIS;USD;0,03622;SOFR;1D;1Y;;;;1Y;Act360;Act360;;ModifiedFollowing;ModifiedFollowing;;2D
04.08.2025;1Mx7M;FRA;GBP;0,0411;LIBOR;3M;3M;;;;3M;Act360;Act360;;ModifiedFollowing;ModifiedFollowing;;2D
04.08.2025;7Y;IRS;EUR;0,02436;EURIBOR;3M;3M;;;;1Y;Act360;Act360;;ModifiedFollowing;ModifiedFollowing;;2D
04.08.2025;7M;OIS;GBP;0,03863;SONIA;1D;7M;;;;7M;Act360;Act360;;ModifiedFollowing;ModifiedFollowing;;2D
04.08.2025;5Mx8M;FRA;EUR;0,01885;EURIBOR;3M;3M;;;;3M;Act360;Act360;;ModifiedFollowing;ModifiedFollowing;;2D
04.08.2025;5Y;OIS;EUR;0,02216;EONIA;1D;1Y;;;;1Y;Act360;Act360;;ModifiedFollowing;ModifiedFollowing;;2D
04.08.2025;25Y;IRS;EUR;0,029;EURIBOR;3M;3M;;;;1Y;Act360;Act360;;ModifiedFollowing;ModifiedFollowing;;2D
04.08.2025;12Y;OIS;GBP;0,04169;SONIA;1D;1Y;;;;1Y;Act360;Act360;;ModifiedFollowing;ModifiedFollowing;;2D
04.08.2025;6Mx9M;FRA;EUR;0,01868;EURIBOR;3M;3M;;;;3M;Act360;Act360;;ModifiedFollowing;ModifiedFollowing;;2D
04.08.2025;2Y;OIS;GBP;0,03619;SONIA;1D;1Y;;;;1Y;Act360;Act360;;ModifiedFollowing;ModifiedFollowing;;2D
04.08.2025;7Mx10M;FRA;EUR;0,01859;EURIBOR;3M;3M;;;;3M;Act360;Act360;;ModifiedFollowing;ModifiedFollowing;;2D
04.08.2025;9M;OIS;GBP;0,03813;SONIA;1D;9M;;;;9M;Act360;Act360;;ModifiedFollowing;ModifiedFollowing;;2D
04.08.2025;10Y;OIS;USD;0,03678;SOFR;1D;1Y;;;;1Y;Act360;Act360;;ModifiedFollowing;ModifiedFollowing;;2D
04.08.2025;7M;OIS;USD;0,03995;SOFR;1D;7M;;;;7M;Act360;Act360;;ModifiedFollowing;ModifiedFollowing;;2D
04.08.2025;7M;IRS;EUR;0,01867;EURIBOR;1M;1M;;;;1Y;Act360;Act360;;ModifiedFollowing;ModifiedFollowing;;2D
04.08.2025;6Y;OIS;EUR;0,023015;EONIA;1D;1Y;;;;1Y;Act360;Act360;;ModifiedFollowing;ModifiedFollowing;;2D
04.08.2025;5Y;OIS;USD;0,03383;SOFR;1D;1Y;;;;1Y;Act360;Act360;;ModifiedFollowing;ModifiedFollowing;;2D
04.08.2025;4Mx10M;FRA;USD;0,04108;LIBOR;3M;3M;;;;3M;Act360;Act360;;ModifiedFollowing;ModifiedFollowing;;2D
04.08.2025;9M;OIS;USD;0,03912;SOFR;1D;9M;;;;9M;Act360;Act360;;ModifiedFollowing;ModifiedFollowing;;2D
04.08.2025;8Mx11M;FRA;EUR;0,01857;EURIBOR;3M;3M;;;;3M;Act360;Act360;;ModifiedFollowing;ModifiedFollowing;;2D
04.08.2025;3M;OIS;GBP;0,03983;SONIA;1D;3M;;;;3M;Act360;Act360;;ModifiedFollowing;ModifiedFollowing;;2D
04.08.2025;5Mx8M;FRA;USD;0,03967;LIBOR;3M;3M;;;;3M;Act360;Act360;;ModifiedFollowing;ModifiedFollowing;;2D
04.08.2025;18M;OIS;EUR;0,0189;EONIA;1D;1Y;;;;1Y;Act360;Act360;;ModifiedFollowing;ModifiedFollowing;;2D
04.08.2025;14D;OIS;USD;0,04318;SOFR;1D;14D;;;;14D;Act360;Act360;;ModifiedFollowing;ModifiedFollowing;;2D
04.08.2025;12Y;OIS;USD;0,03775;SOFR;1D;1Y;;;;1Y;Act360;Act360;;ModifiedFollowing;ModifiedFollowing;;2D
04.08.2025;5M;OIS;EUR;0,0197;EONIA;1D;5M;;;;5M;Act360;Act360;;ModifiedFollowing;ModifiedFollowing;;2D
04.08.2025;1Mx7M;FRA;EUR;0,02044;EURIBOR;3M;3M;;;;3M;Act360;Act360;;ModifiedFollowing;ModifiedFollowing;;2D
04.08.2025;7Y;OIS;EUR;0,023795;EONIA;1D;1Y;;;;1Y;Act360;Act360;;ModifiedFollowing;ModifiedFollowing;;2D
04.08.2025;2Mx5M;FRA;GBP;0,03962;LIBOR;3M;3M;;;;3M;Act360;Act360;;ModifiedFollowing;ModifiedFollowing;;2D
04.08.2025;12Y;IRS;EUR;0,027405;EURIBOR;3M;3M;;;;1Y;Act360;Act360;;ModifiedFollowing;ModifiedFollowing;;2D
04.08.2025;10M;OIS;USD;0,03869;SOFR;1D;1Y;;;;1Y;Act360;Act360;;ModifiedFollowing;ModifiedFollowing;;2D
04.08.2025;8Y;OIS;EUR;0,0245;EONIA;1D;1Y;;;;1Y;Act360;Act360;;ModifiedFollowing;ModifiedFollowing;;2D
04.08.2025;4M;OIS;EUR;0,01983;EONIA;1D;4M;;;;4M;Act360;Act360;;ModifiedFollowing;ModifiedFollowing;;2D
04.08.2025;2Mx8M;FRA;EUR;0,0202;EURIBOR;3M;3M;;;;3M;Act360;Act360;;ModifiedFollowing;ModifiedFollowing;;2D
01.08.2025;8M;OIS;USD;0,04143;SOFR;1D;8M;;;;8M;Act360;Act360;;ModifiedFollowing;ModifiedFollowing;;2D
01.08.2025;2M;OIS;EUR;0,02005;EONIA;1D;2M;;;;2M;Act360;Act360;;ModifiedFollowing;ModifiedFollowing;;2D
01.08.2025;1Mx4M;FRA;EUR;0,01998;EURIBOR;3M;3M;;;;3M;Act360;Act360;;ModifiedFollowing;ModifiedFollowing;;2D
01.08.2025;2Mx5M;FRA;EUR;0,01978;EURIBOR;3M;3M;;;;3M;Act360;Act360;;ModifiedFollowing;ModifiedFollowing;;2D
01.08.2025;3Mx6M;FRA;EUR;0,019547;EURIBOR;3M;3M;;;;3M;Act360;Act360;;ModifiedFollowing;ModifiedFollowing;;2D
01.08.2025;4Mx7M;FRA;EUR;0,01934;EURIBOR;3M;3M;;;;3M;Act360;Act360;;ModifiedFollowing;ModifiedFollowing;;2D
01.08.2025;5Mx8M;FRA;EUR;0,01916;EURIBOR;3M;3M;;;;3M;Act360;Act360;;ModifiedFollowing;ModifiedFollowing;;2D
01.08.2025;6Mx9M;FRA;EUR;0,01904;EURIBOR;3M;3M;;;;3M;Act360;Act360;;ModifiedFollowing;ModifiedFollowing;;2D
01.08.2025;7Mx10M;FRA;EUR;0,01896;EURIBOR;3M;3M;;;;3M;Act360;Act360;;ModifiedFollowing;ModifiedFollowing;;2D
01.08.2025;8Mx11M;FRA;EUR;0,01894;EURIBOR;3M;3M;;;;3M;Act360;Act360;;ModifiedFollowing;ModifiedFollowing;;2D
01.08.2025;1Mx7M;FRA;EUR;0,02065;EURIBOR;3M;3M;;;;3M;Act360;Act360;;ModifiedFollowing;ModifiedFollowing;;2D
01.08.2025;2Mx8M;FRA;EUR;0,02043;EURIBOR;3M;3M;;;;3M;Act360;Act360;;ModifiedFollowing;ModifiedFollowing;;2D
01.08.2025;3Mx9M;FRA;EUR;0,02024;EURIBOR;3M;3M;;;;3M;Act360;Act360;;ModifiedFollowing;ModifiedFollowing;;2D
01.08.2025;4Mx10M;FRA;EUR;0,02009;EURIBOR;3M;3M;;;;3M;Act360;Act360;;ModifiedFollowing;ModifiedFollowing;;2D
01.08.2025;5Mx11M;FRA;EUR;0,02003;EURIBOR;3M;3M;;;;3M;Act360;Act360;;ModifiedFollowing;ModifiedFollowing;;2D
01.08.2025;12M;DEPOSIT;GBP;0,0419;LIBOR;12M;1Y;;;;1Y;Act360;Act360;;ModifiedFollowing;ModifiedFollowing;;2D
01.08.2025;1Mx13M;FRA;EUR;0,02142;EURIBOR;3M;3M;;;;3M;Act360;Act360;;ModifiedFollowing;ModifiedFollowing;;2D
01.08.2025;6M;DEPOSIT;GBP;0,042;LIBOR;6M;6M;;;;6M;Act360;Act360;;ModifiedFollowing;ModifiedFollowing;;2D
01.08.2025;2Mx14M;FRA;EUR;0,02131;EURIBOR;3M;3M;;;;3M;Act360;Act360;;ModifiedFollowing;ModifiedFollowing;;2D
01.08.2025;3M;DEPOSIT;GBP;0,0415;LIBOR;3M;3M;;;;3M;Act360;Act360;;ModifiedFollowing;ModifiedFollowing;;2D
01.08.2025;3Mx15M;FRA;EUR;0,0212;EURIBOR;3M;3M;;;;3M;Act360;Act360;;ModifiedFollowing;ModifiedFollowing;;2D
01.08.2025;1M;DEPOSIT;GBP;0,0411;LIBOR;1M;1M;;;;1M;Act360;Act360;;ModifiedFollowing;ModifiedFollowing;;2D
01.08.2025;7M;OIS;EUR;0,01957;EONIA;1D;7M;;;;7M;Act360;Act360;;ModifiedFollowing;ModifiedFollowing;;2D
01.08.2025;4Mx16M;FRA;EUR;0,02113;EURIBOR;3M;3M;;;;3M;Act360;Act360;;ModifiedFollowing;ModifiedFollowing;;2D
01.08.2025;12M;DEPOSIT;USD;0,04415;LIBOR;12M;1Y;;;;1Y;Act360;Act360;;ModifiedFollowing;ModifiedFollowing;;2D
01.08.2025;6M;DEPOSIT;USD;0,04425;LIBOR;6M;6M;;;;6M;Act360;Act360;;ModifiedFollowing;ModifiedFollowing;;2D
01.08.2025;5Mx17M;FRA;EUR;0,02112;EURIBOR;3M;3M;;;;3M;Act360;Act360;;ModifiedFollowing;ModifiedFollowing;;2D
01.08.2025;3M;DEPOSIT;USD;0,04415;LIBOR;3M;3M;;;;3M;Act360;Act360;;ModifiedFollowing;ModifiedFollowing;;2D
01.08.2025;6Mx18M;FRA;EUR;0,02114;EURIBOR;3M;3M;;;;3M;Act360;Act360;;ModifiedFollowing;ModifiedFollowing;;2D
01.08.2025;1M;DEPOSIT;USD;0,04355;LIBOR;1M;1M;;;;1M;Act360;Act360;;ModifiedFollowing;ModifiedFollowing;;2D
01.08.2025;7Mx19M;FRA;EUR;0,0212;EURIBOR;3M;3M;;;;3M;Act360;Act360;;ModifiedFollowing;ModifiedFollowing;;2D
01.08.2025;12M;DEPOSIT;EUR;0,01995;EURIBOR;12M;1Y;;;;1Y;Act360;Act360;;ModifiedFollowing;ModifiedFollowing;;2D
01.08.2025;8Mx20M;FRA;EUR;0,02131;EURIBOR;3M;3M;;;;3M;Act360;Act360;;ModifiedFollowing;ModifiedFollowing;;2D
01.08.2025;6M;DEPOSIT;EUR;0,0188;EURIBOR;6M;6M;;;;6M;Act360;Act360;;ModifiedFollowing;ModifiedFollowing;;2D
01.08.2025;9Mx21M;FRA;EUR;0,02145;EURIBOR;3M;3M;;;;3M;Act360;Act360;;ModifiedFollowing;ModifiedFollowing;;2D
01.08.2025;3M;DEPOSIT;EUR;0,02075;EURIBOR;3M;3M;;;;3M;Act360;Act360;;ModifiedFollowing;ModifiedFollowing;;2D
01.08.2025;1M;DEPOSIT;EUR;0,0194;EURIBOR;1M;1M;;;;1M;Act360;Act360;;ModifiedFollowing;ModifiedFollowing;;2D
01.08.2025;10Mx22M;FRA;EUR;0,02163;EURIBOR;3M;3M;;;;3M;Act360;Act360;;ModifiedFollowing;ModifiedFollowing;;2D
01.08.2025;50Y;OIS;GBP;0,04428;SONIA;1D;1Y;;;;1Y;Act360;Act360;;ModifiedFollowing;ModifiedFollowing;;2D
01.08.2025;11Mx23M;FRA;EUR;0,02181;EURIBOR;3M;3M;;;;3M;Act360;Act360;;ModifiedFollowing;ModifiedFollowing;;2D
01.08.2025;40Y;OIS;GBP;0,0453;SONIA;1D;1Y;;;;1Y;Act360;Act360;;ModifiedFollowing;ModifiedFollowing;;2D
01.08.2025;1Mx4M;FRA;USD;0,04527;LIBOR;3M;3M;;;;3M;Act360;Act360;;ModifiedFollowing;ModifiedFollowing;;2D
01.08.2025;30Y;OIS;GBP;0,04599;SONIA;1D;1Y;;;;1Y;Act360;Act360;;ModifiedFollowing;ModifiedFollowing;;2D
01.08.2025;2Mx5M;FRA;USD;0,04456;LIBOR;3M;3M;;;;3M;Act360;Act360;;ModifiedFollowing;ModifiedFollowing;;2D
01.08.2025;25Y;OIS;GBP;0,04597;SONIA;1D;1Y;;;;1Y;Act360;Act360;;ModifiedFollowing;ModifiedFollowing;;2D
01.08.2025;3Mx6M;FRA;USD;0,0438;LIBOR;3M;3M;;;;3M;Act360;Act360;;ModifiedFollowing;ModifiedFollowing;;2D
01.08.2025;20Y;OIS;GBP;0,04541;SONIA;1D;1Y;;;;1Y;Act360;Act360;;ModifiedFollowing;ModifiedFollowing;;2D
01.08.2025;15Y;OIS;GBP;0,04398;SONIA;1D;1Y;;;;1Y;Act360;Act360;;ModifiedFollowing;ModifiedFollowing;;2D
01.08.2025;4Mx7M;FRA;USD;0,04309;LIBOR;3M;3M;;;;3M;Act360;Act360;;ModifiedFollowing;ModifiedFollowing;;2D
01.08.2025;12Y;OIS;GBP;0,04248;SONIA;1D;1Y;;;;1Y;Act360;Act360;;ModifiedFollowing;ModifiedFollowing;;2D
01.08.2025;5Mx8M;FRA;USD;0,04253;LIBOR;3M;3M;;;;3M;Act360;Act360;;ModifiedFollowing;ModifiedFollowing;;2D
01.08.2025;10Y;OIS;GBP;0,0412;SONIA;1D;1Y;;;;1Y;Act360;Act360;;ModifiedFollowing;ModifiedFollowing;;2D
01.08.2025;6Mx9M;FRA;USD;0,04175;LIBOR;3M;3M;;;;3M;Act360;Act360;;ModifiedFollowing;ModifiedFollowing;;2D
01.08.2025;9Y;OIS;GBP;0,04051;SONIA;1D;1Y;;;;1Y;Act360;Act360;;ModifiedFollowing;ModifiedFollowing;;2D
01.08.2025;7Mx10M;FRA;USD;0,04106;LIBOR;3M;3M;;;;3M;Act360;Act360;;ModifiedFollowing;ModifiedFollowing;;2D
01.08.2025;8Y;OIS;GBP;0,03978;SONIA;1D;1Y;;;;1Y;Act360;Act360;;ModifiedFollowing;ModifiedFollowing;;2D
01.08.2025;8Mx11M;FRA;USD;0,04037;LIBOR;3M;3M;;;;3M;Act360;Act360;;ModifiedFollowing;ModifiedFollowing;;2D
01.08.2025;7Y;OIS;GBP;0,03905;SONIA;1D;1Y;;;;1Y;Act360;Act360;;ModifiedFollowing;ModifiedFollowing;;2D
01.08.2025;6Y;OIS;GBP;0,03835;SONIA;1D;1Y;;;;1Y;Act360;Act360;;ModifiedFollowing;ModifiedFollowing;;2D
01.08.2025;1Mx7M;FRA;USD;0,04607;LIBOR;3M;3M;;;;3M;Act360;Act360;;ModifiedFollowing;ModifiedFollowing;;2D
01.08.2025;5Y;OIS;GBP;0,03773;SONIA;1D;1Y;;;;1Y;Act360;Act360;;ModifiedFollowing;ModifiedFollowing;;2D
01.08.2025;2Mx8M;FRA;USD;0,04541;LIBOR;3M;3M;;;;3M;Act360;Act360;;ModifiedFollowing;ModifiedFollowing;;2D
01.08.2025;4Y;OIS;GBP;0,03723;SONIA;1D;1Y;;;;1Y;Act360;Act360;;ModifiedFollowing;ModifiedFollowing;;2D
01.08.2025;3Mx9M;FRA;USD;0,04465;LIBOR;3M;3M;;;;3M;Act360;Act360;;ModifiedFollowing;ModifiedFollowing;;2D
01.08.2025;3Y;OIS;GBP;0,03691;SONIA;1D;1Y;;;;1Y;Act360;Act360;;ModifiedFollowing;ModifiedFollowing;;2D
01.08.2025;4Mx10M;FRA;USD;0,04393;LIBOR;3M;3M;;;;3M;Act360;Act360;;ModifiedFollowing;ModifiedFollowing;;2D
01.08.2025;2Y;OIS;GBP;0,03697;SONIA;1D;1Y;;;;1Y;Act360;Act360;;ModifiedFollowing;ModifiedFollowing;;2D
01.08.2025;5Mx11M;FRA;USD;0,04332;LIBOR;3M;3M;;;;3M;Act360;Act360;;ModifiedFollowing;ModifiedFollowing;;2D
01.08.2025;18M;OIS;GBP;0,03723;SONIA;1D;1Y;;;;1Y;Act360;Act360;;ModifiedFollowing;ModifiedFollowing;;2D
01.08.2025;1Y;OIS;GBP;0,03817;SONIA;1D;1Y;;;;1Y;Act360;Act360;;ModifiedFollowing;ModifiedFollowing;;2D
01.08.2025;1Mx4M;FRA;GBP;0,04067;LIBOR;3M;3M;;;;3M;Act360;Act360;;ModifiedFollowing;ModifiedFollowing;;2D
01.08.2025;11M;OIS;GBP;0,03831;SONIA;1D;1Y;;;;1Y;Act360;Act360;;ModifiedFollowing;ModifiedFollowing;;2D
01.08.2025;2Mx5M;FRA;GBP;0,04002;LIBOR;3M;3M;;;;3M;Act360;Act360;;ModifiedFollowing;ModifiedFollowing;;2D
01.08.2025;10M;OIS;GBP;0,03847;SONIA;1D;1Y;;;;1Y;Act360;Act360;;ModifiedFollowing;ModifiedFollowing;;2D
01.08.2025;3Mx6M;FRA;GBP;0,03937;LIBOR;3M;3M;;;;3M;Act360;Act360;;ModifiedFollowing;ModifiedFollowing;;2D
01.08.2025;9M;OIS;GBP;0,03866;SONIA;1D;9M;;;;9M;Act360;Act360;;ModifiedFollowing;ModifiedFollowing;;2D
01.08.2025;4Mx7M;FRA;GBP;0,03883;LIBOR;3M;3M;;;;3M;Act360;Act360;;ModifiedFollowing;ModifiedFollowing;;2D
01.08.2025;8M;OIS;GBP;0,03883;SONIA;1D;8M;;;;8M;Act360;Act360;;ModifiedFollowing;ModifiedFollowing;;2D
01.08.2025;5Mx8M;FRA;GBP;0,03828;LIBOR;3M;3M;;;;3M;Act360;Act360;;ModifiedFollowing;ModifiedFollowing;;2D
01.08.2025;7M;OIS;GBP;0,03904;SONIA;1D;7M;;;;7M;Act360;Act360;;ModifiedFollowing;ModifiedFollowing;;2D
01.08.2025;6Mx9M;FRA;GBP;0,03783;LIBOR;3M;3M;;;;3M;Act360;Act360;;ModifiedFollowing;ModifiedFollowing;;2D
01.08.2025;6M;OIS;GBP;0,03927;SONIA;1D;6M;;;;6M;Act360;Act360;;ModifiedFollowing;ModifiedFollowing;;2D
01.08.2025;5M;OIS;GBP;0,03947;SONIA;1D;5M;;;;5M;Act360;Act360;;ModifiedFollowing;ModifiedFollowing;;2D
01.08.2025;7Mx10M;FRA;GBP;0,03747;LIBOR;3M;3M;;;;3M;Act360;Act360;;ModifiedFollowing;ModifiedFollowing;;2D
01.08.2025;4M;OIS;GBP;0,03973;SONIA;1D;4M;;;;4M;Act360;Act360;;ModifiedFollowing;ModifiedFollowing;;2D
01.08.2025;8Mx11M;FRA;GBP;0,03714;LIBOR;3M;3M;;;;3M;Act360;Act360;;ModifiedFollowing;ModifiedFollowing;;2D
01.08.2025;3M;OIS;GBP;0,04003;SONIA;1D;3M;;;;3M;Act360;Act360;;ModifiedFollowing;ModifiedFollowing;;2D
01.08.2025;1Mx7M;FRA;GBP;0,0415;LIBOR;3M;3M;;;;3M;Act360;Act360;;ModifiedFollowing;ModifiedFollowing;;2D
01.08.2025;2M;OIS;GBP;0,04011;SONIA;1D;2M;;;;2M;Act360;Act360;;ModifiedFollowing;ModifiedFollowing;;2D
01.08.2025;2Mx8M;FRA;GBP;0,04093;LIBOR;3M;3M;;;;3M;Act360;Act360;;ModifiedFollowing;ModifiedFollowing;;2D
01.08.2025;1M;OIS;GBP;0,04032;SONIA;1D;1M;;;;1M;Act360;Act360;;ModifiedFollowing;ModifiedFollowing;;2D
01.08.2025;3Mx9M;FRA;GBP;0,04037;LIBOR;3M;3M;;;;3M;Act360;Act360;;ModifiedFollowing;ModifiedFollowing;;2D
01.08.2025;3M;OIS;EUR;0,02;EONIA;1D;3M;;;;3M;Act360;Act360;;ModifiedFollowing;ModifiedFollowing;;2D
01.08.2025;14D;OIS;GBP;0,04085;SONIA;1D;14D;;;;14D;Act360;Act360;;ModifiedFollowing;ModifiedFollowing;;2D
01.08.2025;7D;OIS;GBP;0,04185;SONIA;1D;7D;;;;7D;Act360;Act360;;ModifiedFollowing;ModifiedFollowing;;2D
01.08.2025;4Mx10M;FRA;GBP;0,0399;LIBOR;3M;3M;;;;3M;Act360;Act360;;ModifiedFollowing;ModifiedFollowing;;2D
01.08.2025;50Y;OIS;USD;0,03734;SOFR;1D;1Y;;;;1Y;Act360;Act360;;ModifiedFollowing;ModifiedFollowing;;2D
01.08.2025;5Mx11M;FRA;GBP;0,03946;LIBOR;3M;3M;;;;3M;Act360;Act360;;ModifiedFollowing;ModifiedFollowing;;2D
01.08.2025;40Y;OIS;USD;0,03868;SOFR;1D;1Y;;;;1Y;Act360;Act360;;ModifiedFollowing;ModifiedFollowing;;2D
01.08.2025;35Y;OIS;USD;0,03929;SOFR;1D;1Y;;;;1Y;Act360;Act360;;ModifiedFollowing;ModifiedFollowing;;2D
01.08.2025;30Y;OIS;USD;0,03998;SOFR;1D;1Y;;;;1Y;Act360;Act360;;ModifiedFollowing;ModifiedFollowing;;2D
01.08.2025;25Y;OIS;USD;0,04051;SOFR;1D;1Y;;;;1Y;Act360;Act360;;ModifiedFollowing;ModifiedFollowing;;2D
01.08.2025;20Y;OIS;USD;0,04064;SOFR;1D;1Y;;;;1Y;Act360;Act360;;ModifiedFollowing;ModifiedFollowing;;2D
01.08.2025;15Y;OIS;USD;0,03989;SOFR;1D;1Y;;;;1Y;Act360;Act360;;ModifiedFollowing;ModifiedFollowing;;2D
01.08.2025;12Y;OIS;USD;0,03885;SOFR;1D;1Y;;;;1Y;Act360;Act360;;ModifiedFollowing;ModifiedFollowing;;2D
01.08.2025;10Y;OIS;USD;0,03795;SOFR;1D;1Y;;;;1Y;Act360;Act360;;ModifiedFollowing;ModifiedFollowing;;2D
01.08.2025;9Y;OIS;USD;0,03744;SOFR;1D;1Y;;;;1Y;Act360;Act360;;ModifiedFollowing;ModifiedFollowing;;2D
01.08.2025;8Y;OIS;USD;0,03694;SOFR;1D;1Y;;;;1Y;Act360;Act360;;ModifiedFollowing;ModifiedFollowing;;2D
01.08.2025;7Y;OIS;USD;0,0364;SOFR;1D;1Y;;;;1Y;Act360;Act360;;ModifiedFollowing;ModifiedFollowing;;2D
01.08.2025;6Y;OIS;USD;0,03589;SOFR;1D;1Y;;;;1Y;Act360;Act360;;ModifiedFollowing;ModifiedFollowing;;2D
01.08.2025;5Y;OIS;USD;0,03546;SOFR;1D;1Y;;;;1Y;Act360;Act360;;ModifiedFollowing;ModifiedFollowing;;2D
01.08.2025;6M;OIS;EUR;0,01966;EONIA;1D;6M;;;;6M;Act360;Act360;;ModifiedFollowing;ModifiedFollowing;;2D
01.08.2025;4Y;OIS;USD;0,0353;SOFR;1D;1Y;;;;1Y;Act360;Act360;;ModifiedFollowing;ModifiedFollowing;;2D
01.08.2025;3Y;OIS;USD;0,03549;SOFR;1D;1Y;;;;1Y;Act360;Act360;;ModifiedFollowing;ModifiedFollowing;;2D
01.08.2025;2Y;OIS;USD;0,03665;SOFR;1D;1Y;;;;1Y;Act360;Act360;;ModifiedFollowing;ModifiedFollowing;;2D
01.08.2025;18M;OIS;USD;0,03793;SOFR;1D;1Y;;;;1Y;Act360;Act360;;ModifiedFollowing;ModifiedFollowing;;2D
01.08.2025;1Y;OIS;USD;0,04023;SOFR;1D;1Y;;;;1Y;Act360;Act360;;ModifiedFollowing;ModifiedFollowing;;2D
01.08.2025;11M;OIS;USD;0,04056;SOFR;1D;1Y;;;;1Y;Act360;Act360;;ModifiedFollowing;ModifiedFollowing;;2D
01.08.2025;10M;OIS;USD;0,04086;SOFR;1D;1Y;;;;1Y;Act360;Act360;;ModifiedFollowing;ModifiedFollowing;;2D
01.08.2025;9M;OIS;USD;0,04117;SOFR;1D;9M;;;;9M;Act360;Act360;;ModifiedFollowing;ModifiedFollowing;;2D
01.08.2025;7M;OIS;USD;0,04171;SOFR;1D;7M;;;;7M;Act360;Act360;;ModifiedFollowing;ModifiedFollowing;;2D
01.08.2025;6M;OIS;USD;0,04198;SOFR;1D;6M;;;;6M;Act360;Act360;;ModifiedFollowing;ModifiedFollowing;;2D
01.08.2025;5M;OIS;USD;0,04227;SOFR;1D;5M;;;;5M;Act360;Act360;;ModifiedFollowing;ModifiedFollowing;;2D
01.08.2025;4M;OIS;USD;0,04264;SOFR;1D;4M;;;;4M;Act360;Act360;;ModifiedFollowing;ModifiedFollowing;;2D
01.08.2025;3M;OIS;USD;0,04289;SOFR;1D;3M;;;;3M;Act360;Act360;;ModifiedFollowing;ModifiedFollowing;;2D
01.08.2025;2M;OIS;USD;0,04311;SOFR;1D;2M;;;;2M;Act360;Act360;;ModifiedFollowing;ModifiedFollowing;;2D
01.08.2025;1M;OIS;USD;0,04332;SOFR;1D;1M;;;;1M;Act360;Act360;;ModifiedFollowing;ModifiedFollowing;;2D
01.08.2025;14D;OIS;USD;0,04327;SOFR;1D;14D;;;;14D;Act360;Act360;;ModifiedFollowing;ModifiedFollowing;;2D
01.08.2025;7D;OIS;USD;0,04325;SOFR;1D;7D;;;;7D;Act360;Act360;;ModifiedFollowing;ModifiedFollowing;;2D
01.08.2025;11M;IRS;EUR;0,01862;EURIBOR;1M;1M;;;;1Y;Act360;Act360;;ModifiedFollowing;ModifiedFollowing;;2D
01.08.2025;10M;IRS;EUR;0,01864;EURIBOR;1M;1M;;;;1Y;Act360;Act360;;ModifiedFollowing;ModifiedFollowing;;2D
01.08.2025;9M;IRS;EUR;0,01869;EURIBOR;1M;1M;;;;1Y;Act360;Act360;;ModifiedFollowing;ModifiedFollowing;;2D
01.08.2025;8M;IRS;EUR;0,01875;EURIBOR;1M;1M;;;;1Y;Act360;Act360;;ModifiedFollowing;ModifiedFollowing;;2D
01.08.2025;7M;IRS;EUR;0,01882;EURIBOR;1M;1M;;;;1Y;Act360;Act360;;ModifiedFollowing;ModifiedFollowing;;2D
01.08.2025;6M;IRS;EUR;0,01889;EURIBOR;1M;1M;;;;1Y;Act360;Act360;;ModifiedFollowing;ModifiedFollowing;;2D
01.08.2025;5M;IRS;EUR;0,01898;EURIBOR;1M;1M;;;;1Y;Act360;Act360;;ModifiedFollowing;ModifiedFollowing;;2D
01.08.2025;4M;IRS;EUR;0,01903;EURIBOR;1M;1M;;;;1Y;Act360;Act360;;ModifiedFollowing;ModifiedFollowing;;2D
01.08.2025;3M;IRS;EUR;0,01905;EURIBOR;1M;1M;;;;1Y;Act360;Act360;;ModifiedFollowing;ModifiedFollowing;;2D
01.08.2025;2M;IRS;EUR;0,01898;EURIBOR;1M;1M;;;;1Y;Act360;Act360;;ModifiedFollowing;ModifiedFollowing;;2D
01.08.2025;60Y;IRS;EUR;0,02757;EURIBOR;3M;3M;;;;1Y;Act360;Act360;;ModifiedFollowing;ModifiedFollowing;;2D
01.08.2025;50Y;IRS;EUR;0,02806;EURIBOR;3M;3M;;;;1Y;Act360;Act360;;ModifiedFollowing;ModifiedFollowing;;2D
01.08.2025;40Y;IRS;EUR;0,02849;EURIBOR;3M;3M;;;;1Y;Act360;Act360;;ModifiedFollowing;ModifiedFollowing;;2D
01.08.2025;30Y;IRS;EUR;0,028845;EURIBOR;3M;3M;;;;1Y;Act360;Act360;;ModifiedFollowing;ModifiedFollowing;;2D
01.08.2025;25Y;IRS;EUR;0,02904;EURIBOR;3M;3M;;;;1Y;Act360;Act360;;ModifiedFollowing;ModifiedFollowing;;2D
01.08.2025;20Y;IRS;EUR;0,02916;EURIBOR;3M;3M;;;;1Y;Act360;Act360;;ModifiedFollowing;ModifiedFollowing;;2D
01.08.2025;15Y;IRS;EUR;0,02862;EURIBOR;3M;3M;;;;1Y;Act360;Act360;;ModifiedFollowing;ModifiedFollowing;;2D
01.08.2025;12Y;IRS;EUR;0,027605;EURIBOR;3M;3M;;;;1Y;Act360;Act360;;ModifiedFollowing;ModifiedFollowing;;2D
01.08.2025;11Y;IRS;EUR;0,02715;EURIBOR;3M;3M;;;;1Y;Act360;Act360;;ModifiedFollowing;ModifiedFollowing;;2D
01.08.2025;10Y;IRS;EUR;0,02662;EURIBOR;3M;3M;;;;1Y;Act360;Act360;;ModifiedFollowing;ModifiedFollowing;;2D
01.08.2025;9Y;IRS;EUR;0,02603;EURIBOR;3M;3M;;;;1Y;Act360;Act360;;ModifiedFollowing;ModifiedFollowing;;2D
01.08.2025;8Y;IRS;EUR;0,02537;EURIBOR;3M;3M;;;;1Y;Act360;Act360;;ModifiedFollowing;ModifiedFollowing;;2D
01.08.2025;7Y;IRS;EUR;0,024665;EURIBOR;3M;3M;;;;1Y;Act360;Act360;;ModifiedFollowing;ModifiedFollowing;;2D
01.08.2025;6Y;IRS;EUR;0,02393;EURIBOR;3M;3M;;;;1Y;Act360;Act360;;ModifiedFollowing;ModifiedFollowing;;2D
01.08.2025;4M;OIS;EUR;0,01991;EONIA;1D;4M;;;;4M;Act360;Act360;;ModifiedFollowing;ModifiedFollowing;;2D
01.08.2025;5Y;IRS;EUR;0,023135;EURIBOR;3M;3M;;;;1Y;Act360;Act360;;ModifiedFollowing;ModifiedFollowing;;2D
01.08.2025;4Y;IRS;EUR;0,022255;EURIBOR;3M;3M;;;;1Y;Act360;Act360;;ModifiedFollowing;ModifiedFollowing;;2D
01.08.2025;3Y;IRS;EUR;0,02128;EURIBOR;3M;3M;;;;1Y;Act360;Act360;;ModifiedFollowing;ModifiedFollowing;;2D
01.08.2025;2Y;IRS;EUR;0,0202;EURIBOR;3M;3M;;;;1Y;Act360;Act360;;ModifiedFollowing;ModifiedFollowing;;2D
01.08.2025;1Y;IRS;EUR;0,0195215;EURIBOR;3M;3M;;;;1Y;Act360;Act360;;ModifiedFollowing;ModifiedFollowing;;2D
01.08.2025;30Y;OIS;EUR;0,02843;EONIA;1D;1Y;;;;1Y;Act360;Act360;;ModifiedFollowing;ModifiedFollowing;;2D
01.08.2025;20Y;OIS;EUR;0,02866;EONIA;1D;1Y;;;;1Y;Act360;Act360;;ModifiedFollowing;ModifiedFollowing;;2D
01.08.2025;15Y;OIS;EUR;0,02808;EONIA;1D;1Y;;;;1Y;Act360;Act360;;ModifiedFollowing;ModifiedFollowing;;2D
01.08.2025;10Y;OIS;EUR;0,02607;EONIA;1D;1Y;;;;1Y;Act360;Act360;;ModifiedFollowing;ModifiedFollowing;;2D
01.08.2025;9Y;OIS;EUR;0,025485;EONIA;1D;1Y;;;;1Y;Act360;Act360;;ModifiedFollowing;ModifiedFollowing;;2D
01.08.2025;5M;OIS;EUR;0,0198;EONIA;1D;5M;;;;5M;Act360;Act360;;ModifiedFollowing;ModifiedFollowing;;2D
01.08.2025;8Y;OIS;EUR;0,0248;EONIA;1D;1Y;;;;1Y;Act360;Act360;;ModifiedFollowing;ModifiedFollowing;;2D
01.08.2025;7Y;OIS;EUR;0,02409;EONIA;1D;1Y;;;;1Y;Act360;Act360;;ModifiedFollowing;ModifiedFollowing;;2D
01.08.2025;6Y;OIS;EUR;0,02332;EONIA;1D;1Y;;;;1Y;Act360;Act360;;ModifiedFollowing;ModifiedFollowing;;2D
01.08.2025;5Y;OIS;EUR;0,02251;EONIA;1D;1Y;;;;1Y;Act360;Act360;;ModifiedFollowing;ModifiedFollowing;;2D
01.08.2025;4Y;OIS;EUR;0,02162;EONIA;1D;1Y;;;;1Y;Act360;Act360;;ModifiedFollowing;ModifiedFollowing;;2D
01.08.2025;3Y;OIS;EUR;0,02061;EONIA;1D;1Y;;;;1Y;Act360;Act360;;ModifiedFollowing;ModifiedFollowing;;2D
01.08.2025;2Y;OIS;EUR;0,01956;EONIA;1D;1Y;;;;1Y;Act360;Act360;;ModifiedFollowing;ModifiedFollowing;;2D
01.08.2025;18M;OIS;EUR;0,01919;EONIA;1D;1Y;;;;1Y;Act360;Act360;;ModifiedFollowing;ModifiedFollowing;;2D
01.08.2025;1Y;OIS;EUR;0,01925;EONIA;1D;1Y;;;;1Y;Act360;Act360;;ModifiedFollowing;ModifiedFollowing;;2D
01.08.2025;11M;OIS;EUR;0,01928;EONIA;1D;1Y;;;;1Y;Act360;Act360;;ModifiedFollowing;ModifiedFollowing;;2D
01.08.2025;7D;OIS;EUR;0,019255;EONIA;1D;7D;;;;7D;Act360;Act360;;ModifiedFollowing;ModifiedFollowing;;2D
01.08.2025;10M;OIS;EUR;0,01933;EONIA;1D;1Y;;;;1Y;Act360;Act360;;ModifiedFollowing;ModifiedFollowing;;2D
01.08.2025;14D;OIS;EUR;0,02011;EONIA;1D;14D;;;;14D;Act360;Act360;;ModifiedFollowing;ModifiedFollowing;;2D
01.08.2025;9M;OIS;EUR;0,01939;EONIA;1D;9M;;;;9M;Act360;Act360;;ModifiedFollowing;ModifiedFollowing;;2D
01.08.2025;1M;OIS;EUR;0,02011;EONIA;1D;1M;;;;1M;Act360;Act360;;ModifiedFollowing;ModifiedFollowing;;2D
01.08.2025;8M;OIS;EUR;0,01947;EONIA;1D;8M;;;;8M;Act360;Act360;;ModifiedFollowing;ModifiedFollowing;;2D
31.07.2025;7Y;OIS;USD;0,03612;SOFR;1D;1Y;;;;1Y;Act360;Act360;;ModifiedFollowing;ModifiedFollowing;;2D
31.07.2025;7M;IRS;EUR;0,01883;EURIBOR;1M;1M;;;;1Y;Act360;Act360;;ModifiedFollowing;ModifiedFollowing;;2D
31.07.2025;7M;OIS;GBP;0,03901;SONIA;1D;7M;;;;7M;Act360;Act360;;ModifiedFollowing;ModifiedFollowing;;2D
31.07.2025;4M;OIS;USD;0,04259;SOFR;1D;4M;;;;4M;Act360;Act360;;ModifiedFollowing;ModifiedFollowing;;2D
31.07.2025;15Y;OIS;EUR;0,02776;EONIA;1D;1Y;;;;1Y;Act360;Act360;;ModifiedFollowing;ModifiedFollowing;;2D
31.07.2025;8M;OIS;EUR;0,01949;EONIA;1D;8M;;;;8M;Act360;Act360;;ModifiedFollowing;ModifiedFollowing;;2D
31.07.2025;4Mx10M;FRA;EUR;0,02008;EURIBOR;3M;3M;;;;3M;Act360;Act360;;ModifiedFollowing;ModifiedFollowing;;2D
31.07.2025;12Y;OIS;USD;0,03854;SOFR;1D;1Y;;;;1Y;Act360;Act360;;ModifiedFollowing;ModifiedFollowing;;2D
31.07.2025;18M;OIS;GBP;0,03706;SONIA;1D;1Y;;;;1Y;Act360;Act360;;ModifiedFollowing;ModifiedFollowing;;2D
31.07.2025;9Y;OIS;GBP;0,04007;SONIA;1D;1Y;;;;1Y;Act360;Act360;;ModifiedFollowing;ModifiedFollowing;;2D
31.07.2025;2Mx8M;FRA;EUR;0,02043;EURIBOR;3M;3M;;;;3M;Act360;Act360;;ModifiedFollowing;ModifiedFollowing;;2D
31.07.2025;1Y;OIS;EUR;0,01924;EONIA;1D;1Y;;;;1Y;Act360;Act360;;ModifiedFollowing;ModifiedFollowing;;2D
31.07.2025;2Mx14M;FRA;EUR;0,02129;EURIBOR;3M;3M;;;;3M;Act360;Act360;;ModifiedFollowing;ModifiedFollowing;;2D
31.07.2025;10Y;OIS;GBP;0,04074;SONIA;1D;1Y;;;;1Y;Act360;Act360;;ModifiedFollowing;ModifiedFollowing;;2D
31.07.2025;4Mx7M;FRA;GBP;0,03882;LIBOR;3M;3M;;;;3M;Act360;Act360;;ModifiedFollowing;ModifiedFollowing;;2D
31.07.2025;6M;IRS;EUR;0,01889;EURIBOR;1M;1M;;;;1Y;Act360;Act360;;ModifiedFollowing;ModifiedFollowing;;2D
31.07.2025;9M;OIS;GBP;0,03859;SONIA;1D;9M;;;;9M;Act360;Act360;;ModifiedFollowing;ModifiedFollowing;;2D
31.07.2025;4Mx7M;FRA;USD;0,04285;LIBOR;3M;3M;;;;3M;Act360;Act360;;ModifiedFollowing;ModifiedFollowing;;2D
31.07.2025;14D;OIS;EUR;0,0201;EONIA;1D;14D;;;;14D;Act360;Act360;;ModifiedFollowing;ModifiedFollowing;;2D
31.07.2025;15Y;OIS;GBP;0,0435;SONIA;1D;1Y;;;;1Y;Act360;Act360;;ModifiedFollowing;ModifiedFollowing;;2D
31.07.2025;9Y;IRS;EUR;0,025705;EURIBOR;3M;3M;;;;1Y;Act360;Act360;;ModifiedFollowing;ModifiedFollowing;;2D
31.07.2025;15Y;OIS;USD;0,03952;SOFR;1D;1Y;;;;1Y;Act360;Act360;;ModifiedFollowing;ModifiedFollowing;;2D
31.07.2025;8M;IRS;EUR;0,01875;EURIBOR;1M;1M;;;;1Y;Act360;Act360;;ModifiedFollowing;ModifiedFollowing;;2D
31.07.2025;2Y;IRS;EUR;0,02016;EURIBOR;3M;3M;;;;1Y;Act360;Act360;;ModifiedFollowing;ModifiedFollowing;;2D
31.07.2025;5M;OIS;EUR;0,01981;EONIA;1D;5M;;;;5M;Act360;Act360;;ModifiedFollowing;ModifiedFollowing;;2D
31.07.2025;11M;OIS;USD;0,04031;SOFR;1D;1Y;;;;1Y;Act360;Act360;;ModifiedFollowing;ModifiedFollowing;;2D
31.07.2025;18M;OIS;USD;0,03772;SOFR;1D;1Y;;;;1Y;Act360;Act360;;ModifiedFollowing;ModifiedFollowing;;2D
31.07.2025;7Y;IRS;EUR;0,024438;EURIBOR;3M;3M;;;;1Y;Act360;Act360;;ModifiedFollowing;ModifiedFollowing;;2D
31.07.2025;40Y;OIS;GBP;0,0448;SONIA;1D;1Y;;;;1Y;Act360;Act360;;ModifiedFollowing;ModifiedFollowing;;2D
31.07.2025;7Mx10M;FRA;GBP;0,03733;LIBOR;3M;3M;;;;3M;Act360;Act360;;ModifiedFollowing;ModifiedFollowing;;2D
31.07.2025;1Mx4M;FRA;USD;0,04525;LIBOR;3M;3M;;;;3M;Act360;Act360;;ModifiedFollowing;ModifiedFollowing;;2D
31.07.2025;15Y;IRS;EUR;0,02826;EURIBOR;3M;3M;;;;1Y;Act360;Act360;;ModifiedFollowing;ModifiedFollowing;;2D
31.07.2025;5Mx11M;FRA;USD;0,04297;LIBOR;3M;3M;;;;3M;Act360;Act360;;ModifiedFollowing;ModifiedFollowing;;2D
31.07.2025;20Y;OIS;USD;0,04027;SOFR;1D;1Y;;;;1Y;Act360;Act360;;ModifiedFollowing;ModifiedFollowing;;2D
31.07.2025;5M;OIS;GBP;0,03945;SONIA;1D;5M;;;;5M;Act360;Act360;;ModifiedFollowing;ModifiedFollowing;;2D
31.07.2025;3Y;IRS;EUR;0,0212;EURIBOR;3M;3M;;;;1Y;Act360;Act360;;ModifiedFollowing;ModifiedFollowing;;2D
31.07.2025;18M;OIS;EUR;0,01917;EONIA;1D;1Y;;;;1Y;Act360;Act360;;ModifiedFollowing;ModifiedFollowing;;2D
31.07.2025;25Y;IRS;EUR;0,02868;EURIBOR;3M;3M;;;;1Y;Act360;Act360;;ModifiedFollowing;ModifiedFollowing;;2D
31.07.2025;5M;IRS;EUR;0,01898;EURIBOR;1M;1M;;;;1Y;Act360;Act360;;ModifiedFollowing;ModifiedFollowing;;2D
31.07.2025;2M;OIS;USD;0,04309;SOFR;1D;2M;;;;2M;Act360;Act360;;ModifiedFollowing;ModifiedFollowing;;2D
31.07.2025;3M;DEPOSIT;GBP;0,0415;LIBOR;3M;3M;;;;3M;Act360;Act360;;ModifiedFollowing;ModifiedFollowing;;2D
31.07.2025;7M;OIS;USD;0,04155;SOFR;1D;7M;;;;7M;Act360;Act360;;ModifiedFollowing;ModifiedFollowing;;2D
31.07.2025;5Y;IRS;EUR;0,02297;EURIBOR;3M;3M;;;;1Y;Act360;Act360;;ModifiedFollowing;ModifiedFollowing;;2D
31.07.2025;2Y;OIS;GBP;0,03678;SONIA;1D;1Y;;;;1Y;Act360;Act360;;ModifiedFollowing;ModifiedFollowing;;2D
31.07.2025;25Y;OIS;USD;0,04014;SOFR;1D;1Y;;;;1Y;Act360;Act360;;ModifiedFollowing;ModifiedFollowing;;2D
31.07.2025;7Y;OIS;EUR;0,02384;EONIA;1D;1Y;;;;1Y;Act360;Act360;;ModifiedFollowing;ModifiedFollowing;;2D
31.07.2025;30Y;IRS;EUR;0,028512;EURIBOR;3M;3M;;;;1Y;Act360;Act360;;ModifiedFollowing;ModifiedFollowing;;2D
31.07.2025;7Y;OIS;GBP;0,03867;SONIA;1D;1Y;;;;1Y;Act360;Act360;;ModifiedFollowing;ModifiedFollowing;;2D
31.07.2025;2Y;OIS;USD;0,036441;SOFR;1D;1Y;;;;1Y;Act360;Act360;;ModifiedFollowing;ModifiedFollowing;;2D
31.07.2025;7M;OIS;EUR;0,01957;EONIA;1D;7M;;;;7M;Act360;Act360;;ModifiedFollowing;ModifiedFollowing;;2D
31.07.2025;3Mx15M;FRA;EUR;0,02118;EURIBOR;3M;3M;;;;3M;Act360;Act360;;ModifiedFollowing;ModifiedFollowing;;2D
31.07.2025;5Mx8M;FRA;USD;0,04222;LIBOR;3M;3M;;;;3M;Act360;Act360;;ModifiedFollowing;ModifiedFollowing;;2D
31.07.2025;6Y;IRS;EUR;0,02374;EURIBOR;3M;3M;;;;1Y;Act360;Act360;;ModifiedFollowing;ModifiedFollowing;;2D
31.07.2025;3Mx9M;FRA;EUR;0,02024;EURIBOR;3M;3M;;;;3M;Act360;Act360;;ModifiedFollowing;ModifiedFollowing;;2D
31.07.2025;2Y;OIS;EUR;0,01952;EONIA;1D;1Y;;;;1Y;Act360;Act360;;ModifiedFollowing;ModifiedFollowing;;2D
31.07.2025;8Y;OIS;GBP;0,03937;SONIA;1D;1Y;;;;1Y;Act360;Act360;;ModifiedFollowing;ModifiedFollowing;;2D
31.07.2025;5Mx11M;FRA;EUR;0,01996;EURIBOR;3M;3M;;;;3M;Act360;Act360;;ModifiedFollowing;ModifiedFollowing;;2D
31.07.2025;30Y;OIS;USD;0,03964;SOFR;1D;1Y;;;;1Y;Act360;Act360;;ModifiedFollowing;ModifiedFollowing;;2D
31.07.2025;12Y;IRS;EUR;0,02724;EURIBOR;3M;3M;;;;1Y;Act360;Act360;;ModifiedFollowing;ModifiedFollowing;;2D
31.07.2025;3Mx6M;FRA;USD;0,0437;LIBOR;3M;3M;;;;3M;Act360;Act360;;ModifiedFollowing;ModifiedFollowing;;2D
31.07.2025;20Y;OIS;GBP;0,04493;SONIA;1D;1Y;;;;1Y;Act360;Act360;;ModifiedFollowing;ModifiedFollowing;;2D
31.07.2025;20Y;OIS;EUR;0,02833;EONIA;1D;1Y;;;;1Y;Act360;Act360;;ModifiedFollowing;ModifiedFollowing;;2D
31.07.2025;1Mx4M;FRA;EUR;0,02;EURIBOR;3M;3M;;;;3M;Act360;Act360;;ModifiedFollowing;ModifiedFollowing;;2D
31.07.2025;7D;OIS;EUR;0,019255;EONIA;1D;7D;;;;7D;Act360;Act360;;ModifiedFollowing;ModifiedFollowing;;2D
31.07.2025;12Y;OIS;GBP;0,042;SONIA;1D;1Y;;;;1Y;Act360;Act360;;ModifiedFollowing;ModifiedFollowing;;2D
31.07.2025;9Y;OIS;USD;0,03717;SOFR;1D;1Y;;;;1Y;Act360;Act360;;ModifiedFollowing;ModifiedFollowing;;2D
31.07.2025;4M;IRS;EUR;0,01902;EURIBOR;1M;1M;;;;1Y;Act360;Act360;;ModifiedFollowing;ModifiedFollowing;;2D
31.07.2025;4Mx10M;FRA;USD;0,04363;LIBOR;3M;3M;;;;3M;Act360;Act360;;ModifiedFollowing;ModifiedFollowing;;2D
31.07.2025;3Y;OIS;GBP;0,03669;SONIA;1D;1Y;;;;1Y;Act360;Act360;;ModifiedFollowing;ModifiedFollowing;;2D
31.07.2025;10Mx22M;FRA;EUR;0,02158;EURIBOR;3M;3M;;;;3M;Act360;Act360;;ModifiedFollowing;ModifiedFollowing;;2D
31.07.2025;30Y;OIS;GBP;0,0455;SONIA;1D;1Y;;;;1Y;Act360;Act360;;ModifiedFollowing;ModifiedFollowing;;2D
31.07.2025;3Mx6M;FRA;GBP;0,03938;LIBOR;3M;3M;;;;3M;Act360;Act360;;ModifiedFollowing;ModifiedFollowing;;2D
31.07.2025;35Y;OIS;USD;0,03897;SOFR;1D;1Y;;;;1Y;Act360;Act360;;ModifiedFollowing;ModifiedFollowing;;2D
31.07.2025;10M;OIS;GBP;0,03839;SONIA;1D;1Y;;;;1Y;Act360;Act360;;ModifiedFollowing;ModifiedFollowing;;2D
31.07.2025;25Y;OIS;GBP;0,04549;SONIA;1D;1Y;;;;1Y;Act360;Act360;;ModifiedFollowing;ModifiedFollowing;;2D
31.07.2025;8M;OIS;USD;0,04122;SOFR;1D;8M;;;;8M;Act360;Act360;;ModifiedFollowing;ModifiedFollowing;;2D
31.07.2025;1M;DEPOSIT;GBP;0,0412;LIBOR;1M;1M;;;;1M;Act360;Act360;;ModifiedFollowing;ModifiedFollowing;;2D
31.07.2025;8Y;OIS;USD;0,03666;SOFR;1D;1Y;;;;1Y;Act360;Act360;;ModifiedFollowing;ModifiedFollowing;;2D
31.07.2025;2M;OIS;EUR;0,02006;EONIA;1D;2M;;;;2M;Act360;Act360;;ModifiedFollowing;ModifiedFollowing;;2D
31.07.2025;2Mx5M;FRA;EUR;0,01979;EURIBOR;3M;3M;;;;3M;Act360;Act360;;ModifiedFollowing;ModifiedFollowing;;2D
31.07.2025;3Y;OIS;EUR;0,02054;EONIA;1D;1Y;;;;1Y;Act360;Act360;;ModifiedFollowing;ModifiedFollowing;;2D
31.07.2025;14D;OIS;USD;0,04327;SOFR;1D;14D;;;;14D;Act360;Act360;;ModifiedFollowing;ModifiedFollowing;;2D
31.07.2025;40Y;IRS;EUR;0,02816;EURIBOR;3M;3M;;;;1Y;Act360;Act360;;ModifiedFollowing;ModifiedFollowing;;2D
31.07.2025;2Mx5M;FRA;USD;0,04446;LIBOR;3M;3M;;;;3M;Act360;Act360;;ModifiedFollowing;ModifiedFollowing;;2D
31.07.2025;6M;OIS;USD;0,04186;SOFR;1D;6M;;;;6M;Act360;Act360;;ModifiedFollowing;ModifiedFollowing;;2D
31.07.2025;4Mx16M;FRA;EUR;0,02111;EURIBOR;3M;3M;;;;3M;Act360;Act360;;ModifiedFollowing;ModifiedFollowing;;2D
31.07.2025;40Y;OIS;USD;0,03833;SOFR;1D;1Y;;;;1Y;Act360;Act360;;ModifiedFollowing;ModifiedFollowing;;2D
31.07.2025;10Y;OIS;EUR;0,02572;EONIA;1D;1Y;;;;1Y;Act360;Act360;;ModifiedFollowing;ModifiedFollowing;;2D
31.07.2025;9M;OIS;USD;0,04095;SOFR;1D;9M;;;;9M;Act360;Act360;;ModifiedFollowing;ModifiedFollowing;;2D
31.07.2025;4M;OIS;EUR;0,01992;EONIA;1D;4M;;;;4M;Act360;Act360;;ModifiedFollowing;ModifiedFollowing;;2D
31.07.2025;5Mx8M;FRA;GBP;0,03824;LIBOR;3M;3M;;;;3M;Act360;Act360;;ModifiedFollowing;ModifiedFollowing;;2D
31.07.2025;1M;OIS;USD;0,04332;SOFR;1D;1M;;;;1M;Act360;Act360;;ModifiedFollowing;ModifiedFollowing;;2D
31.07.2025;10M;OIS;EUR;0,01933;EONIA;1D;1Y;;;;1Y;Act360;Act360;;ModifiedFollowing;ModifiedFollowing;;2D
31.07.2025;3M;IRS;EUR;0,01904;EURIBOR;1M;1M;;;;1Y;Act360;Act360;;ModifiedFollowing;ModifiedFollowing;;2D
31.07.2025;9Y;OIS;EUR;0,025175;EONIA;1D;1Y;;;;1Y;Act360;Act360;;ModifiedFollowing;ModifiedFollowing;;2D
31.07.2025;3Mx6M;FRA;EUR;0,01959;EURIBOR;3M;3M;;;;3M;Act360;Act360;;ModifiedFollowing;ModifiedFollowing;;2D
31.07.2025;3Mx9M;FRA;USD;0,04448;LIBOR;3M;3M;;;;3M;Act360;Act360;;ModifiedFollowing;ModifiedFollowing;;2D
31.07.2025;4Y;OIS;GBP;0,03698;SONIA;1D;1Y;;;;1Y;Act360;Act360;;ModifiedFollowing;ModifiedFollowing;;2D
31.07.2025;6M;OIS;EUR;0,01968;EONIA;1D;6M;;;;6M;Act360;Act360;;ModifiedFollowing;ModifiedFollowing;;2D
31.07.2025;5Mx11M;FRA;GBP;0,0394;LIBOR;3M;3M;;;;3M;Act360;Act360;;ModifiedFollowing;ModifiedFollowing;;2D
31.07.2025;50Y;OIS;USD;0,03699;SOFR;1D;1Y;;;;1Y;Act360;Act360;;ModifiedFollowing;ModifiedFollowing;;2D
31.07.2025;8M;OIS;GBP;0,03877;SONIA;1D;8M;;;;8M;Act360;Act360;;ModifiedFollowing;ModifiedFollowing;;2D
31.07.2025;2Mx5M;FRA;GBP;0,03996;LIBOR;3M;3M;;;;3M;Act360;Act360;;ModifiedFollowing;ModifiedFollowing;;2D
31.07.2025;50Y;OIS;GBP;0,04376;SONIA;1D;1Y;;;;1Y;Act360;Act360;;ModifiedFollowing;ModifiedFollowing;;2D
31.07.2025;12M;DEPOSIT;USD;0,04365;LIBOR;12M;1Y;;;;1Y;Act360;Act360;;ModifiedFollowing;ModifiedFollowing;;2D
31.07.2025;4Y;OIS;EUR;0,02149;EONIA;1D;1Y;;;;1Y;Act360;Act360;;ModifiedFollowing;ModifiedFollowing;;2D
31.07.2025;4Y;OIS;USD;0,03506;SOFR;1D;1Y;;;;1Y;Act360;Act360;;ModifiedFollowing;ModifiedFollowing;;2D
31.07.2025;4Mx10M;FRA;GBP;0,03987;LIBOR;3M;3M;;;;3M;Act360;Act360;;ModifiedFollowing;ModifiedFollowing;;2D
31.07.2025;3M;OIS;EUR;0,02001;EONIA;1D;3M;;;;3M;Act360;Act360;;ModifiedFollowing;ModifiedFollowing;;2D
31.07.2025;7D;OIS;GBP;0,04219;SONIA;1D;7D;;;;7D;Act360;Act360;;ModifiedFollowing;ModifiedFollowing;;2D
31.07.2025;11Y;IRS;EUR;0,02677;EURIBOR;3M;3M;;;;1Y;Act360;Act360;;ModifiedFollowing;ModifiedFollowing;;2D
31.07.2025;6Mx9M;FRA;GBP;0,03781;LIBOR;3M;3M;;;;3M;Act360;Act360;;ModifiedFollowing;ModifiedFollowing;;2D
31.07.2025;4Y;IRS;EUR;0,02215;EURIBOR;3M;3M;;;;1Y;Act360;Act360;;ModifiedFollowing;ModifiedFollowing;;2D
31.07.2025;3M;OIS;USD;0,04287;SOFR;1D;3M;;;;3M;Act360;Act360;;ModifiedFollowing;ModifiedFollowing;;2D
31.07.2025;6Mx9M;FRA;USD;0,0414;LIBOR;3M;3M;;;;3M;Act360;Act360;;ModifiedFollowing;ModifiedFollowing;;2D
31.07.2025;4Mx7M;FRA;EUR;0,01935;EURIBOR;3M;3M;;;;3M;Act360;Act360;;ModifiedFollowing;ModifiedFollowing;;2D
31.07.2025;1M;OIS;EUR;0,02011;EONIA;1D;1M;;;;1M;Act360;Act360;;ModifiedFollowing;ModifiedFollowing;;2D
31.07.2025;6M;DEPOSIT;USD;0,0447;LIBOR;6M;6M;;;;6M;Act360;Act360;;ModifiedFollowing;ModifiedFollowing;;2D
31.07.2025;5Mx17M;FRA;EUR;0,02108;EURIBOR;3M;3M;;;;3M;Act360;Act360;;ModifiedFollowing;ModifiedFollowing;;2D
31.07.2025;11Mx23M;FRA;EUR;0,02176;EURIBOR;3M;3M;;;;3M;Act360;Act360;;ModifiedFollowing;ModifiedFollowing;;2D
31.07.2025;2M;IRS;EUR;0,01897;EURIBOR;1M;1M;;;;1Y;Act360;Act360;;ModifiedFollowing;ModifiedFollowing;;2D
31.07.2025;6M;OIS;GBP;0,03924;SONIA;1D;6M;;;;6M;Act360;Act360;;ModifiedFollowing;ModifiedFollowing;;2D
31.07.2025;2Mx8M;FRA;USD;0,0452;LIBOR;3M;3M;;;;3M;Act360;Act360;;ModifiedFollowing;ModifiedFollowing;;2D
31.07.2025;14D;OIS;GBP;0,04103;SONIA;1D;14D;;;;14D;Act360;Act360;;ModifiedFollowing;ModifiedFollowing;;2D
31.07.2025;5Mx8M;FRA;EUR;0,01918;EURIBOR;3M;3M;;;;3M;Act360;Act360;;ModifiedFollowing;ModifiedFollowing;;2D
31.07.2025;30Y;OIS;EUR;0,0281;EONIA;1D;1Y;;;;1Y;Act360;Act360;;ModifiedFollowing;ModifiedFollowing;;2D
31.07.2025;5Y;OIS;GBP;0,03744;SONIA;1D;1Y;;;;1Y;Act360;Act360;;ModifiedFollowing;ModifiedFollowing;;2D
31.07.2025;10M;IRS;EUR;0,01864;EURIBOR;1M;1M;;;;1Y;Act360;Act360;;ModifiedFollowing;ModifiedFollowing;;2D
31.07.2025;11M;OIS;GBP;0,03822;SONIA;1D;1Y;;;;1Y;Act360;Act360;;ModifiedFollowing;ModifiedFollowing;;2D
31.07.2025;3Mx9M;FRA;GBP;0,04036;LIBOR;3M;3M;;;;3M;Act360;Act360;;ModifiedFollowing;ModifiedFollowing;;2D
31.07.2025;6Y;OIS;USD;0,03562;SOFR;1D;1Y;;;;1Y;Act360;Act360;;ModifiedFollowing;ModifiedFollowing;;2D
31.07.2025;12M;DEPOSIT;EUR;0,0203;EURIBOR;12M;1Y;;;;1Y;Act360;Act360;;ModifiedFollowing;ModifiedFollowing;;2D
31.07.2025;5Y;OIS;EUR;0,022385;EONIA;1D;1Y;;;;1Y;Act360;Act360;;ModifiedFollowing;ModifiedFollowing;;2D
31.07.2025;8Mx20M;FRA;EUR;0,02127;EURIBOR;3M;3M;;;;3M;Act360;Act360;;ModifiedFollowing;ModifiedFollowing;;2D
31.07.2025;12M;DEPOSIT;GBP;0,0418;LIBOR;12M;1Y;;;;1Y;Act360;Act360;;ModifiedFollowing;ModifiedFollowing;;2D
31.07.2025;1M;OIS;GBP;0,04045;SONIA;1D;1M;;;;1M;Act360;Act360;;ModifiedFollowing;ModifiedFollowing;;2D
31.07.2025;3M;DEPOSIT;EUR;0,02075;EURIBOR;3M;3M;;;;3M;Act360;Act360;;ModifiedFollowing;ModifiedFollowing;;2D
31.07.2025;1Y;OIS;USD;0,03999;SOFR;1D;1Y;;;;1Y;Act360;Act360;;ModifiedFollowing;ModifiedFollowing;;2D
31.07.2025;6Mx9M;FRA;EUR;0,01906;EURIBOR;3M;3M;;;;3M;Act360;Act360;;ModifiedFollowing;ModifiedFollowing;;2D
31.07.2025;7Mx10M;FRA;USD;0,04071;LIBOR;3M;3M;;;;3M;Act360;Act360;;ModifiedFollowing;ModifiedFollowing;;2D
31.07.2025;5M;OIS;USD;0,04218;SOFR;1D;5M;;;;5M;Act360;Act360;;ModifiedFollowing;ModifiedFollowing;;2D
31.07.2025;10Y;OIS;USD;0,03763;SOFR;1D;1Y;;;;1Y;Act360;Act360;;ModifiedFollowing;ModifiedFollowing;;2D
31.07.2025;20Y;IRS;EUR;0,02881;EURIBOR;3M;3M;;;;1Y;Act360;Act360;;ModifiedFollowing;ModifiedFollowing;;2D
31.07.2025;5Y;OIS;USD;0,03522;SOFR;1D;1Y;;;;1Y;Act360;Act360;;ModifiedFollowing;ModifiedFollowing;;2D
31.07.2025;3M;DEPOSIT;USD;0,04405;LIBOR;3M;3M;;;;3M;Act360;Act360;;ModifiedFollowing;ModifiedFollowing;;2D
31.07.2025;60Y;IRS;EUR;0,02726;EURIBOR;3M;3M;;;;1Y;Act360;Act360;;ModifiedFollowing;ModifiedFollowing;;2D
31.07.2025;2Mx8M;FRA;GBP;0,04084;LIBOR;3M;3M;;;;3M;Act360;Act360;;ModifiedFollowing;ModifiedFollowing;;2D
31.07.2025;2M;OIS;GBP;0,04016;SONIA;1D;2M;;;;2M;Act360;Act360;;ModifiedFollowing;ModifiedFollowing;;2D
31.07.2025;6M;DEPOSIT;EUR;0,019;EURIBOR;6M;6M;;;;6M;Act360;Act360;;ModifiedFollowing;ModifiedFollowing;;2D
31.07.2025;1Mx13M;FRA;EUR;0,02141;EURIBOR;3M;3M;;;;3M;Act360;Act360;;ModifiedFollowing;ModifiedFollowing;;2D
31.07.2025;1Mx7M;FRA;USD;0,04594;LIBOR;3M;3M;;;;3M;Act360;Act360;;ModifiedFollowing;ModifiedFollowing;;2D
31.07.2025;7Mx10M;FRA;EUR;0,01894;EURIBOR;3M;3M;;;;3M;Act360;Act360;;ModifiedFollowing;ModifiedFollowing;;2D
31.07.2025;6Mx18M;FRA;EUR;0,0211;EURIBOR;3M;3M;;;;3M;Act360;Act360;;ModifiedFollowing;ModifiedFollowing;;2D
31.07.2025;1M;DEPOSIT;EUR;0,0194;EURIBOR;1M;1M;;;;1M;Act360;Act360;;ModifiedFollowing;ModifiedFollowing;;2D
31.07.2025;9M;OIS;EUR;0,0194;EONIA;1D;9M;;;;9M;Act360;Act360;;ModifiedFollowing;ModifiedFollowing;;2D
31.07.2025;6Y;OIS;EUR;0,02313;EONIA;1D;1Y;;;;1Y;Act360;Act360;;ModifiedFollowing;ModifiedFollowing;;2D
31.07.2025;3Y;OIS;USD;0,03526;SOFR;1D;1Y;;;;1Y;Act360;Act360;;ModifiedFollowing;ModifiedFollowing;;2D
31.07.2025;9Mx21M;FRA;EUR;0,0214;EURIBOR;3M;3M;;;;3M;Act360;Act360;;ModifiedFollowing;ModifiedFollowing;;2D
31.07.2025;1Mx7M;FRA;GBP;0,04151;LIBOR;3M;3M;;;;3M;Act360;Act360;;ModifiedFollowing;ModifiedFollowing;;2D
31.07.2025;3M;OIS;GBP;0,04005;SONIA;1D;3M;;;;3M;Act360;Act360;;ModifiedFollowing;ModifiedFollowing;;2D
31.07.2025;10M;OIS;USD;0,04063;SOFR;1D;1Y;;;;1Y;Act360;Act360;;ModifiedFollowing;ModifiedFollowing;;2D
31.07.2025;10Y;IRS;EUR;0,02627;EURIBOR;3M;3M;;;;1Y;Act360;Act360;;ModifiedFollowing;ModifiedFollowing;;2D
31.07.2025;6Y;OIS;GBP;0,03802;SONIA;1D;1Y;;;;1Y;Act360;Act360;;ModifiedFollowing;ModifiedFollowing;;2D
31.07.2025;9M;IRS;EUR;0,01869;EURIBOR;1M;1M;;;;1Y;Act360;Act360;;ModifiedFollowing;ModifiedFollowing;;2D
31.07.2025;11M;IRS;EUR;0,01861;EURIBOR;1M;1M;;;;1Y;Act360;Act360;;ModifiedFollowing;ModifiedFollowing;;2D
31.07.2025;11M;OIS;EUR;0,01928;EONIA;1D;1Y;;;;1Y;Act360;Act360;;ModifiedFollowing;ModifiedFollowing;;2D
31.07.2025;8Y;IRS;EUR;0,02509;EURIBOR;3M;3M;;;;1Y;Act360;Act360;;ModifiedFollowing;ModifiedFollowing;;2D
31.07.2025;7D;OIS;USD;0,04325;SOFR;1D;7D;;;;7D;Act360;Act360;;ModifiedFollowing;ModifiedFollowing;;2D
31.07.2025;8Mx11M;FRA;EUR;0,01892;EURIBOR;3M;3M;;;;3M;Act360;Act360;;ModifiedFollowing;ModifiedFollowing;;2D
31.07.2025;50Y;IRS;EUR;0,027765;EURIBOR;3M;3M;;;;1Y;Act360;Act360;;ModifiedFollowing;ModifiedFollowing;;2D
31.07.2025;1Y;IRS;EUR;0,01982;EURIBOR;3M;3M;;;;1Y;Act360;Act360;;ModifiedFollowing;ModifiedFollowing;;2D
31.07.2025;8Y;OIS;EUR;0,024525;EONIA;1D;1Y;;;;1Y;Act360;Act360;;ModifiedFollowing;ModifiedFollowing;;2D
31.07.2025;8Mx11M;FRA;GBP;0,03696;LIBOR;3M;3M;;;;3M;Act360;Act360;;ModifiedFollowing;ModifiedFollowing;;2D
31.07.2025;4M;OIS;GBP;0,03975;SONIA;1D;4M;;;;4M;Act360;Act360;;ModifiedFollowing;ModifiedFollowing;;2D
31.07.2025;1Mx4M;FRA;GBP;0,04067;LIBOR;3M;3M;;;;3M;Act360;Act360;;ModifiedFollowing;ModifiedFollowing;;2D
31.07.2025;1Y;OIS;GBP;0,03807;SONIA;1D;1Y;;;;1Y;Act360;Act360;;ModifiedFollowing;ModifiedFollowing;;2D
31.07.2025;1M;DEPOSIT;USD;0,0444;LIBOR;1M;1M;;;;1M;Act360;Act360;;ModifiedFollowing;ModifiedFollowing;;2D
31.07.2025;6M;DEPOSIT;GBP;0,0418;LIBOR;6M;6M;;;;6M;Act360;Act360;;ModifiedFollowing;ModifiedFollowing;;2D
31.07.2025;1Mx7M;FRA;EUR;0,02065;EURIBOR;3M;3M;;;;3M;Act360;Act360;;ModifiedFollowing;ModifiedFollowing;;2D
31.07.2025;8Mx11M;FRA;USD;0,04;LIBOR;3M;3M;;;;3M;Act360;Act360;;ModifiedFollowing;ModifiedFollowing;;2D
31.07.2025;7Mx19M;FRA;EUR;0,02115;EURIBOR;3M;3M;;;;3M;Act360;Act360;;ModifiedFollowing;ModifiedFollowing;;2D
30.07.2025;25Y;OIS;USD;0,04017;SOFR;1D;1Y;;;;1Y;Act360;Act360;;ModifiedFollowing;ModifiedFollowing;;2D
30.07.2025;7Y;OIS;EUR;0,0237;EONIA;1D;1Y;;;;1Y;Act360;Act360;;ModifiedFollowing;ModifiedFollowing;;2D
30.07.2025;10Y;OIS;GBP;0,04106;SONIA;1D;1Y;;;;1Y;Act360;Act360;;ModifiedFollowing;ModifiedFollowing;;2D
30.07.2025;40Y;IRS;EUR;0,02804;EURIBOR;3M;3M;;;;1Y;Act360;Act360;;ModifiedFollowing;ModifiedFollowing;;2D
30.07.2025;7Mx10M;FRA;GBP;0,03721;LIBOR;3M;3M;;;;3M;Act360;Act360;;ModifiedFollowing;ModifiedFollowing;;2D
30.07.2025;5M;OIS;GBP;0,03948;SONIA;1D;5M;;;;5M;Act360;Act360;;ModifiedFollowing;ModifiedFollowing;;2D
30.07.2025;6Y;OIS;USD;0,03532;SOFR;1D;1Y;;;;1Y;Act360;Act360;;ModifiedFollowing;ModifiedFollowing;;2D
30.07.2025;9Y;IRS;EUR;0,025603;EURIBOR;3M;3M;;;;1Y;Act360;Act360;;ModifiedFollowing;ModifiedFollowing;;2D
30.07.2025;14D;OIS;EUR;0,02011;EONIA;1D;14D;;;;14D;Act360;Act360;;ModifiedFollowing;ModifiedFollowing;;2D
30.07.2025;6Mx9M;FRA;GBP;0,03772;LIBOR;3M;3M;;;;3M;Act360;Act360;;ModifiedFollowing;ModifiedFollowing;;2D
30.07.2025;5M;OIS;USD;0,04174;SOFR;1D;5M;;;;5M;Act360;Act360;;ModifiedFollowing;ModifiedFollowing;;2D
30.07.2025;2Mx8M;FRA;EUR;0,02019;EURIBOR;3M;3M;;;;3M;Act360;Act360;;ModifiedFollowing;ModifiedFollowing;;2D
30.07.2025;6M;OIS;GBP;0,03925;SONIA;1D;6M;;;;6M;Act360;Act360;;ModifiedFollowing;ModifiedFollowing;;2D
30.07.2025;9M;IRS;EUR;0,01847;EURIBOR;1M;1M;;;;1Y;Act360;Act360;;ModifiedFollowing;ModifiedFollowing;;2D
30.07.2025;7M;OIS;GBP;0,039;SONIA;1D;7M;;;;7M;Act360;Act360;;ModifiedFollowing;ModifiedFollowing;;2D
30.07.2025;8Y;OIS;EUR;0,024435;EONIA;1D;1Y;;;;1Y;Act360;Act360;;ModifiedFollowing;ModifiedFollowing;;2D
30.07.2025;30Y;IRS;EUR;0,028425;EURIBOR;3M;3M;;;;1Y;Act360;Act360;;ModifiedFollowing;ModifiedFollowing;;2D
30.07.2025;3Mx9M;FRA;EUR;0,01992;EURIBOR;3M;3M;;;;3M;Act360;Act360;;ModifiedFollowing;ModifiedFollowing;;2D
30.07.2025;10Mx22M;FRA;EUR;0,02103;EURIBOR;3M;3M;;;;3M;Act360;Act360;;ModifiedFollowing;ModifiedFollowing;;2D
30.07.2025;5Mx8M;FRA;GBP;0,03818;LIBOR;3M;3M;;;;3M;Act360;Act360;;ModifiedFollowing;ModifiedFollowing;;2D
30.07.2025;9Y;OIS;EUR;0,02509;EONIA;1D;1Y;;;;1Y;Act360;Act360;;ModifiedFollowing;ModifiedFollowing;;2D
30.07.2025;8M;OIS;GBP;0,03875;SONIA;1D;8M;;;;8M;Act360;Act360;;ModifiedFollowing;ModifiedFollowing;;2D
30.07.2025;8Mx20M;FRA;EUR;0,02075;EURIBOR;3M;3M;;;;3M;Act360;Act360;;ModifiedFollowing;ModifiedFollowing;;2D
30.07.2025;6M;OIS;EUR;0,01955;EONIA;1D;6M;;;;6M;Act360;Act360;;ModifiedFollowing;ModifiedFollowing;;2D
30.07.2025;7Y;OIS;USD;0,03587;SOFR;1D;1Y;;;;1Y;Act360;Act360;;ModifiedFollowing;ModifiedFollowing;;2D
30.07.2025;4Mx7M;FRA;GBP;0,03876;LIBOR;3M;3M;;;;3M;Act360;Act360;;ModifiedFollowing;ModifiedFollowing;;2D
30.07.2025;9M;OIS;GBP;0,03857;SONIA;1D;9M;;;;9M;Act360;Act360;;ModifiedFollowing;ModifiedFollowing;;2D
30.07.2025;4Mx10M;FRA;EUR;0,01975;EURIBOR;3M;3M;;;;3M;Act360;Act360;;ModifiedFollowing;ModifiedFollowing;;2D
30.07.2025;50Y;OIS;GBP;0,04413;SONIA;1D;1Y;;;;1Y;Act360;Act360;;ModifiedFollowing;ModifiedFollowing;;2D
30.07.2025;25Y;IRS;EUR;0,028625;EURIBOR;3M;3M;;;;1Y;Act360;Act360;;ModifiedFollowing;ModifiedFollowing;;2D
30.07.2025;18M;OIS;USD;0,03701;SOFR;1D;1Y;;;;1Y;Act360;Act360;;ModifiedFollowing;ModifiedFollowing;;2D
30.07.2025;5Mx11M;FRA;EUR;0,01961;EURIBOR;3M;3M;;;;3M;Act360;Act360;;ModifiedFollowing;ModifiedFollowing;;2D
30.07.2025;3Mx6M;FRA;GBP;0,03935;LIBOR;3M;3M;;;;3M;Act360;Act360;;ModifiedFollowing;ModifiedFollowing;;2D
30.07.2025;10M;OIS;GBP;0,03836;SONIA;1D;1Y;;;;1Y;Act360;Act360;;ModifiedFollowing;ModifiedFollowing;;2D
30.07.2025;8Y;OIS;USD;0,03644;SOFR;1D;1Y;;;;1Y;Act360;Act360;;ModifiedFollowing;ModifiedFollowing;;2D
30.07.2025;7Mx19M;FRA;EUR;0,02065;EURIBOR;3M;3M;;;;3M;Act360;Act360;;ModifiedFollowing;ModifiedFollowing;;2D
30.07.2025;10Y;OIS;EUR;0,02565;EONIA;1D;1Y;;;;1Y;Act360;Act360;;ModifiedFollowing;ModifiedFollowing;;2D
30.07.2025;10M;OIS;EUR;0,01909;EONIA;1D;1Y;;;;1Y;Act360;Act360;;ModifiedFollowing;ModifiedFollowing;;2D
30.07.2025;2Mx5M;FRA;GBP;0,03996;LIBOR;3M;3M;;;;3M;Act360;Act360;;ModifiedFollowing;ModifiedFollowing;;2D
30.07.2025;11M;OIS;GBP;0,03817;SONIA;1D;1Y;;;;1Y;Act360;Act360;;ModifiedFollowing;ModifiedFollowing;;2D
30.07.2025;12M;DEPOSIT;GBP;0,0418;LIBOR;12M;1Y;;;;1Y;Act360;Act360;;ModifiedFollowing;ModifiedFollowing;;2D
30.07.2025;20Y;IRS;EUR;0,02876;EURIBOR;3M;3M;;;;1Y;Act360;Act360;;ModifiedFollowing;ModifiedFollowing;;2D
30.07.2025;4Y;IRS;EUR;0,02184;EURIBOR;3M;3M;;;;1Y;Act360;Act360;;ModifiedFollowing;ModifiedFollowing;;2D
30.07.2025;1Mx13M;FRA;EUR;0,02117;EURIBOR;3M;3M;;;;3M;Act360;Act360;;ModifiedFollowing;ModifiedFollowing;;2D
30.07.2025;6M;DEPOSIT;GBP;0,0419;LIBOR;6M;6M;;;;6M;Act360;Act360;;ModifiedFollowing;ModifiedFollowing;;2D
30.07.2025;4M;OIS;USD;0,04224;SOFR;1D;4M;;;;4M;Act360;Act360;;ModifiedFollowing;ModifiedFollowing;;2D
30.07.2025;1Mx4M;FRA;GBP;0,04067;LIBOR;3M;3M;;;;3M;Act360;Act360;;ModifiedFollowing;ModifiedFollowing;;2D
30.07.2025;7M;OIS;EUR;0,01942;EONIA;1D;7M;;;;7M;Act360;Act360;;ModifiedFollowing;ModifiedFollowing;;2D
30.07.2025;1Y;OIS;GBP;0,03803;SONIA;1D;1Y;;;;1Y;Act360;Act360;;ModifiedFollowing;ModifiedFollowing;;2D
30.07.2025;15Y;OIS;EUR;0,02771;EONIA;1D;1Y;;;;1Y;Act360;Act360;;ModifiedFollowing;ModifiedFollowing;;2D
30.07.2025;18M;OIS;GBP;0,03703;SONIA;1D;1Y;;;;1Y;Act360;Act360;;ModifiedFollowing;ModifiedFollowing;;2D
30.07.2025;2Mx14M;FRA;EUR;0,02101;EURIBOR;3M;3M;;;;3M;Act360;Act360;;ModifiedFollowing;ModifiedFollowing;;2D
30.07.2025;9M;OIS;USD;0,0403;SOFR;1D;9M;;;;9M;Act360;Act360;;ModifiedFollowing;ModifiedFollowing;;2D
30.07.2025;7Y;IRS;EUR;0,024275;EURIBOR;3M;3M;;;;1Y;Act360;Act360;;ModifiedFollowing;ModifiedFollowing;;2D
30.07.2025;5Mx11M;FRA;USD;0,04199;LIBOR;3M;3M;;;;3M;Act360;Act360;;ModifiedFollowing;ModifiedFollowing;;2D
30.07.2025;8M;IRS;EUR;0,01857;EURIBOR;1M;1M;;;;1Y;Act360;Act360;;ModifiedFollowing;ModifiedFollowing;;2D
30.07.2025;15Y;IRS;EUR;0,028225;EURIBOR;3M;3M;;;;1Y;Act360;Act360;;ModifiedFollowing;ModifiedFollowing;;2D
30.07.2025;5Mx8M;FRA;USD;0,04127;LIBOR;3M;3M;;;;3M;Act360;Act360;;ModifiedFollowing;ModifiedFollowing;;2D
30.07.2025;3M;DEPOSIT;GBP;0,0417;LIBOR;3M;3M;;;;3M;Act360;Act360;;ModifiedFollowing;ModifiedFollowing;;2D
30.07.2025;2Y;OIS;GBP;0,03678;SONIA;1D;1Y;;;;1Y;Act360;Act360;;ModifiedFollowing;ModifiedFollowing;;2D
30.07.2025;3Mx15M;FRA;EUR;0,02082;EURIBOR;3M;3M;;;;3M;Act360;Act360;;ModifiedFollowing;ModifiedFollowing;;2D
30.07.2025;2Y;OIS;USD;0,035777;SOFR;1D;1Y;;;;1Y;Act360;Act360;;ModifiedFollowing;ModifiedFollowing;;2D
30.07.2025;7D;OIS;EUR;0,019255;EONIA;1D;7D;;;;7D;Act360;Act360;;ModifiedFollowing;ModifiedFollowing;;2D
30.07.2025;12Y;IRS;EUR;0,027185;EURIBOR;3M;3M;;;;1Y;Act360;Act360;;ModifiedFollowing;ModifiedFollowing;;2D
30.07.2025;20Y;OIS;EUR;0,02829;EONIA;1D;1Y;;;;1Y;Act360;Act360;;ModifiedFollowing;ModifiedFollowing;;2D
30.07.2025;4Mx10M;FRA;USD;0,04276;LIBOR;3M;3M;;;;3M;Act360;Act360;;ModifiedFollowing;ModifiedFollowing;;2D
30.07.2025;9Y;OIS;USD;0,03698;SOFR;1D;1Y;;;;1Y;Act360;Act360;;ModifiedFollowing;ModifiedFollowing;;2D
30.07.2025;3Y;OIS;GBP;0,03676;SONIA;1D;1Y;;;;1Y;Act360;Act360;;ModifiedFollowing;ModifiedFollowing;;2D
30.07.2025;12Y;OIS;GBP;0,04234;SONIA;1D;1Y;;;;1Y;Act360;Act360;;ModifiedFollowing;ModifiedFollowing;;2D
30.07.2025;7Y;OIS;GBP;0,03893;SONIA;1D;1Y;;;;1Y;Act360;Act360;;ModifiedFollowing;ModifiedFollowing;;2D
30.07.2025;1M;DEPOSIT;GBP;0,0411;LIBOR;1M;1M;;;;1M;Act360;Act360;;ModifiedFollowing;ModifiedFollowing;;2D
30.07.2025;4Mx16M;FRA;EUR;0,02072;EURIBOR;3M;3M;;;;3M;Act360;Act360;;ModifiedFollowing;ModifiedFollowing;;2D
30.07.2025;7Mx10M;FRA;USD;0,03984;LIBOR;3M;3M;;;;3M;Act360;Act360;;ModifiedFollowing;ModifiedFollowing;;2D
30.07.2025;3Mx9M;FRA;USD;0,04354;LIBOR;3M;3M;;;;3M;Act360;Act360;;ModifiedFollowing;ModifiedFollowing;;2D
30.07.2025;4Y;OIS;GBP;0,03711;SONIA;1D;1Y;;;;1Y;Act360;Act360;;ModifiedFollowing;ModifiedFollowing;;2D
30.07.2025;14D;OIS;USD;0,04326;SOFR;1D;14D;;;;14D;Act360;Act360;;ModifiedFollowing;ModifiedFollowing;;2D
30.07.2025;12M;DEPOSIT;USD;0,04345;LIBOR;12M;1Y;;;;1Y;Act360;Act360;;ModifiedFollowing;ModifiedFollowing;;2D
30.07.2025;11Y;IRS;EUR;0,026717;EURIBOR;3M;3M;;;;1Y;Act360;Act360;;ModifiedFollowing;ModifiedFollowing;;2D
30.07.2025;6M;DEPOSIT;USD;0,04385;LIBOR;6M;6M;;;;6M;Act360;Act360;;ModifiedFollowing;ModifiedFollowing;;2D
30.07.2025;7M;OIS;USD;0,04096;SOFR;1D;7M;;;;7M;Act360;Act360;;ModifiedFollowing;ModifiedFollowing;;2D
30.07.2025;2Mx8M;FRA;USD;0,04441;LIBOR;3M;3M;;;;3M;Act360;Act360;;ModifiedFollowing;ModifiedFollowing;;2D
30.07.2025;5Y;OIS;GBP;0,03763;SONIA;1D;1Y;;;;1Y;Act360;Act360;;ModifiedFollowing;ModifiedFollowing;;2D
30.07.2025;11Mx23M;FRA;EUR;0,0212;EURIBOR;3M;3M;;;;3M;Act360;Act360;;ModifiedFollowing;ModifiedFollowing;;2D
30.07.2025;30Y;OIS;EUR;0,02805;EONIA;1D;1Y;;;;1Y;Act360;Act360;;ModifiedFollowing;ModifiedFollowing;;2D
30.07.2025;5Mx17M;FRA;EUR;0,02065;EURIBOR;3M;3M;;;;3M;Act360;Act360;;ModifiedFollowing;ModifiedFollowing;;2D
30.07.2025;10Y;OIS;USD;0,03751;SOFR;1D;1Y;;;;1Y;Act360;Act360;;ModifiedFollowing;ModifiedFollowing;;2D
30.07.2025;6M;DEPOSIT;EUR;0,0188;EURIBOR;6M;6M;;;;6M;Act360;Act360;;ModifiedFollowing;ModifiedFollowing;;2D
30.07.2025;3M;DEPOSIT;USD;0,04385;LIBOR;3M;3M;;;;3M;Act360;Act360;;ModifiedFollowing;ModifiedFollowing;;2D
30.07.2025;1M;OIS;USD;0,0433;SOFR;1D;1M;;;;1M;Act360;Act360;;ModifiedFollowing;ModifiedFollowing;;2D
30.07.2025;1Mx7M;FRA;USD;0,04529;LIBOR;3M;3M;;;;3M;Act360;Act360;;ModifiedFollowing;ModifiedFollowing;;2D
30.07.2025;6Mx18M;FRA;EUR;0,02063;EURIBOR;3M;3M;;;;3M;Act360;Act360;;ModifiedFollowing;ModifiedFollowing;;2D
30.07.2025;10Y;IRS;EUR;0,026175;EURIBOR;3M;3M;;;;1Y;Act360;Act360;;ModifiedFollowing;ModifiedFollowing;;2D
30.07.2025;11M;IRS;EUR;0,01836;EURIBOR;1M;1M;;;;1Y;Act360;Act360;;ModifiedFollowing;ModifiedFollowing;;2D
30.07.2025;6Y;OIS;GBP;0,03824;SONIA;1D;1Y;;;;1Y;Act360;Act360;;ModifiedFollowing;ModifiedFollowing;;2D
30.07.2025;1Y;IRS;EUR;0,01961;EURIBOR;3M;3M;;;;1Y;Act360;Act360;;ModifiedFollowing;ModifiedFollowing;;2D
30.07.2025;11M;OIS;EUR;0,01903;EONIA;1D;1Y;;;;1Y;Act360;Act360;;ModifiedFollowing;ModifiedFollowing;;2D
30.07.2025;1M;DEPOSIT;USD;0,04355;LIBOR;1M;1M;;;;1M;Act360;Act360;;ModifiedFollowing;ModifiedFollowing;;2D
30.07.2025;8Mx11M;FRA;USD;0,03904;LIBOR;3M;3M;;;;3M;Act360;Act360;;ModifiedFollowing;ModifiedFollowing;;2D
30.07.2025;7M;IRS;EUR;0,01867;EURIBOR;1M;1M;;;;1Y;Act360;Act360;;ModifiedFollowing;ModifiedFollowing;;2D
30.07.2025;9Mx21M;FRA;EUR;0,02089;EURIBOR;3M;3M;;;;3M;Act360;Act360;;ModifiedFollowing;ModifiedFollowing;;2D
30.07.2025;12Y;OIS;USD;0,03847;SOFR;1D;1Y;;;;1Y;Act360;Act360;;ModifiedFollowing;ModifiedFollowing;;2D
30.07.2025;4Mx7M;FRA;USD;0,04201;LIBOR;3M;3M;;;;3M;Act360;Act360;;ModifiedFollowing;ModifiedFollowing;;2D
30.07.2025;6M;IRS;EUR;0,01876;EURIBOR;1M;1M;;;;1Y;Act360;Act360;;ModifiedFollowing;ModifiedFollowing;;2D
30.07.2025;1Y;OIS;EUR;0,01897;EONIA;1D;1Y;;;;1Y;Act360;Act360;;ModifiedFollowing;ModifiedFollowing;;2D
30.07.2025;5M;OIS;EUR;0,01972;EONIA;1D;5M;;;;5M;Act360;Act360;;ModifiedFollowing;ModifiedFollowing;;2D
30.07.2025;15Y;OIS;GBP;0,04384;SONIA;1D;1Y;;;;1Y;Act360;Act360;;ModifiedFollowing;ModifiedFollowing;;2D
30.07.2025;15Y;OIS;USD;0,03953;SOFR;1D;1Y;;;;1Y;Act360;Act360;;ModifiedFollowing;ModifiedFollowing;;2D
30.07.2025;8M;OIS;EUR;0,0193;EONIA;1D;8M;;;;8M;Act360;Act360;;ModifiedFollowing;ModifiedFollowing;;2D
30.07.2025;40Y;OIS;GBP;0,04516;SONIA;1D;1Y;;;;1Y;Act360;Act360;;ModifiedFollowing;ModifiedFollowing;;2D
30.07.2025;11M;OIS;USD;0,03962;SOFR;1D;1Y;;;;1Y;Act360;Act360;;ModifiedFollowing;ModifiedFollowing;;2D
30.07.2025;1Mx4M;FRA;USD;0,04481;LIBOR;3M;3M;;;;3M;Act360;Act360;;ModifiedFollowing;ModifiedFollowing;;2D
30.07.2025;20Y;OIS;USD;0,04031;SOFR;1D;1Y;;;;1Y;Act360;Act360;;ModifiedFollowing;ModifiedFollowing;;2D
30.07.2025;18M;OIS;EUR;0,01884;EONIA;1D;1Y;;;;1Y;Act360;Act360;;ModifiedFollowing;ModifiedFollowing;;2D
30.07.2025;4M;OIS;EUR;0,01984;EONIA;1D;4M;;;;4M;Act360;Act360;;ModifiedFollowing;ModifiedFollowing;;2D
30.07.2025;5M;IRS;EUR;0,0189;EURIBOR;1M;1M;;;;1Y;Act360;Act360;;ModifiedFollowing;ModifiedFollowing;;2D
30.07.2025;9Y;OIS;GBP;0,04037;SONIA;1D;1Y;;;;1Y;Act360;Act360;;ModifiedFollowing;ModifiedFollowing;;2D
30.07.2025;5Y;IRS;EUR;0,02272;EURIBOR;3M;3M;;;;1Y;Act360;Act360;;ModifiedFollowing;ModifiedFollowing;;2D
30.07.2025;6Y;IRS;EUR;0,023523;EURIBOR;3M;3M;;;;1Y;Act360;Act360;;ModifiedFollowing;ModifiedFollowing;;2D
30.07.2025;3Y;IRS;EUR;0,02085;EURIBOR;3M;3M;;;;1Y;Act360;Act360;;ModifiedFollowing;ModifiedFollowing;;2D
30.07.2025;2Y;OIS;EUR;0,01916;EONIA;1D;1Y;;;;1Y;Act360;Act360;;ModifiedFollowing;ModifiedFollowing;;2D
30.07.2025;3Mx6M;FRA;USD;0,04281;LIBOR;3M;3M;;;;3M;Act360;Act360;;ModifiedFollowing;ModifiedFollowing;;2D
30.07.2025;30Y;OIS;USD;0,03974;SOFR;1D;1Y;;;;1Y;Act360;Act360;;ModifiedFollowing;ModifiedFollowing;;2D
30.07.2025;1Mx4M;FRA;EUR;0,01992;EURIBOR;3M;3M;;;;3M;Act360;Act360;;ModifiedFollowing;ModifiedFollowing;;2D
30.07.2025;20Y;OIS;GBP;0,04528;SONIA;1D;1Y;;;;1Y;Act360;Act360;;ModifiedFollowing;ModifiedFollowing;;2D
30.07.2025;8Y;OIS;GBP;0,03965;SONIA;1D;1Y;;;;1Y;Act360;Act360;;ModifiedFollowing;ModifiedFollowing;;2D
30.07.2025;4M;IRS;EUR;0,01897;EURIBOR;1M;1M;;;;1Y;Act360;Act360;;ModifiedFollowing;ModifiedFollowing;;2D
30.07.2025;30Y;OIS;GBP;0,04585;SONIA;1D;1Y;;;;1Y;Act360;Act360;;ModifiedFollowing;ModifiedFollowing;;2D
30.07.2025;35Y;OIS;USD;0,03907;SOFR;1D;1Y;;;;1Y;Act360;Act360;;ModifiedFollowing;ModifiedFollowing;;2D
30.07.2025;6M;OIS;USD;0,04133;SOFR;1D;6M;;;;6M;Act360;Act360;;ModifiedFollowing;ModifiedFollowing;;2D
30.07.2025;25Y;OIS;GBP;0,04584;SONIA;1D;1Y;;;;1Y;Act360;Act360;;ModifiedFollowing;ModifiedFollowing;;2D
30.07.2025;3Y;OIS;EUR;0,02018;EONIA;1D;1Y;;;;1Y;Act360;Act360;;ModifiedFollowing;ModifiedFollowing;;2D
30.07.2025;2Mx5M;FRA;USD;0,0438;LIBOR;3M;3M;;;;3M;Act360;Act360;;ModifiedFollowing;ModifiedFollowing;;2D
30.07.2025;2Mx5M;FRA;EUR;0,01977;EURIBOR;3M;3M;;;;3M;Act360;Act360;;ModifiedFollowing;ModifiedFollowing;;2D
30.07.2025;40Y;OIS;USD;0,03843;SOFR;1D;1Y;;;;1Y;Act360;Act360;;ModifiedFollowing;ModifiedFollowing;;2D
30.07.2025;2Y;IRS;EUR;0,01982;EURIBOR;3M;3M;;;;1Y;Act360;Act360;;ModifiedFollowing;ModifiedFollowing;;2D
30.07.2025;3M;IRS;EUR;0,01902;EURIBOR;1M;1M;;;;1Y;Act360;Act360;;ModifiedFollowing;ModifiedFollowing;;2D
30.07.2025;2M;OIS;USD;0,04309;SOFR;1D;2M;;;;2M;Act360;Act360;;ModifiedFollowing;ModifiedFollowing;;2D
30.07.2025;2M;OIS;EUR;0,02004;EONIA;1D;2M;;;;2M;Act360;Act360;;ModifiedFollowing;ModifiedFollowing;;2D
30.07.2025;12M;DEPOSIT;EUR;0,0216;EURIBOR;12M;1Y;;;;1Y;Act360;Act360;;ModifiedFollowing;ModifiedFollowing;;2D
30.07.2025;5Mx11M;FRA;GBP;0,03931;LIBOR;3M;3M;;;;3M;Act360;Act360;;ModifiedFollowing;ModifiedFollowing;;2D
30.07.2025;3M;OIS;EUR;0,01995;EONIA;1D;3M;;;;3M;Act360;Act360;;ModifiedFollowing;ModifiedFollowing;;2D
30.07.2025;50Y;OIS;USD;0,03709;SOFR;1D;1Y;;;;1Y;Act360;Act360;;ModifiedFollowing;ModifiedFollowing;;2D
30.07.2025;1M;OIS;EUR;0,02011;EONIA;1D;1M;;;;1M;Act360;Act360;;ModifiedFollowing;ModifiedFollowing;;2D
30.07.2025;6Mx9M;FRA;USD;0,04053;LIBOR;3M;3M;;;;3M;Act360;Act360;;ModifiedFollowing;ModifiedFollowing;;2D
30.07.2025;3Mx6M;FRA;EUR;0,019335;EURIBOR;3M;3M;;;;3M;Act360;Act360;;ModifiedFollowing;ModifiedFollowing;;2D
30.07.2025;4Mx10M;FRA;GBP;0,03971;LIBOR;3M;3M;;;;3M;Act360;Act360;;ModifiedFollowing;ModifiedFollowing;;2D
30.07.2025;7D;OIS;GBP;0,0422;SONIA;1D;7D;;;;7D;Act360;Act360;;ModifiedFollowing;ModifiedFollowing;;2D
30.07.2025;4Y;OIS;EUR;0,021195;EONIA;1D;1Y;;;;1Y;Act360;Act360;;ModifiedFollowing;ModifiedFollowing;;2D
30.07.2025;4Y;OIS;USD;0,03461;SOFR;1D;1Y;;;;1Y;Act360;Act360;;ModifiedFollowing;ModifiedFollowing;;2D
30.07.2025;3M;DEPOSIT;EUR;0,02025;EURIBOR;3M;3M;;;;3M;Act360;Act360;;ModifiedFollowing;ModifiedFollowing;;2D
30.07.2025;4Mx7M;FRA;EUR;0,01909;EURIBOR;3M;3M;;;;3M;Act360;Act360;;ModifiedFollowing;ModifiedFollowing;;2D
30.07.2025;2M;IRS;EUR;0,01901;EURIBOR;1M;1M;;;;1Y;Act360;Act360;;ModifiedFollowing;ModifiedFollowing;;2D
30.07.2025;10M;IRS;EUR;0,01841;EURIBOR;1M;1M;;;;1Y;Act360;Act360;;ModifiedFollowing;ModifiedFollowing;;2D
30.07.2025;5Mx8M;FRA;EUR;0,01884;EURIBOR;3M;3M;;;;3M;Act360;Act360;;ModifiedFollowing;ModifiedFollowing;;2D
30.07.2025;3Mx9M;FRA;GBP;0,04031;LIBOR;3M;3M;;;;3M;Act360;Act360;;ModifiedFollowing;ModifiedFollowing;;2D
30.07.2025;14D;OIS;GBP;0,0412;SONIA;1D;14D;;;;14D;Act360;Act360;;ModifiedFollowing;ModifiedFollowing;;2D
30.07.2025;5Y;OIS;EUR;0,0221;EONIA;1D;1Y;;;;1Y;Act360;Act360;;ModifiedFollowing;ModifiedFollowing;;2D
30.07.2025;1M;OIS;GBP;0,04051;SONIA;1D;1M;;;;1M;Act360;Act360;;ModifiedFollowing;ModifiedFollowing;;2D
30.07.2025;1Y;OIS;USD;0,03924;SOFR;1D;1Y;;;;1Y;Act360;Act360;;ModifiedFollowing;ModifiedFollowing;;2D
30.07.2025;6Mx9M;FRA;EUR;0,01867;EURIBOR;3M;3M;;;;3M;Act360;Act360;;ModifiedFollowing;ModifiedFollowing;;2D
30.07.2025;60Y;IRS;EUR;0,0271;EURIBOR;3M;3M;;;;1Y;Act360;Act360;;ModifiedFollowing;ModifiedFollowing;;2D
30.07.2025;3M;OIS;USD;0,04265;SOFR;1D;3M;;;;3M;Act360;Act360;;ModifiedFollowing;ModifiedFollowing;;2D
30.07.2025;2Mx8M;FRA;GBP;0,04084;LIBOR;3M;3M;;;;3M;Act360;Act360;;ModifiedFollowing;ModifiedFollowing;;2D
30.07.2025;2M;OIS;GBP;0,0402;SONIA;1D;2M;;;;2M;Act360;Act360;;ModifiedFollowing;ModifiedFollowing;;2D
30.07.2025;5Y;OIS;USD;0,03484;SOFR;1D;1Y;;;;1Y;Act360;Act360;;ModifiedFollowing;ModifiedFollowing;;2D
30.07.2025;1M;DEPOSIT;EUR;0,01965;EURIBOR;1M;1M;;;;1M;Act360;Act360;;ModifiedFollowing;ModifiedFollowing;;2D
30.07.2025;7Mx10M;FRA;EUR;0,01854;EURIBOR;3M;3M;;;;3M;Act360;Act360;;ModifiedFollowing;ModifiedFollowing;;2D
30.07.2025;9M;OIS;EUR;0,01918;EONIA;1D;9M;;;;9M;Act360;Act360;;ModifiedFollowing;ModifiedFollowing;;2D
30.07.2025;50Y;IRS;EUR;0,0276;EURIBOR;3M;3M;;;;1Y;Act360;Act360;;ModifiedFollowing;ModifiedFollowing;;2D
30.07.2025;1Mx7M;FRA;GBP;0,04148;LIBOR;3M;3M;;;;3M;Act360;Act360;;ModifiedFollowing;ModifiedFollowing;;2D
30.07.2025;3M;OIS;GBP;0,04008;SONIA;1D;3M;;;;3M;Act360;Act360;;ModifiedFollowing;ModifiedFollowing;;2D
30.07.2025;6Y;OIS;EUR;0,022945;EONIA;1D;1Y;;;;1Y;Act360;Act360;;ModifiedFollowing;ModifiedFollowing;;2D
30.07.2025;8Y;IRS;EUR;0,024955;EURIBOR;3M;3M;;;;1Y;Act360;Act360;;ModifiedFollowing;ModifiedFollowing;;2D
30.07.2025;7D;OIS;USD;0,04324;SOFR;1D;7D;;;;7D;Act360;Act360;;ModifiedFollowing;ModifiedFollowing;;2D
30.07.2025;8Mx11M;FRA;EUR;0,01851;EURIBOR;3M;3M;;;;3M;Act360;Act360;;ModifiedFollowing;ModifiedFollowing;;2D
30.07.2025;8Mx11M;FRA;GBP;0,03685;LIBOR;3M;3M;;;;3M;Act360;Act360;;ModifiedFollowing;ModifiedFollowing;;2D
30.07.2025;4M;OIS;GBP;0,03977;SONIA;1D;4M;;;;4M;Act360;Act360;;ModifiedFollowing;ModifiedFollowing;;2D
30.07.2025;3Y;OIS;USD;0,03473;SOFR;1D;1Y;;;;1Y;Act360;Act360;;ModifiedFollowing;ModifiedFollowing;;2D
30.07.2025;10M;OIS;USD;0,03994;SOFR;1D;1Y;;;;1Y;Act360;Act360;;ModifiedFollowing;ModifiedFollowing;;2D
30.07.2025;1Mx7M;FRA;EUR;0,02046;EURIBOR;3M;3M;;;;3M;Act360;Act360;;ModifiedFollowing;ModifiedFollowing;;2D
30.07.2025;8M;OIS;USD;0,04063;SOFR;1D;8M;;;;8M;Act360;Act360;;ModifiedFollowing;ModifiedFollowing;;2D
29.07.2025;2Y;OIS;GBP;0,0371;SONIA;1D;1Y;;;;1Y;Act360;Act360;;ModifiedFollowing;ModifiedFollowing;;2D
29.07.2025;7Y;OIS;GBP;0,03945;SONIA;1D;1Y;;;;1Y;Act360;Act360;;ModifiedFollowing;ModifiedFollowing;;2D
29.07.2025;7Mx19M;FRA;EUR;0,02067;EURIBOR;3M;3M;;;;3M;Act360;Act360;;ModifiedFollowing;ModifiedFollowing;;2D
29.07.2025;2Y;IRS;EUR;0,0198165;EURIBOR;3M;3M;;;;1Y;Act360;Act360;;ModifiedFollowing;ModifiedFollowing;;2D
29.07.2025;8Y;OIS;GBP;0,04019;SONIA;1D;1Y;;;;1Y;Act360;Act360;;ModifiedFollowing;ModifiedFollowing;;2D
29.07.2025;12M;DEPOSIT;EUR;0,02005;EURIBOR;12M;1Y;;;;1Y;Act360;Act360;;ModifiedFollowing;ModifiedFollowing;;2D
29.07.2025;9Y;IRS;EUR;0,02582;EURIBOR;3M;3M;;;;1Y;Act360;Act360;;ModifiedFollowing;ModifiedFollowing;;2D
29.07.2025;8Mx20M;FRA;EUR;0,02083;EURIBOR;3M;3M;;;;3M;Act360;Act360;;ModifiedFollowing;ModifiedFollowing;;2D
29.07.2025;6M;DEPOSIT;EUR;0,0188;EURIBOR;6M;6M;;;;6M;Act360;Act360;;ModifiedFollowing;ModifiedFollowing;;2D
29.07.2025;7Mx10M;FRA;USD;0,04029;LIBOR;3M;3M;;;;3M;Act360;Act360;;ModifiedFollowing;ModifiedFollowing;;2D
29.07.2025;9Mx21M;FRA;EUR;0,02093;EURIBOR;3M;3M;;;;3M;Act360;Act360;;ModifiedFollowing;ModifiedFollowing;;2D
29.07.2025;9Y;OIS;GBP;0,04092;SONIA;1D;1Y;;;;1Y;Act360;Act360;;ModifiedFollowing;ModifiedFollowing;;2D
29.07.2025;3Y;IRS;EUR;0,02094;EURIBOR;3M;3M;;;;1Y;Act360;Act360;;ModifiedFollowing;ModifiedFollowing;;2D
29.07.2025;3M;DEPOSIT;EUR;0,02065;EURIBOR;3M;3M;;;;3M;Act360;Act360;;ModifiedFollowing;ModifiedFollowing;;2D
29.07.2025;6Mx9M;FRA;USD;0,04097;LIBOR;3M;3M;;;;3M;Act360;Act360;;ModifiedFollowing;ModifiedFollowing;;2D
29.07.2025;1M;DEPOSIT;EUR;0,0194;EURIBOR;1M;1M;;;;1M;Act360;Act360;;ModifiedFollowing;ModifiedFollowing;;2D
29.07.2025;8Y;IRS;EUR;0,025165;EURIBOR;3M;3M;;;;1Y;Act360;Act360;;ModifiedFollowing;ModifiedFollowing;;2D
29.07.2025;10Y;OIS;GBP;0,04163;SONIA;1D;1Y;;;;1Y;Act360;Act360;;ModifiedFollowing;ModifiedFollowing;;2D
29.07.2025;3Y;OIS;USD;0,03525;SOFR;1D;1Y;;;;1Y;Act360;Act360;;ModifiedFollowing;ModifiedFollowing;;2D
29.07.2025;4M;OIS;EUR;0,01988;EONIA;1D;4M;;;;4M;Act360;Act360;;ModifiedFollowing;ModifiedFollowing;;2D
29.07.2025;10Mx22M;FRA;EUR;0,02109;EURIBOR;3M;3M;;;;3M;Act360;Act360;;ModifiedFollowing;ModifiedFollowing;;2D
29.07.2025;50Y;OIS;GBP;0,04472;SONIA;1D;1Y;;;;1Y;Act360;Act360;;ModifiedFollowing;ModifiedFollowing;;2D
29.07.2025;5Mx8M;FRA;USD;0,04163;LIBOR;3M;3M;;;;3M;Act360;Act360;;ModifiedFollowing;ModifiedFollowing;;2D
29.07.2025;7Y;IRS;EUR;0,024455;EURIBOR;3M;3M;;;;1Y;Act360;Act360;;ModifiedFollowing;ModifiedFollowing;;2D
29.07.2025;12Y;OIS;GBP;0,04292;SONIA;1D;1Y;;;;1Y;Act360;Act360;;ModifiedFollowing;ModifiedFollowing;;2D
29.07.2025;4Y;IRS;EUR;0,02195;EURIBOR;3M;3M;;;;1Y;Act360;Act360;;ModifiedFollowing;ModifiedFollowing;;2D
29.07.2025;11Mx23M;FRA;EUR;0,0213;EURIBOR;3M;3M;;;;3M;Act360;Act360;;ModifiedFollowing;ModifiedFollowing;;2D
29.07.2025;4Mx7M;FRA;USD;0,04232;LIBOR;3M;3M;;;;3M;Act360;Act360;;ModifiedFollowing;ModifiedFollowing;;2D
29.07.2025;40Y;OIS;GBP;0,04576;SONIA;1D;1Y;;;;1Y;Act360;Act360;;ModifiedFollowing;ModifiedFollowing;;2D
29.07.2025;15Y;OIS;GBP;0,04443;SONIA;1D;1Y;;;;1Y;Act360;Act360;;ModifiedFollowing;ModifiedFollowing;;2D
29.07.2025;1Mx4M;FRA;USD;0,04494;LIBOR;3M;3M;;;;3M;Act360;Act360;;ModifiedFollowing;ModifiedFollowing;;2D
29.07.2025;30Y;OIS;GBP;0,04645;SONIA;1D;1Y;;;;1Y;Act360;Act360;;ModifiedFollowing;ModifiedFollowing;;2D
29.07.2025;8M;OIS;EUR;0,01932;EONIA;1D;8M;;;;8M;Act360;Act360;;ModifiedFollowing;ModifiedFollowing;;2D
29.07.2025;6Y;IRS;EUR;0,02369;EURIBOR;3M;3M;;;;1Y;Act360;Act360;;ModifiedFollowing;ModifiedFollowing;;2D
29.07.2025;3Mx6M;FRA;USD;0,04304;LIBOR;3M;3M;;;;3M;Act360;Act360;;ModifiedFollowing;ModifiedFollowing;;2D
29.07.2025;20Y;OIS;GBP;0,04587;SONIA;1D;1Y;;;;1Y;Act360;Act360;;ModifiedFollowing;ModifiedFollowing;;2D
29.07.2025;5Y;IRS;EUR;0,02288;EURIBOR;3M;3M;;;;1Y;Act360;Act360;;ModifiedFollowing;ModifiedFollowing;;2D
29.07.2025;25Y;OIS;GBP;0,04644;SONIA;1D;1Y;;;;1Y;Act360;Act360;;ModifiedFollowing;ModifiedFollowing;;2D
29.07.2025;2Mx5M;FRA;USD;0,04398;LIBOR;3M;3M;;;;3M;Act360;Act360;;ModifiedFollowing;ModifiedFollowing;;2D
29.07.2025;1M;OIS;EUR;0,02011;EONIA;1D;1M;;;;1M;Act360;Act360;;ModifiedFollowing;ModifiedFollowing;;2D
29.07.2025;4Y;OIS;USD;0,03518;SOFR;1D;1Y;;;;1Y;Act360;Act360;;ModifiedFollowing;ModifiedFollowing;;2D
29.07.2025;2M;OIS;USD;0,04306;SOFR;1D;2M;;;;2M;Act360;Act360;;ModifiedFollowing;ModifiedFollowing;;2D
29.07.2025;10M;IRS;EUR;0,01841;EURIBOR;1M;1M;;;;1Y;Act360;Act360;;ModifiedFollowing;ModifiedFollowing;;2D
29.07.2025;5Y;OIS;USD;0,03545;SOFR;1D;1Y;;;;1Y;Act360;Act360;;ModifiedFollowing;ModifiedFollowing;;2D
29.07.2025;9M;OIS;EUR;0,0192;EONIA;1D;9M;;;;9M;Act360;Act360;;ModifiedFollowing;ModifiedFollowing;;2D
29.07.2025;14D;OIS;EUR;0,0201;EONIA;1D;14D;;;;14D;Act360;Act360;;ModifiedFollowing;ModifiedFollowing;;2D
29.07.2025;6Y;OIS;USD;0,03594;SOFR;1D;1Y;;;;1Y;Act360;Act360;;ModifiedFollowing;ModifiedFollowing;;2D
29.07.2025;10M;OIS;USD;0,04018;SOFR;1D;1Y;;;;1Y;Act360;Act360;;ModifiedFollowing;ModifiedFollowing;;2D
29.07.2025;9M;IRS;EUR;0,01848;EURIBOR;1M;1M;;;;1Y;Act360;Act360;;ModifiedFollowing;ModifiedFollowing;;2D
29.07.2025;7M;OIS;USD;0,04111;SOFR;1D;7M;;;;7M;Act360;Act360;;ModifiedFollowing;ModifiedFollowing;;2D
29.07.2025;7Y;OIS;USD;0,03653;SOFR;1D;1Y;;;;1Y;Act360;Act360;;ModifiedFollowing;ModifiedFollowing;;2D
29.07.2025;8Y;OIS;USD;0,03712;SOFR;1D;1Y;;;;1Y;Act360;Act360;;ModifiedFollowing;ModifiedFollowing;;2D
29.07.2025;10M;OIS;EUR;0,01912;EONIA;1D;1Y;;;;1Y;Act360;Act360;;ModifiedFollowing;ModifiedFollowing;;2D
29.07.2025;7D;OIS;EUR;0,019245;EONIA;1D;7D;;;;7D;Act360;Act360;;ModifiedFollowing;ModifiedFollowing;;2D
29.07.2025;8M;IRS;EUR;0,01857;EURIBOR;1M;1M;;;;1Y;Act360;Act360;;ModifiedFollowing;ModifiedFollowing;;2D
29.07.2025;6M;OIS;EUR;0,01958;EONIA;1D;6M;;;;6M;Act360;Act360;;ModifiedFollowing;ModifiedFollowing;;2D
29.07.2025;9Y;OIS;USD;0,03768;SOFR;1D;1Y;;;;1Y;Act360;Act360;;ModifiedFollowing;ModifiedFollowing;;2D
29.07.2025;14D;OIS;USD;0,04326;SOFR;1D;14D;;;;14D;Act360;Act360;;ModifiedFollowing;ModifiedFollowing;;2D
29.07.2025;5M;OIS;EUR;0,01976;EONIA;1D;5M;;;;5M;Act360;Act360;;ModifiedFollowing;ModifiedFollowing;;2D
29.07.2025;10Y;OIS;USD;0,03824;SOFR;1D;1Y;;;;1Y;Act360;Act360;;ModifiedFollowing;ModifiedFollowing;;2D
29.07.2025;11M;OIS;EUR;0,01904;EONIA;1D;1Y;;;;1Y;Act360;Act360;;ModifiedFollowing;ModifiedFollowing;;2D
29.07.2025;7M;IRS;EUR;0,01867;EURIBOR;1M;1M;;;;1Y;Act360;Act360;;ModifiedFollowing;ModifiedFollowing;;2D
29.07.2025;12Y;OIS;USD;0,03922;SOFR;1D;1Y;;;;1Y;Act360;Act360;;ModifiedFollowing;ModifiedFollowing;;2D
29.07.2025;6M;IRS;EUR;0,01876;EURIBOR;1M;1M;;;;1Y;Act360;Act360;;ModifiedFollowing;ModifiedFollowing;;2D
29.07.2025;1Y;OIS;EUR;0,01899;EONIA;1D;1Y;;;;1Y;Act360;Act360;;ModifiedFollowing;ModifiedFollowing;;2D
29.07.2025;15Y;OIS;USD;0,04029;SOFR;1D;1Y;;;;1Y;Act360;Act360;;ModifiedFollowing;ModifiedFollowing;;2D
29.07.2025;11M;OIS;USD;0,03987;SOFR;1D;1Y;;;;1Y;Act360;Act360;;ModifiedFollowing;ModifiedFollowing;;2D
29.07.2025;5M;IRS;EUR;0,01889;EURIBOR;1M;1M;;;;1Y;Act360;Act360;;ModifiedFollowing;ModifiedFollowing;;2D
29.07.2025;18M;OIS;EUR;0,01886;EONIA;1D;1Y;;;;1Y;Act360;Act360;;ModifiedFollowing;ModifiedFollowing;;2D
29.07.2025;20Y;OIS;USD;0,04112;SOFR;1D;1Y;;;;1Y;Act360;Act360;;ModifiedFollowing;ModifiedFollowing;;2D
29.07.2025;25Y;OIS;USD;0,04103;SOFR;1D;1Y;;;;1Y;Act360;Act360;;ModifiedFollowing;ModifiedFollowing;;2D
29.07.2025;2Y;OIS;EUR;0,01919;EONIA;1D;1Y;;;;1Y;Act360;Act360;;ModifiedFollowing;ModifiedFollowing;;2D
29.07.2025;30Y;OIS;USD;0,04057;SOFR;1D;1Y;;;;1Y;Act360;Act360;;ModifiedFollowing;ModifiedFollowing;;2D
29.07.2025;4M;IRS;EUR;0,01894;EURIBOR;1M;1M;;;;1Y;Act360;Act360;;ModifiedFollowing;ModifiedFollowing;;2D
29.07.2025;1Mx4M;FRA;EUR;0,01996;EURIBOR;3M;3M;;;;3M;Act360;Act360;;ModifiedFollowing;ModifiedFollowing;;2D
29.07.2025;6M;OIS;USD;0,04145;SOFR;1D;6M;;;;6M;Act360;Act360;;ModifiedFollowing;ModifiedFollowing;;2D
29.07.2025;35Y;OIS;USD;0,03991;SOFR;1D;1Y;;;;1Y;Act360;Act360;;ModifiedFollowing;ModifiedFollowing;;2D
29.07.2025;3M;OIS;EUR;0,01998;EONIA;1D;3M;;;;3M;Act360;Act360;;ModifiedFollowing;ModifiedFollowing;;2D
29.07.2025;3Y;OIS;EUR;0,02026;EONIA;1D;1Y;;;;1Y;Act360;Act360;;ModifiedFollowing;ModifiedFollowing;;2D
29.07.2025;40Y;OIS;USD;0,03926;SOFR;1D;1Y;;;;1Y;Act360;Act360;;ModifiedFollowing;ModifiedFollowing;;2D
29.07.2025;2Mx5M;FRA;EUR;0,01971;EURIBOR;3M;3M;;;;3M;Act360;Act360;;ModifiedFollowing;ModifiedFollowing;;2D
29.07.2025;3M;IRS;EUR;0,01896;EURIBOR;1M;1M;;;;1Y;Act360;Act360;;ModifiedFollowing;ModifiedFollowing;;2D
29.07.2025;5Mx11M;FRA;GBP;0,03948;LIBOR;3M;3M;;;;3M;Act360;Act360;;ModifiedFollowing;ModifiedFollowing;;2D
29.07.2025;50Y;OIS;USD;0,03793;SOFR;1D;1Y;;;;1Y;Act360;Act360;;ModifiedFollowing;ModifiedFollowing;;2D
29.07.2025;3Mx6M;FRA;EUR;0,01939;EURIBOR;3M;3M;;;;3M;Act360;Act360;;ModifiedFollowing;ModifiedFollowing;;2D
29.07.2025;4Mx10M;FRA;GBP;0,03992;LIBOR;3M;3M;;;;3M;Act360;Act360;;ModifiedFollowing;ModifiedFollowing;;2D
29.07.2025;4Y;OIS;EUR;0,021315;EONIA;1D;1Y;;;;1Y;Act360;Act360;;ModifiedFollowing;ModifiedFollowing;;2D
29.07.2025;2M;OIS;EUR;0,02006;EONIA;1D;2M;;;;2M;Act360;Act360;;ModifiedFollowing;ModifiedFollowing;;2D
29.07.2025;7D;OIS;GBP;0,0422;SONIA;1D;7D;;;;7D;Act360;Act360;;ModifiedFollowing;ModifiedFollowing;;2D
29.07.2025;9M;OIS;USD;0,04049;SOFR;1D;9M;;;;9M;Act360;Act360;;ModifiedFollowing;ModifiedFollowing;;2D
29.07.2025;4Mx7M;FRA;EUR;0,01912;EURIBOR;3M;3M;;;;3M;Act360;Act360;;ModifiedFollowing;ModifiedFollowing;;2D
29.07.2025;2M;IRS;EUR;0,01891;EURIBOR;1M;1M;;;;1Y;Act360;Act360;;ModifiedFollowing;ModifiedFollowing;;2D
29.07.2025;3Mx9M;FRA;GBP;0,04041;LIBOR;3M;3M;;;;3M;Act360;Act360;;ModifiedFollowing;ModifiedFollowing;;2D
29.07.2025;14D;OIS;GBP;0,04137;SONIA;1D;14D;;;;14D;Act360;Act360;;ModifiedFollowing;ModifiedFollowing;;2D
29.07.2025;5Mx8M;FRA;EUR;0,01886;EURIBOR;3M;3M;;;;3M;Act360;Act360;;ModifiedFollowing;ModifiedFollowing;;2D
29.07.2025;5Y;OIS;EUR;0,022275;EONIA;1D;1Y;;;;1Y;Act360;Act360;;ModifiedFollowing;ModifiedFollowing;;2D
29.07.2025;1M;OIS;GBP;0,04057;SONIA;1D;1M;;;;1M;Act360;Act360;;ModifiedFollowing;ModifiedFollowing;;2D
29.07.2025;2Mx8M;FRA;GBP;0,04095;LIBOR;3M;3M;;;;3M;Act360;Act360;;ModifiedFollowing;ModifiedFollowing;;2D
29.07.2025;1Y;OIS;USD;0,03954;SOFR;1D;1Y;;;;1Y;Act360;Act360;;ModifiedFollowing;ModifiedFollowing;;2D
29.07.2025;6Mx9M;FRA;EUR;0,01867;EURIBOR;3M;3M;;;;3M;Act360;Act360;;ModifiedFollowing;ModifiedFollowing;;2D
29.07.2025;60Y;IRS;EUR;0,02734;EURIBOR;3M;3M;;;;1Y;Act360;Act360;;ModifiedFollowing;ModifiedFollowing;;2D
29.07.2025;2M;OIS;GBP;0,04025;SONIA;1D;2M;;;;2M;Act360;Act360;;ModifiedFollowing;ModifiedFollowing;;2D
29.07.2025;3M;OIS;USD;0,04269;SOFR;1D;3M;;;;3M;Act360;Act360;;ModifiedFollowing;ModifiedFollowing;;2D
29.07.2025;7Mx10M;FRA;EUR;0,01857;EURIBOR;3M;3M;;;;3M;Act360;Act360;;ModifiedFollowing;ModifiedFollowing;;2D
29.07.2025;8M;OIS;USD;0,04078;SOFR;1D;8M;;;;8M;Act360;Act360;;ModifiedFollowing;ModifiedFollowing;;2D
29.07.2025;50Y;IRS;EUR;0,02782;EURIBOR;3M;3M;;;;1Y;Act360;Act360;;ModifiedFollowing;ModifiedFollowing;;2D
29.07.2025;1Mx7M;FRA;GBP;0,04154;LIBOR;3M;3M;;;;3M;Act360;Act360;;ModifiedFollowing;ModifiedFollowing;;2D
29.07.2025;3M;OIS;GBP;0,04014;SONIA;1D;3M;;;;3M;Act360;Act360;;ModifiedFollowing;ModifiedFollowing;;2D
29.07.2025;7D;OIS;USD;0,04324;SOFR;1D;7D;;;;7D;Act360;Act360;;ModifiedFollowing;ModifiedFollowing;;2D
29.07.2025;6Y;OIS;EUR;0,02312;EONIA;1D;1Y;;;;1Y;Act360;Act360;;ModifiedFollowing;ModifiedFollowing;;2D
29.07.2025;8Mx11M;FRA;GBP;0,03714;LIBOR;3M;3M;;;;3M;Act360;Act360;;ModifiedFollowing;ModifiedFollowing;;2D
29.07.2025;4M;OIS;GBP;0,03984;SONIA;1D;4M;;;;4M;Act360;Act360;;ModifiedFollowing;ModifiedFollowing;;2D
29.07.2025;8Mx11M;FRA;EUR;0,01849;EURIBOR;3M;3M;;;;3M;Act360;Act360;;ModifiedFollowing;ModifiedFollowing;;2D
29.07.2025;7Y;OIS;EUR;0,023925;EONIA;1D;1Y;;;;1Y;Act360;Act360;;ModifiedFollowing;ModifiedFollowing;;2D
29.07.2025;40Y;IRS;EUR;0,02824;EURIBOR;3M;3M;;;;1Y;Act360;Act360;;ModifiedFollowing;ModifiedFollowing;;2D
29.07.2025;1Mx7M;FRA;EUR;0,02057;EURIBOR;3M;3M;;;;3M;Act360;Act360;;ModifiedFollowing;ModifiedFollowing;;2D
29.07.2025;7Mx10M;FRA;GBP;0,03748;LIBOR;3M;3M;;;;3M;Act360;Act360;;ModifiedFollowing;ModifiedFollowing;;2D
29.07.2025;5M;OIS;GBP;0,03957;SONIA;1D;5M;;;;5M;Act360;Act360;;ModifiedFollowing;ModifiedFollowing;;2D
29.07.2025;5M;OIS;USD;0,04182;SOFR;1D;5M;;;;5M;Act360;Act360;;ModifiedFollowing;ModifiedFollowing;;2D
29.07.2025;6Mx9M;FRA;GBP;0,03785;LIBOR;3M;3M;;;;3M;Act360;Act360;;ModifiedFollowing;ModifiedFollowing;;2D
29.07.2025;6M;OIS;GBP;0,03935;SONIA;1D;6M;;;;6M;Act360;Act360;;ModifiedFollowing;ModifiedFollowing;;2D
29.07.2025;2Mx8M;FRA;EUR;0,0203;EURIBOR;3M;3M;;;;3M;Act360;Act360;;ModifiedFollowing;ModifiedFollowing;;2D
29.07.2025;7M;OIS;GBP;0,03911;SONIA;1D;7M;;;;7M;Act360;Act360;;ModifiedFollowing;ModifiedFollowing;;2D
29.07.2025;8Y;OIS;EUR;0,02462;EONIA;1D;1Y;;;;1Y;Act360;Act360;;ModifiedFollowing;ModifiedFollowing;;2D
29.07.2025;30Y;IRS;EUR;0,02863;EURIBOR;3M;3M;;;;1Y;Act360;Act360;;ModifiedFollowing;ModifiedFollowing;;2D
29.07.2025;3Mx9M;FRA;EUR;0,01998;EURIBOR;3M;3M;;;;3M;Act360;Act360;;ModifiedFollowing;ModifiedFollowing;;2D
29.07.2025;5Mx8M;FRA;GBP;0,03831;LIBOR;3M;3M;;;;3M;Act360;Act360;;ModifiedFollowing;ModifiedFollowing;;2D
29.07.2025;8M;OIS;GBP;0,03889;SONIA;1D;8M;;;;8M;Act360;Act360;;ModifiedFollowing;ModifiedFollowing;;2D
29.07.2025;9Y;OIS;EUR;0,02528;EONIA;1D;1Y;;;;1Y;Act360;Act360;;ModifiedFollowing;ModifiedFollowing;;2D
29.07.2025;4Mx7M;FRA;GBP;0,03885;LIBOR;3M;3M;;;;3M;Act360;Act360;;ModifiedFollowing;ModifiedFollowing;;2D
29.07.2025;9M;OIS;GBP;0,03871;SONIA;1D;9M;;;;9M;Act360;Act360;;ModifiedFollowing;ModifiedFollowing;;2D
29.07.2025;4Mx10M;FRA;EUR;0,01976;EURIBOR;3M;3M;;;;3M;Act360;Act360;;ModifiedFollowing;ModifiedFollowing;;2D
29.07.2025;25Y;IRS;EUR;0,02885;EURIBOR;3M;3M;;;;1Y;Act360;Act360;;ModifiedFollowing;ModifiedFollowing;;2D
29.07.2025;18M;OIS;USD;0,0374;SOFR;1D;1Y;;;;1Y;Act360;Act360;;ModifiedFollowing;ModifiedFollowing;;2D
29.07.2025;3Mx6M;FRA;GBP;0,0395;LIBOR;3M;3M;;;;3M;Act360;Act360;;ModifiedFollowing;ModifiedFollowing;;2D
29.07.2025;10M;OIS;GBP;0,03852;SONIA;1D;1Y;;;;1Y;Act360;Act360;;ModifiedFollowing;ModifiedFollowing;;2D
29.07.2025;10Y;OIS;EUR;0,02588;EONIA;1D;1Y;;;;1Y;Act360;Act360;;ModifiedFollowing;ModifiedFollowing;;2D
29.07.2025;5Mx11M;FRA;EUR;0,01966;EURIBOR;3M;3M;;;;3M;Act360;Act360;;ModifiedFollowing;ModifiedFollowing;;2D
29.07.2025;2Mx5M;FRA;GBP;0,04009;LIBOR;3M;3M;;;;3M;Act360;Act360;;ModifiedFollowing;ModifiedFollowing;;2D
29.07.2025;12M;DEPOSIT;GBP;0,042;LIBOR;12M;1Y;;;;1Y;Act360;Act360;;ModifiedFollowing;ModifiedFollowing;;2D
29.07.2025;20Y;IRS;EUR;0,028985;EURIBOR;3M;3M;;;;1Y;Act360;Act360;;ModifiedFollowing;ModifiedFollowing;;2D
29.07.2025;11M;OIS;GBP;0,03836;SONIA;1D;1Y;;;;1Y;Act360;Act360;;ModifiedFollowing;ModifiedFollowing;;2D
29.07.2025;4M;OIS;USD;0,04229;SOFR;1D;4M;;;;4M;Act360;Act360;;ModifiedFollowing;ModifiedFollowing;;2D
29.07.2025;7M;OIS;EUR;0,01945;EONIA;1D;7M;;;;7M;Act360;Act360;;ModifiedFollowing;ModifiedFollowing;;2D
29.07.2025;1Mx13M;FRA;EUR;0,02119;EURIBOR;3M;3M;;;;3M;Act360;Act360;;ModifiedFollowing;ModifiedFollowing;;2D
29.07.2025;6M;DEPOSIT;GBP;0,0421;LIBOR;6M;6M;;;;6M;Act360;Act360;;ModifiedFollowing;ModifiedFollowing;;2D
29.07.2025;1Mx4M;FRA;GBP;0,04069;LIBOR;3M;3M;;;;3M;Act360;Act360;;ModifiedFollowing;ModifiedFollowing;;2D
29.07.2025;1Y;OIS;GBP;0,03823;SONIA;1D;1Y;;;;1Y;Act360;Act360;;ModifiedFollowing;ModifiedFollowing;;2D
29.07.2025;15Y;OIS;EUR;0,02795;EONIA;1D;1Y;;;;1Y;Act360;Act360;;ModifiedFollowing;ModifiedFollowing;;2D
29.07.2025;2Mx14M;FRA;EUR;0,02109;EURIBOR;3M;3M;;;;3M;Act360;Act360;;ModifiedFollowing;ModifiedFollowing;;2D
29.07.2025;5Mx11M;FRA;USD;0,04242;LIBOR;3M;3M;;;;3M;Act360;Act360;;ModifiedFollowing;ModifiedFollowing;;2D
29.07.2025;15Y;IRS;EUR;0,028455;EURIBOR;3M;3M;;;;1Y;Act360;Act360;;ModifiedFollowing;ModifiedFollowing;;2D
29.07.2025;18M;OIS;GBP;0,0373;SONIA;1D;1Y;;;;1Y;Act360;Act360;;ModifiedFollowing;ModifiedFollowing;;2D
29.07.2025;3M;DEPOSIT;GBP;0,0416;LIBOR;3M;3M;;;;3M;Act360;Act360;;ModifiedFollowing;ModifiedFollowing;;2D
29.07.2025;3Mx15M;FRA;EUR;0,02081;EURIBOR;3M;3M;;;;3M;Act360;Act360;;ModifiedFollowing;ModifiedFollowing;;2D
29.07.2025;12Y;IRS;EUR;0,02742;EURIBOR;3M;3M;;;;1Y;Act360;Act360;;ModifiedFollowing;ModifiedFollowing;;2D
29.07.2025;20Y;OIS;EUR;0,02853;EONIA;1D;1Y;;;;1Y;Act360;Act360;;ModifiedFollowing;ModifiedFollowing;;2D
29.07.2025;2Y;OIS;USD;0,036228;SOFR;1D;1Y;;;;1Y;Act360;Act360;;ModifiedFollowing;ModifiedFollowing;;2D
29.07.2025;4Mx10M;FRA;USD;0,04317;LIBOR;3M;3M;;;;3M;Act360;Act360;;ModifiedFollowing;ModifiedFollowing;;2D
29.07.2025;1M;DEPOSIT;GBP;0,0414;LIBOR;1M;1M;;;;1M;Act360;Act360;;ModifiedFollowing;ModifiedFollowing;;2D
29.07.2025;3Y;OIS;GBP;0,03716;SONIA;1D;1Y;;;;1Y;Act360;Act360;;ModifiedFollowing;ModifiedFollowing;;2D
29.07.2025;1M;OIS;USD;0,04329;SOFR;1D;1M;;;;1M;Act360;Act360;;ModifiedFollowing;ModifiedFollowing;;2D
29.07.2025;12M;DEPOSIT;USD;0,04375;LIBOR;12M;1Y;;;;1Y;Act360;Act360;;ModifiedFollowing;ModifiedFollowing;;2D
29.07.2025;3Mx9M;FRA;USD;0,04387;LIBOR;3M;3M;;;;3M;Act360;Act360;;ModifiedFollowing;ModifiedFollowing;;2D
29.07.2025;4Y;OIS;GBP;0,03755;SONIA;1D;1Y;;;;1Y;Act360;Act360;;ModifiedFollowing;ModifiedFollowing;;2D
29.07.2025;4Mx16M;FRA;EUR;0,02069;EURIBOR;3M;3M;;;;3M;Act360;Act360;;ModifiedFollowing;ModifiedFollowing;;2D
29.07.2025;11Y;IRS;EUR;0,026945;EURIBOR;3M;3M;;;;1Y;Act360;Act360;;ModifiedFollowing;ModifiedFollowing;;2D
29.07.2025;6M;DEPOSIT;USD;0,04405;LIBOR;6M;6M;;;;6M;Act360;Act360;;ModifiedFollowing;ModifiedFollowing;;2D
29.07.2025;2Mx8M;FRA;USD;0,04474;LIBOR;3M;3M;;;;3M;Act360;Act360;;ModifiedFollowing;ModifiedFollowing;;2D
29.07.2025;5Y;OIS;GBP;0,0381;SONIA;1D;1Y;;;;1Y;Act360;Act360;;ModifiedFollowing;ModifiedFollowing;;2D
29.07.2025;30Y;OIS;EUR;0,02827;EONIA;1D;1Y;;;;1Y;Act360;Act360;;ModifiedFollowing;ModifiedFollowing;;2D
29.07.2025;5Mx17M;FRA;EUR;0,02068;EURIBOR;3M;3M;;;;3M;Act360;Act360;;ModifiedFollowing;ModifiedFollowing;;2D
29.07.2025;3M;DEPOSIT;USD;0,04405;LIBOR;3M;3M;;;;3M;Act360;Act360;;ModifiedFollowing;ModifiedFollowing;;2D
29.07.2025;1Mx7M;FRA;USD;0,04551;LIBOR;3M;3M;;;;3M;Act360;Act360;;ModifiedFollowing;ModifiedFollowing;;2D
29.07.2025;6Mx18M;FRA;EUR;0,02062;EURIBOR;3M;3M;;;;3M;Act360;Act360;;ModifiedFollowing;ModifiedFollowing;;2D
29.07.2025;11M;IRS;EUR;0,01836;EURIBOR;1M;1M;;;;1Y;Act360;Act360;;ModifiedFollowing;ModifiedFollowing;;2D
29.07.2025;10Y;IRS;EUR;0,02641;EURIBOR;3M;3M;;;;1Y;Act360;Act360;;ModifiedFollowing;ModifiedFollowing;;2D
29.07.2025;6Y;OIS;GBP;0,03874;SONIA;1D;1Y;;;;1Y;Act360;Act360;;ModifiedFollowing;ModifiedFollowing;;2D
29.07.2025;1M;DEPOSIT;USD;0,04385;LIBOR;1M;1M;;;;1M;Act360;Act360;;ModifiedFollowing;ModifiedFollowing;;2D
29.07.2025;1Y;IRS;EUR;0,01957;EURIBOR;3M;3M;;;;1Y;Act360;Act360;;ModifiedFollowing;ModifiedFollowing;;2D
29.07.2025;8Mx11M;FRA;USD;0,03954;LIBOR;3M;3M;;;;3M;Act360;Act360;;ModifiedFollowing;ModifiedFollowing;;2D
28.07.2025;9M;OIS;USD;0,04051;SOFR;1D;9M;;;;9M;Act360;Act360;;ModifiedFollowing;ModifiedFollowing;;2D
28.07.2025;1M;OIS;USD;0,04328;SOFR;1D;1M;;;;1M;Act360;Act360;;ModifiedFollowing;ModifiedFollowing;;2D
28.07.2025;10M;OIS;USD;0,04018;SOFR;1D;1Y;;;;1Y;Act360;Act360;;ModifiedFollowing;ModifiedFollowing;;2D
28.07.2025;14D;OIS;USD;0,04324;SOFR;1D;14D;;;;14D;Act360;Act360;;ModifiedFollowing;ModifiedFollowing;;2D
28.07.2025;11M;OIS;USD;0,03986;SOFR;1D;1Y;;;;1Y;Act360;Act360;;ModifiedFollowing;ModifiedFollowing;;2D
28.07.2025;7D;OIS;USD;0,04323;SOFR;1D;7D;;;;7D;Act360;Act360;;ModifiedFollowing;ModifiedFollowing;;2D
28.07.2025;1Y;OIS;USD;0,03954;SOFR;1D;1Y;;;;1Y;Act360;Act360;;ModifiedFollowing;ModifiedFollowing;;2D
28.07.2025;18M;OIS;USD;0,03734;SOFR;1D;1Y;;;;1Y;Act360;Act360;;ModifiedFollowing;ModifiedFollowing;;2D
28.07.2025;2Y;OIS;USD;0,036141;SOFR;1D;1Y;;;;1Y;Act360;Act360;;ModifiedFollowing;ModifiedFollowing;;2D
28.07.2025;11M;IRS;EUR;0,01834;EURIBOR;1M;1M;;;;1Y;Act360;Act360;;ModifiedFollowing;ModifiedFollowing;;2D
28.07.2025;3Y;OIS;USD;0,03512;SOFR;1D;1Y;;;;1Y;Act360;Act360;;ModifiedFollowing;ModifiedFollowing;;2D
28.07.2025;4Y;OIS;USD;0,03502;SOFR;1D;1Y;;;;1Y;Act360;Act360;;ModifiedFollowing;ModifiedFollowing;;2D
28.07.2025;10M;IRS;EUR;0,01838;EURIBOR;1M;1M;;;;1Y;Act360;Act360;;ModifiedFollowing;ModifiedFollowing;;2D
28.07.2025;5Y;OIS;USD;0,03525;SOFR;1D;1Y;;;;1Y;Act360;Act360;;ModifiedFollowing;ModifiedFollowing;;2D
28.07.2025;9M;IRS;EUR;0,01844;EURIBOR;1M;1M;;;;1Y;Act360;Act360;;ModifiedFollowing;ModifiedFollowing;;2D
28.07.2025;6Y;OIS;USD;0,03558;SOFR;1D;1Y;;;;1Y;Act360;Act360;;ModifiedFollowing;ModifiedFollowing;;2D
28.07.2025;5M;OIS;EUR;0,01973;EONIA;1D;5M;;;;5M;Act360;Act360;;ModifiedFollowing;ModifiedFollowing;;2D
28.07.2025;7Y;OIS;USD;0,03613;SOFR;1D;1Y;;;;1Y;Act360;Act360;;ModifiedFollowing;ModifiedFollowing;;2D
28.07.2025;8M;IRS;EUR;0,01853;EURIBOR;1M;1M;;;;1Y;Act360;Act360;;ModifiedFollowing;ModifiedFollowing;;2D
28.07.2025;8Y;OIS;USD;0,03674;SOFR;1D;1Y;;;;1Y;Act360;Act360;;ModifiedFollowing;ModifiedFollowing;;2D
28.07.2025;9Y;OIS;USD;0,03729;SOFR;1D;1Y;;;;1Y;Act360;Act360;;ModifiedFollowing;ModifiedFollowing;;2D
28.07.2025;7M;IRS;EUR;0,01862;EURIBOR;1M;1M;;;;1Y;Act360;Act360;;ModifiedFollowing;ModifiedFollowing;;2D
28.07.2025;6M;OIS;EUR;0,01955;EONIA;1D;6M;;;;6M;Act360;Act360;;ModifiedFollowing;ModifiedFollowing;;2D
28.07.2025;10Y;OIS;USD;0,03778;SOFR;1D;1Y;;;;1Y;Act360;Act360;;ModifiedFollowing;ModifiedFollowing;;2D
28.07.2025;12Y;OIS;USD;0,03878;SOFR;1D;1Y;;;;1Y;Act360;Act360;;ModifiedFollowing;ModifiedFollowing;;2D
28.07.2025;6M;IRS;EUR;0,01872;EURIBOR;1M;1M;;;;1Y;Act360;Act360;;ModifiedFollowing;ModifiedFollowing;;2D
28.07.2025;15Y;OIS;USD;0,03984;SOFR;1D;1Y;;;;1Y;Act360;Act360;;ModifiedFollowing;ModifiedFollowing;;2D
28.07.2025;5M;IRS;EUR;0,01887;EURIBOR;1M;1M;;;;1Y;Act360;Act360;;ModifiedFollowing;ModifiedFollowing;;2D
28.07.2025;20Y;OIS;USD;0,04065;SOFR;1D;1Y;;;;1Y;Act360;Act360;;ModifiedFollowing;ModifiedFollowing;;2D
28.07.2025;25Y;OIS;USD;0,04058;SOFR;1D;1Y;;;;1Y;Act360;Act360;;ModifiedFollowing;ModifiedFollowing;;2D
28.07.2025;30Y;OIS;USD;0,04011;SOFR;1D;1Y;;;;1Y;Act360;Act360;;ModifiedFollowing;ModifiedFollowing;;2D
28.07.2025;4M;IRS;EUR;0,01893;EURIBOR;1M;1M;;;;1Y;Act360;Act360;;ModifiedFollowing;ModifiedFollowing;;2D
28.07.2025;3M;OIS;EUR;0,01996;EONIA;1D;3M;;;;3M;Act360;Act360;;ModifiedFollowing;ModifiedFollowing;;2D
28.07.2025;35Y;OIS;USD;0,03945;SOFR;1D;1Y;;;;1Y;Act360;Act360;;ModifiedFollowing;ModifiedFollowing;;2D
28.07.2025;40Y;OIS;USD;0,0388;SOFR;1D;1Y;;;;1Y;Act360;Act360;;ModifiedFollowing;ModifiedFollowing;;2D
28.07.2025;3M;IRS;EUR;0,01896;EURIBOR;1M;1M;;;;1Y;Act360;Act360;;ModifiedFollowing;ModifiedFollowing;;2D
28.07.2025;5Mx11M;FRA;GBP;0,03938;LIBOR;3M;3M;;;;3M;Act360;Act360;;ModifiedFollowing;ModifiedFollowing;;2D
28.07.2025;50Y;OIS;USD;0,03748;SOFR;1D;1Y;;;;1Y;Act360;Act360;;ModifiedFollowing;ModifiedFollowing;;2D
28.07.2025;4Mx10M;FRA;GBP;0,03984;LIBOR;3M;3M;;;;3M;Act360;Act360;;ModifiedFollowing;ModifiedFollowing;;2D
28.07.2025;7D;OIS;GBP;0,04219;SONIA;1D;7D;;;;7D;Act360;Act360;;ModifiedFollowing;ModifiedFollowing;;2D
28.07.2025;2M;IRS;EUR;0,01895;EURIBOR;1M;1M;;;;1Y;Act360;Act360;;ModifiedFollowing;ModifiedFollowing;;2D
28.07.2025;3Mx9M;FRA;GBP;0,04037;LIBOR;3M;3M;;;;3M;Act360;Act360;;ModifiedFollowing;ModifiedFollowing;;2D
28.07.2025;14D;OIS;GBP;0,04153;SONIA;1D;14D;;;;14D;Act360;Act360;;ModifiedFollowing;ModifiedFollowing;;2D
28.07.2025;1M;OIS;GBP;0,04065;SONIA;1D;1M;;;;1M;Act360;Act360;;ModifiedFollowing;ModifiedFollowing;;2D
28.07.2025;2Mx8M;FRA;GBP;0,04087;LIBOR;3M;3M;;;;3M;Act360;Act360;;ModifiedFollowing;ModifiedFollowing;;2D
28.07.2025;60Y;IRS;EUR;0,02708;EURIBOR;3M;3M;;;;1Y;Act360;Act360;;ModifiedFollowing;ModifiedFollowing;;2D
28.07.2025;2M;OIS;GBP;0,04027;SONIA;1D;2M;;;;2M;Act360;Act360;;ModifiedFollowing;ModifiedFollowing;;2D
28.07.2025;1Mx7M;FRA;GBP;0,04152;LIBOR;3M;3M;;;;3M;Act360;Act360;;ModifiedFollowing;ModifiedFollowing;;2D
28.07.2025;50Y;IRS;EUR;0,02758;EURIBOR;3M;3M;;;;1Y;Act360;Act360;;ModifiedFollowing;ModifiedFollowing;;2D
28.07.2025;3M;OIS;GBP;0,04013;SONIA;1D;3M;;;;3M;Act360;Act360;;ModifiedFollowing;ModifiedFollowing;;2D
28.07.2025;8Mx11M;FRA;GBP;0,03695;LIBOR;3M;3M;;;;3M;Act360;Act360;;ModifiedFollowing;ModifiedFollowing;;2D
28.07.2025;4M;OIS;GBP;0,03982;SONIA;1D;4M;;;;4M;Act360;Act360;;ModifiedFollowing;ModifiedFollowing;;2D
28.07.2025;7Mx10M;FRA;GBP;0,0373;LIBOR;3M;3M;;;;3M;Act360;Act360;;ModifiedFollowing;ModifiedFollowing;;2D
28.07.2025;40Y;IRS;EUR;0,02802;EURIBOR;3M;3M;;;;1Y;Act360;Act360;;ModifiedFollowing;ModifiedFollowing;;2D
28.07.2025;5M;OIS;GBP;0,03952;SONIA;1D;5M;;;;5M;Act360;Act360;;ModifiedFollowing;ModifiedFollowing;;2D
28.07.2025;6Mx9M;FRA;GBP;0,0378;LIBOR;3M;3M;;;;3M;Act360;Act360;;ModifiedFollowing;ModifiedFollowing;;2D
28.07.2025;6M;OIS;GBP;0,0393;SONIA;1D;6M;;;;6M;Act360;Act360;;ModifiedFollowing;ModifiedFollowing;;2D
28.07.2025;7M;OIS;GBP;0,03904;SONIA;1D;7M;;;;7M;Act360;Act360;;ModifiedFollowing;ModifiedFollowing;;2D
28.07.2025;30Y;IRS;EUR;0,0284;EURIBOR;3M;3M;;;;1Y;Act360;Act360;;ModifiedFollowing;ModifiedFollowing;;2D
28.07.2025;5Mx8M;FRA;GBP;0,03821;LIBOR;3M;3M;;;;3M;Act360;Act360;;ModifiedFollowing;ModifiedFollowing;;2D
28.07.2025;8M;OIS;GBP;0,0388;SONIA;1D;8M;;;;8M;Act360;Act360;;ModifiedFollowing;ModifiedFollowing;;2D
28.07.2025;4Mx7M;FRA;GBP;0,03878;LIBOR;3M;3M;;;;3M;Act360;Act360;;ModifiedFollowing;ModifiedFollowing;;2D
28.07.2025;25Y;IRS;EUR;0,028635;EURIBOR;3M;3M;;;;1Y;Act360;Act360;;ModifiedFollowing;ModifiedFollowing;;2D
28.07.2025;9M;OIS;GBP;0,03862;SONIA;1D;9M;;;;9M;Act360;Act360;;ModifiedFollowing;ModifiedFollowing;;2D
28.07.2025;3Mx6M;FRA;GBP;0,0394;LIBOR;3M;3M;;;;3M;Act360;Act360;;ModifiedFollowing;ModifiedFollowing;;2D
28.07.2025;10M;OIS;GBP;0,03842;SONIA;1D;1Y;;;;1Y;Act360;Act360;;ModifiedFollowing;ModifiedFollowing;;2D
28.07.2025;2Mx5M;FRA;GBP;0,03996;LIBOR;3M;3M;;;;3M;Act360;Act360;;ModifiedFollowing;ModifiedFollowing;;2D
28.07.2025;20Y;IRS;EUR;0,028785;EURIBOR;3M;3M;;;;1Y;Act360;Act360;;ModifiedFollowing;ModifiedFollowing;;2D
28.07.2025;11M;OIS;GBP;0,03824;SONIA;1D;1Y;;;;1Y;Act360;Act360;;ModifiedFollowing;ModifiedFollowing;;2D
28.07.2025;1Mx4M;FRA;GBP;0,04066;LIBOR;3M;3M;;;;3M;Act360;Act360;;ModifiedFollowing;ModifiedFollowing;;2D
28.07.2025;1Y;OIS;GBP;0,0381;SONIA;1D;1Y;;;;1Y;Act360;Act360;;ModifiedFollowing;ModifiedFollowing;;2D
28.07.2025;5Mx11M;FRA;USD;0,04249;LIBOR;3M;3M;;;;3M;Act360;Act360;;ModifiedFollowing;ModifiedFollowing;;2D
28.07.2025;15Y;IRS;EUR;0,02829;EURIBOR;3M;3M;;;;1Y;Act360;Act360;;ModifiedFollowing;ModifiedFollowing;;2D
28.07.2025;18M;OIS;GBP;0,03711;SONIA;1D;1Y;;;;1Y;Act360;Act360;;ModifiedFollowing;ModifiedFollowing;;2D
28.07.2025;2Y;OIS;GBP;0,03684;SONIA;1D;1Y;;;;1Y;Act360;Act360;;ModifiedFollowing;ModifiedFollowing;;2D
28.07.2025;12Y;IRS;EUR;0,02726;EURIBOR;3M;3M;;;;1Y;Act360;Act360;;ModifiedFollowing;ModifiedFollowing;;2D
28.07.2025;4Mx10M;FRA;USD;0,04314;LIBOR;3M;3M;;;;3M;Act360;Act360;;ModifiedFollowing;ModifiedFollowing;;2D
28.07.2025;3Y;OIS;GBP;0,03681;SONIA;1D;1Y;;;;1Y;Act360;Act360;;ModifiedFollowing;ModifiedFollowing;;2D
28.07.2025;3Mx9M;FRA;USD;0,04389;LIBOR;3M;3M;;;;3M;Act360;Act360;;ModifiedFollowing;ModifiedFollowing;;2D
28.07.2025;4Y;OIS;GBP;0,03714;SONIA;1D;1Y;;;;1Y;Act360;Act360;;ModifiedFollowing;ModifiedFollowing;;2D
28.07.2025;11Y;IRS;EUR;0,02679;EURIBOR;3M;3M;;;;1Y;Act360;Act360;;ModifiedFollowing;ModifiedFollowing;;2D
28.07.2025;2Mx8M;FRA;USD;0,04475;LIBOR;3M;3M;;;;3M;Act360;Act360;;ModifiedFollowing;ModifiedFollowing;;2D
28.07.2025;5Y;OIS;GBP;0,03765;SONIA;1D;1Y;;;;1Y;Act360;Act360;;ModifiedFollowing;ModifiedFollowing;;2D
28.07.2025;1Mx7M;FRA;USD;0,04553;LIBOR;3M;3M;;;;3M;Act360;Act360;;ModifiedFollowing;ModifiedFollowing;;2D
28.07.2025;10Y;IRS;EUR;0,02625;EURIBOR;3M;3M;;;;1Y;Act360;Act360;;ModifiedFollowing;ModifiedFollowing;;2D
28.07.2025;6Y;OIS;GBP;0,03827;SONIA;1D;1Y;;;;1Y;Act360;Act360;;ModifiedFollowing;ModifiedFollowing;;2D
28.07.2025;8Mx11M;FRA;USD;0,03949;LIBOR;3M;3M;;;;3M;Act360;Act360;;ModifiedFollowing;ModifiedFollowing;;2D
28.07.2025;7Y;OIS;GBP;0,03896;SONIA;1D;1Y;;;;1Y;Act360;Act360;;ModifiedFollowing;ModifiedFollowing;;2D
28.07.2025;9Y;IRS;EUR;0,02566;EURIBOR;3M;3M;;;;1Y;Act360;Act360;;ModifiedFollowing;ModifiedFollowing;;2D
28.07.2025;8Y;OIS;GBP;0,03969;SONIA;1D;1Y;;;;1Y;Act360;Act360;;ModifiedFollowing;ModifiedFollowing;;2D
28.07.2025;7Mx10M;FRA;USD;0,04023;LIBOR;3M;3M;;;;3M;Act360;Act360;;ModifiedFollowing;ModifiedFollowing;;2D
28.07.2025;9Y;OIS;GBP;0,04041;SONIA;1D;1Y;;;;1Y;Act360;Act360;;ModifiedFollowing;ModifiedFollowing;;2D
28.07.2025;6Mx9M;FRA;USD;0,04094;LIBOR;3M;3M;;;;3M;Act360;Act360;;ModifiedFollowing;ModifiedFollowing;;2D
28.07.2025;8Y;IRS;EUR;0,025025;EURIBOR;3M;3M;;;;1Y;Act360;Act360;;ModifiedFollowing;ModifiedFollowing;;2D
28.07.2025;10Y;OIS;GBP;0,0411;SONIA;1D;1Y;;;;1Y;Act360;Act360;;ModifiedFollowing;ModifiedFollowing;;2D
28.07.2025;5Mx8M;FRA;USD;0,04176;LIBOR;3M;3M;;;;3M;Act360;Act360;;ModifiedFollowing;ModifiedFollowing;;2D
28.07.2025;7Y;IRS;EUR;0,024305;EURIBOR;3M;3M;;;;1Y;Act360;Act360;;ModifiedFollowing;ModifiedFollowing;;2D
28.07.2025;12Y;OIS;GBP;0,04236;SONIA;1D;1Y;;;;1Y;Act360;Act360;;ModifiedFollowing;ModifiedFollowing;;2D
28.07.2025;4Mx7M;FRA;USD;0,04233;LIBOR;3M;3M;;;;3M;Act360;Act360;;ModifiedFollowing;ModifiedFollowing;;2D
28.07.2025;15Y;OIS;GBP;0,04385;SONIA;1D;1Y;;;;1Y;Act360;Act360;;ModifiedFollowing;ModifiedFollowing;;2D
28.07.2025;3Mx6M;FRA;USD;0,04308;LIBOR;3M;3M;;;;3M;Act360;Act360;;ModifiedFollowing;ModifiedFollowing;;2D
28.07.2025;6Y;IRS;EUR;0,023555;EURIBOR;3M;3M;;;;1Y;Act360;Act360;;ModifiedFollowing;ModifiedFollowing;;2D
28.07.2025;20Y;OIS;GBP;0,04529;SONIA;1D;1Y;;;;1Y;Act360;Act360;;ModifiedFollowing;ModifiedFollowing;;2D
28.07.2025;25Y;OIS;GBP;0,04584;SONIA;1D;1Y;;;;1Y;Act360;Act360;;ModifiedFollowing;ModifiedFollowing;;2D
28.07.2025;2Mx5M;FRA;USD;0,04399;LIBOR;3M;3M;;;;3M;Act360;Act360;;ModifiedFollowing;ModifiedFollowing;;2D
28.07.2025;5Y;IRS;EUR;0,022735;EURIBOR;3M;3M;;;;1Y;Act360;Act360;;ModifiedFollowing;ModifiedFollowing;;2D
28.07.2025;30Y;OIS;GBP;0,04584;SONIA;1D;1Y;;;;1Y;Act360;Act360;;ModifiedFollowing;ModifiedFollowing;;2D
28.07.2025;1Mx4M;FRA;USD;0,04498;LIBOR;3M;3M;;;;3M;Act360;Act360;;ModifiedFollowing;ModifiedFollowing;;2D
28.07.2025;40Y;OIS;GBP;0,04513;SONIA;1D;1Y;;;;1Y;Act360;Act360;;ModifiedFollowing;ModifiedFollowing;;2D
28.07.2025;11Mx23M;FRA;EUR;0,02132;EURIBOR;3M;3M;;;;3M;Act360;Act360;;ModifiedFollowing;ModifiedFollowing;;2D
28.07.2025;4Y;IRS;EUR;0,02186;EURIBOR;3M;3M;;;;1Y;Act360;Act360;;ModifiedFollowing;ModifiedFollowing;;2D
28.07.2025;50Y;OIS;GBP;0,04409;SONIA;1D;1Y;;;;1Y;Act360;Act360;;ModifiedFollowing;ModifiedFollowing;;2D
28.07.2025;10Mx22M;FRA;EUR;0,02114;EURIBOR;3M;3M;;;;3M;Act360;Act360;;ModifiedFollowing;ModifiedFollowing;;2D
28.07.2025;1M;DEPOSIT;EUR;0,02075;EURIBOR;1M;1M;;;;1M;Act360;Act360;;ModifiedFollowing;ModifiedFollowing;;2D
28.07.2025;3Y;IRS;EUR;0,020885;EURIBOR;3M;3M;;;;1Y;Act360;Act360;;ModifiedFollowing;ModifiedFollowing;;2D
28.07.2025;9Mx21M;FRA;EUR;0,02097;EURIBOR;3M;3M;;;;3M;Act360;Act360;;ModifiedFollowing;ModifiedFollowing;;2D
28.07.2025;3M;DEPOSIT;EUR;0,021;EURIBOR;3M;3M;;;;3M;Act360;Act360;;ModifiedFollowing;ModifiedFollowing;;2D
28.07.2025;6M;DEPOSIT;EUR;0,0187;EURIBOR;6M;6M;;;;6M;Act360;Act360;;ModifiedFollowing;ModifiedFollowing;;2D
28.07.2025;4M;OIS;EUR;0,01985;EONIA;1D;4M;;;;4M;Act360;Act360;;ModifiedFollowing;ModifiedFollowing;;2D
28.07.2025;8Mx20M;FRA;EUR;0,02085;EURIBOR;3M;3M;;;;3M;Act360;Act360;;ModifiedFollowing;ModifiedFollowing;;2D
28.07.2025;12M;DEPOSIT;EUR;0,0209;EURIBOR;12M;1Y;;;;1Y;Act360;Act360;;ModifiedFollowing;ModifiedFollowing;;2D
28.07.2025;2Y;IRS;EUR;0,0198125;EURIBOR;3M;3M;;;;1Y;Act360;Act360;;ModifiedFollowing;ModifiedFollowing;;2D
28.07.2025;7Mx19M;FRA;EUR;0,02071;EURIBOR;3M;3M;;;;3M;Act360;Act360;;ModifiedFollowing;ModifiedFollowing;;2D
28.07.2025;1Y;IRS;EUR;0,01951;EURIBOR;3M;3M;;;;1Y;Act360;Act360;;ModifiedFollowing;ModifiedFollowing;;2D
28.07.2025;1M;DEPOSIT;USD;0,04385;LIBOR;1M;1M;;;;1M;Act360;Act360;;ModifiedFollowing;ModifiedFollowing;;2D
28.07.2025;6Mx18M;FRA;EUR;0,02064;EURIBOR;3M;3M;;;;3M;Act360;Act360;;ModifiedFollowing;ModifiedFollowing;;2D
28.07.2025;3M;DEPOSIT;USD;0,04405;LIBOR;3M;3M;;;;3M;Act360;Act360;;ModifiedFollowing;ModifiedFollowing;;2D
28.07.2025;5Mx17M;FRA;EUR;0,02065;EURIBOR;3M;3M;;;;3M;Act360;Act360;;ModifiedFollowing;ModifiedFollowing;;2D
28.07.2025;30Y;OIS;EUR;0,02805;EONIA;1D;1Y;;;;1Y;Act360;Act360;;ModifiedFollowing;ModifiedFollowing;;2D
28.07.2025;6M;DEPOSIT;USD;0,04405;LIBOR;6M;6M;;;;6M;Act360;Act360;;ModifiedFollowing;ModifiedFollowing;;2D
28.07.2025;4Mx16M;FRA;EUR;0,0207;EURIBOR;3M;3M;;;;3M;Act360;Act360;;ModifiedFollowing;ModifiedFollowing;;2D
28.07.2025;12M;DEPOSIT;USD;0,04345;LIBOR;12M;1Y;;;;1Y;Act360;Act360;;ModifiedFollowing;ModifiedFollowing;;2D
28.07.2025;1M;DEPOSIT;GBP;0,0415;LIBOR;1M;1M;;;;1M;Act360;Act360;;ModifiedFollowing;ModifiedFollowing;;2D
28.07.2025;20Y;OIS;EUR;0,02835;EONIA;1D;1Y;;;;1Y;Act360;Act360;;ModifiedFollowing;ModifiedFollowing;;2D
28.07.2025;3Mx15M;FRA;EUR;0,02081;EURIBOR;3M;3M;;;;3M;Act360;Act360;;ModifiedFollowing;ModifiedFollowing;;2D
28.07.2025;3M;DEPOSIT;GBP;0,0416;LIBOR;3M;3M;;;;3M;Act360;Act360;;ModifiedFollowing;ModifiedFollowing;;2D
28.07.2025;2Mx14M;FRA;EUR;0,02102;EURIBOR;3M;3M;;;;3M;Act360;Act360;;ModifiedFollowing;ModifiedFollowing;;2D
28.07.2025;15Y;OIS;EUR;0,02781;EONIA;1D;1Y;;;;1Y;Act360;Act360;;ModifiedFollowing;ModifiedFollowing;;2D
28.07.2025;6M;DEPOSIT;GBP;0,0419;LIBOR;6M;6M;;;;6M;Act360;Act360;;ModifiedFollowing;ModifiedFollowing;;2D
28.07.2025;1Mx13M;FRA;EUR;0,02115;EURIBOR;3M;3M;;;;3M;Act360;Act360;;ModifiedFollowing;ModifiedFollowing;;2D
28.07.2025;12M;DEPOSIT;GBP;0,0418;LIBOR;12M;1Y;;;;1Y;Act360;Act360;;ModifiedFollowing;ModifiedFollowing;;2D
28.07.2025;5Mx11M;FRA;EUR;0,01955;EURIBOR;3M;3M;;;;3M;Act360;Act360;;ModifiedFollowing;ModifiedFollowing;;2D
28.07.2025;10Y;OIS;EUR;0,02575;EONIA;1D;1Y;;;;1Y;Act360;Act360;;ModifiedFollowing;ModifiedFollowing;;2D
28.07.2025;7M;OIS;EUR;0,01941;EONIA;1D;7M;;;;7M;Act360;Act360;;ModifiedFollowing;ModifiedFollowing;;2D
28.07.2025;4Mx10M;FRA;EUR;0,0197;EURIBOR;3M;3M;;;;3M;Act360;Act360;;ModifiedFollowing;ModifiedFollowing;;2D
28.07.2025;9Y;OIS;EUR;0,025185;EONIA;1D;1Y;;;;1Y;Act360;Act360;;ModifiedFollowing;ModifiedFollowing;;2D
28.07.2025;3Mx9M;FRA;EUR;0,0199;EURIBOR;3M;3M;;;;3M;Act360;Act360;;ModifiedFollowing;ModifiedFollowing;;2D
28.07.2025;8Y;OIS;EUR;0,024525;EONIA;1D;1Y;;;;1Y;Act360;Act360;;ModifiedFollowing;ModifiedFollowing;;2D
28.07.2025;2Mx8M;FRA;EUR;0,02017;EURIBOR;3M;3M;;;;3M;Act360;Act360;;ModifiedFollowing;ModifiedFollowing;;2D
28.07.2025;1Mx7M;FRA;EUR;0,02049;EURIBOR;3M;3M;;;;3M;Act360;Act360;;ModifiedFollowing;ModifiedFollowing;;2D
28.07.2025;7Y;OIS;EUR;0,02378;EONIA;1D;1Y;;;;1Y;Act360;Act360;;ModifiedFollowing;ModifiedFollowing;;2D
28.07.2025;8Mx11M;FRA;EUR;0,0185;EURIBOR;3M;3M;;;;3M;Act360;Act360;;ModifiedFollowing;ModifiedFollowing;;2D
28.07.2025;7Mx10M;FRA;EUR;0,01852;EURIBOR;3M;3M;;;;3M;Act360;Act360;;ModifiedFollowing;ModifiedFollowing;;2D
28.07.2025;6Y;OIS;EUR;0,022995;EONIA;1D;1Y;;;;1Y;Act360;Act360;;ModifiedFollowing;ModifiedFollowing;;2D
28.07.2025;6Mx9M;FRA;EUR;0,01867;EURIBOR;3M;3M;;;;3M;Act360;Act360;;ModifiedFollowing;ModifiedFollowing;;2D
28.07.2025;5Y;OIS;EUR;0,022155;EONIA;1D;1Y;;;;1Y;Act360;Act360;;ModifiedFollowing;ModifiedFollowing;;2D
28.07.2025;5Mx8M;FRA;EUR;0,01879;EURIBOR;3M;3M;;;;3M;Act360;Act360;;ModifiedFollowing;ModifiedFollowing;;2D
28.07.2025;2M;OIS;EUR;0,02005;EONIA;1D;2M;;;;2M;Act360;Act360;;ModifiedFollowing;ModifiedFollowing;;2D
28.07.2025;4Mx7M;FRA;EUR;0,019;EURIBOR;3M;3M;;;;3M;Act360;Act360;;ModifiedFollowing;ModifiedFollowing;;2D
28.07.2025;4Y;OIS;EUR;0,021255;EONIA;1D;1Y;;;;1Y;Act360;Act360;;ModifiedFollowing;ModifiedFollowing;;2D
28.07.2025;3Mx6M;FRA;EUR;0,01932;EURIBOR;3M;3M;;;;3M;Act360;Act360;;ModifiedFollowing;ModifiedFollowing;;2D
28.07.2025;2Mx5M;FRA;EUR;0,01963;EURIBOR;3M;3M;;;;3M;Act360;Act360;;ModifiedFollowing;ModifiedFollowing;;2D
28.07.2025;3Y;OIS;EUR;0,02023;EONIA;1D;1Y;;;;1Y;Act360;Act360;;ModifiedFollowing;ModifiedFollowing;;2D
28.07.2025;1Mx4M;FRA;EUR;0,01989;EURIBOR;3M;3M;;;;3M;Act360;Act360;;ModifiedFollowing;ModifiedFollowing;;2D
28.07.2025;2Y;OIS;EUR;0,01921;EONIA;1D;1Y;;;;1Y;Act360;Act360;;ModifiedFollowing;ModifiedFollowing;;2D
28.07.2025;18M;OIS;EUR;0,01887;EONIA;1D;1Y;;;;1Y;Act360;Act360;;ModifiedFollowing;ModifiedFollowing;;2D
28.07.2025;1Y;OIS;EUR;0,01898;EONIA;1D;1Y;;;;1Y;Act360;Act360;;ModifiedFollowing;ModifiedFollowing;;2D
28.07.2025;11M;OIS;EUR;0,01902;EONIA;1D;1Y;;;;1Y;Act360;Act360;;ModifiedFollowing;ModifiedFollowing;;2D
28.07.2025;7D;OIS;EUR;0,02011;EONIA;1D;7D;;;;7D;Act360;Act360;;ModifiedFollowing;ModifiedFollowing;;2D
28.07.2025;10M;OIS;EUR;0,01909;EONIA;1D;1Y;;;;1Y;Act360;Act360;;ModifiedFollowing;ModifiedFollowing;;2D
28.07.2025;14D;OIS;EUR;0,0201;EONIA;1D;14D;;;;14D;Act360;Act360;;ModifiedFollowing;ModifiedFollowing;;2D
28.07.2025;9M;OIS;EUR;0,01917;EONIA;1D;9M;;;;9M;Act360;Act360;;ModifiedFollowing;ModifiedFollowing;;2D
28.07.2025;1M;OIS;EUR;0,02012;EONIA;1D;1M;;;;1M;Act360;Act360;;ModifiedFollowing;ModifiedFollowing;;2D
28.07.2025;8M;OIS;EUR;0,01929;EONIA;1D;8M;;;;8M;Act360;Act360;;ModifiedFollowing;ModifiedFollowing;;2D
28.07.2025;4M;OIS;USD;0,04232;SOFR;1D;4M;;;;4M;Act360;Act360;;ModifiedFollowing;ModifiedFollowing;;2D
28.07.2025;5M;OIS;USD;0,04187;SOFR;1D;5M;;;;5M;Act360;Act360;;ModifiedFollowing;ModifiedFollowing;;2D
28.07.2025;3M;OIS;USD;0,04274;SOFR;1D;3M;;;;3M;Act360;Act360;;ModifiedFollowing;ModifiedFollowing;;2D
28.07.2025;6M;OIS;USD;0,04149;SOFR;1D;6M;;;;6M;Act360;Act360;;ModifiedFollowing;ModifiedFollowing;;2D
28.07.2025;2M;OIS;USD;0,04307;SOFR;1D;2M;;;;2M;Act360;Act360;;ModifiedFollowing;ModifiedFollowing;;2D
28.07.2025;7M;OIS;USD;0,04114;SOFR;1D;7M;;;;7M;Act360;Act360;;ModifiedFollowing;ModifiedFollowing;;2D
28.07.2025;8M;OIS;USD;0,04082;SOFR;1D;8M;;;;8M;Act360;Act360;;ModifiedFollowing;ModifiedFollowing;;2D
25.07.2025;6Mx18M;FRA;EUR;0,02092;EURIBOR;3M;3M;;;;3M;Act360;Act360;;ModifiedFollowing;ModifiedFollowing;;2D
25.07.2025;7Y;OIS;EUR;0,024275;EONIA;1D;1Y;;;;1Y;Act360;Act360;;ModifiedFollowing;ModifiedFollowing;;2D
25.07.2025;40Y;IRS;EUR;0,028481;EURIBOR;3M;3M;;;;1Y;Act360;Act360;;ModifiedFollowing;ModifiedFollowing;;2D
25.07.2025;3Y;OIS;GBP;0,03677;SONIA;1D;1Y;;;;1Y;Act360;Act360;;ModifiedFollowing;ModifiedFollowing;;2D
25.07.2025;7Mx10M;FRA;GBP;0,03712;LIBOR;3M;3M;;;;3M;Act360;Act360;;ModifiedFollowing;ModifiedFollowing;;2D
25.07.2025;40Y;OIS;GBP;0,04551;SONIA;1D;1Y;;;;1Y;Act360;Act360;;ModifiedFollowing;ModifiedFollowing;;2D
25.07.2025;12Y;OIS;USD;0,03913;SOFR;1D;1Y;;;;1Y;Act360;Act360;;ModifiedFollowing;ModifiedFollowing;;2D
25.07.2025;15Y;OIS;GBP;0,04417;SONIA;1D;1Y;;;;1Y;Act360;Act360;;ModifiedFollowing;ModifiedFollowing;;2D
25.07.2025;10Y;IRS;EUR;0,02678;EURIBOR;3M;3M;;;;1Y;Act360;Act360;;ModifiedFollowing;ModifiedFollowing;;2D
25.07.2025;6M;IRS;EUR;0,01884;EURIBOR;1M;1M;;;;1Y;Act360;Act360;;ModifiedFollowing;ModifiedFollowing;;2D
25.07.2025;20Y;OIS;EUR;0,02884;EONIA;1D;1Y;;;;1Y;Act360;Act360;;ModifiedFollowing;ModifiedFollowing;;2D
25.07.2025;8Mx11M;FRA;EUR;0,01875;EURIBOR;3M;3M;;;;3M;Act360;Act360;;ModifiedFollowing;ModifiedFollowing;;2D
25.07.2025;4M;OIS;GBP;0,03989;SONIA;1D;4M;;;;4M;Act360;Act360;;ModifiedFollowing;ModifiedFollowing;;2D
25.07.2025;4Mx10M;FRA;USD;0,04323;LIBOR;3M;3M;;;;3M;Act360;Act360;;ModifiedFollowing;ModifiedFollowing;;2D
25.07.2025;1Y;OIS;EUR;0,01912;EONIA;1D;1Y;;;;1Y;Act360;Act360;;ModifiedFollowing;ModifiedFollowing;;2D
25.07.2025;8Mx11M;FRA;GBP;0,03679;LIBOR;3M;3M;;;;3M;Act360;Act360;;ModifiedFollowing;ModifiedFollowing;;2D
25.07.2025;12M;DEPOSIT;EUR;0,02175;EURIBOR;12M;1Y;;;;1Y;Act360;Act360;;ModifiedFollowing;ModifiedFollowing;;2D
25.07.2025;3Y;OIS;USD;0,03523;SOFR;1D;1Y;;;;1Y;Act360;Act360;;ModifiedFollowing;ModifiedFollowing;;2D
25.07.2025;12Y;IRS;EUR;0,027789;EURIBOR;3M;3M;;;;1Y;Act360;Act360;;ModifiedFollowing;ModifiedFollowing;;2D
25.07.2025;5M;OIS;USD;0,04196;SOFR;1D;5M;;;;5M;Act360;Act360;;ModifiedFollowing;ModifiedFollowing;;2D
25.07.2025;15Y;OIS;USD;0,04022;SOFR;1D;1Y;;;;1Y;Act360;Act360;;ModifiedFollowing;ModifiedFollowing;;2D
25.07.2025;1M;DEPOSIT;GBP;0,0412;LIBOR;1M;1M;;;;1M;Act360;Act360;;ModifiedFollowing;ModifiedFollowing;;2D
25.07.2025;7Mx10M;FRA;EUR;0,01875;EURIBOR;3M;3M;;;;3M;Act360;Act360;;ModifiedFollowing;ModifiedFollowing;;2D
25.07.2025;6Y;OIS;EUR;0,023465;EONIA;1D;1Y;;;;1Y;Act360;Act360;;ModifiedFollowing;ModifiedFollowing;;2D
25.07.2025;3Mx6M;FRA;USD;0,04323;LIBOR;3M;3M;;;;3M;Act360;Act360;;ModifiedFollowing;ModifiedFollowing;;2D
25.07.2025;3M;OIS;GBP;0,04019;SONIA;1D;3M;;;;3M;Act360;Act360;;ModifiedFollowing;ModifiedFollowing;;2D
25.07.2025;50Y;IRS;EUR;0,028015;EURIBOR;3M;3M;;;;1Y;Act360;Act360;;ModifiedFollowing;ModifiedFollowing;;2D
25.07.2025;7Y;OIS;GBP;0,03914;SONIA;1D;1Y;;;;1Y;Act360;Act360;;ModifiedFollowing;ModifiedFollowing;;2D
25.07.2025;1Mx7M;FRA;GBP;0,04146;LIBOR;3M;3M;;;;3M;Act360;Act360;;ModifiedFollowing;ModifiedFollowing;;2D
25.07.2025;3Mx15M;FRA;EUR;0,02104;EURIBOR;3M;3M;;;;3M;Act360;Act360;;ModifiedFollowing;ModifiedFollowing;;2D
25.07.2025;1Mx7M;FRA;USD;0,0456;LIBOR;3M;3M;;;;3M;Act360;Act360;;ModifiedFollowing;ModifiedFollowing;;2D
25.07.2025;5M;IRS;EUR;0,01897;EURIBOR;1M;1M;;;;1Y;Act360;Act360;;ModifiedFollowing;ModifiedFollowing;;2D
25.07.2025;11M;OIS;USD;0,03996;SOFR;1D;1Y;;;;1Y;Act360;Act360;;ModifiedFollowing;ModifiedFollowing;;2D
25.07.2025;1Mx4M;FRA;USD;0,04501;LIBOR;3M;3M;;;;3M;Act360;Act360;;ModifiedFollowing;ModifiedFollowing;;2D
25.07.2025;18M;OIS;EUR;0,01909;EONIA;1D;1Y;;;;1Y;Act360;Act360;;ModifiedFollowing;ModifiedFollowing;;2D
25.07.2025;30Y;OIS;GBP;0,04621;SONIA;1D;1Y;;;;1Y;Act360;Act360;;ModifiedFollowing;ModifiedFollowing;;2D
25.07.2025;20Y;OIS;USD;0,04103;SOFR;1D;1Y;;;;1Y;Act360;Act360;;ModifiedFollowing;ModifiedFollowing;;2D
25.07.2025;2M;OIS;GBP;0,04041;SONIA;1D;2M;;;;2M;Act360;Act360;;ModifiedFollowing;ModifiedFollowing;;2D
25.07.2025;60Y;IRS;EUR;0,02752;EURIBOR;3M;3M;;;;1Y;Act360;Act360;;ModifiedFollowing;ModifiedFollowing;;2D
25.07.2025;6Y;IRS;EUR;0,024009;EURIBOR;3M;3M;;;;1Y;Act360;Act360;;ModifiedFollowing;ModifiedFollowing;;2D
25.07.2025;6Mx9M;FRA;EUR;0,01888;EURIBOR;3M;3M;;;;3M;Act360;Act360;;ModifiedFollowing;ModifiedFollowing;;2D
25.07.2025;8Mx20M;FRA;EUR;0,02113;EURIBOR;3M;3M;;;;3M;Act360;Act360;;ModifiedFollowing;ModifiedFollowing;;2D
25.07.2025;2Mx8M;FRA;GBP;0,04078;LIBOR;3M;3M;;;;3M;Act360;Act360;;ModifiedFollowing;ModifiedFollowing;;2D
25.07.2025;2Y;OIS;GBP;0,03677;SONIA;1D;1Y;;;;1Y;Act360;Act360;;ModifiedFollowing;ModifiedFollowing;;2D
25.07.2025;3M;OIS;EUR;0,01997;EONIA;1D;3M;;;;3M;Act360;Act360;;ModifiedFollowing;ModifiedFollowing;;2D
25.07.2025;20Y;OIS;GBP;0,04563;SONIA;1D;1Y;;;;1Y;Act360;Act360;;ModifiedFollowing;ModifiedFollowing;;2D
25.07.2025;25Y;OIS;USD;0,04094;SOFR;1D;1Y;;;;1Y;Act360;Act360;;ModifiedFollowing;ModifiedFollowing;;2D
25.07.2025;2M;OIS;EUR;0,02004;EONIA;1D;2M;;;;2M;Act360;Act360;;ModifiedFollowing;ModifiedFollowing;;2D
25.07.2025;5Y;IRS;EUR;0,02317;EURIBOR;3M;3M;;;;1Y;Act360;Act360;;ModifiedFollowing;ModifiedFollowing;;2D
25.07.2025;2Y;OIS;USD;0,036215;SOFR;1D;1Y;;;;1Y;Act360;Act360;;ModifiedFollowing;ModifiedFollowing;;2D
25.07.2025;18M;OIS;GBP;0,03702;SONIA;1D;1Y;;;;1Y;Act360;Act360;;ModifiedFollowing;ModifiedFollowing;;2D
25.07.2025;1M;OIS;GBP;0,04085;SONIA;1D;1M;;;;1M;Act360;Act360;;ModifiedFollowing;ModifiedFollowing;;2D
25.07.2025;25Y;OIS;GBP;0,0462;SONIA;1D;1Y;;;;1Y;Act360;Act360;;ModifiedFollowing;ModifiedFollowing;;2D
25.07.2025;5Y;OIS;EUR;0,022595;EONIA;1D;1Y;;;;1Y;Act360;Act360;;ModifiedFollowing;ModifiedFollowing;;2D
25.07.2025;3M;OIS;USD;0,04278;SOFR;1D;3M;;;;3M;Act360;Act360;;ModifiedFollowing;ModifiedFollowing;;2D
25.07.2025;30Y;OIS;USD;0,04046;SOFR;1D;1Y;;;;1Y;Act360;Act360;;ModifiedFollowing;ModifiedFollowing;;2D
25.07.2025;3M;DEPOSIT;GBP;0,0425;LIBOR;3M;3M;;;;3M;Act360;Act360;;ModifiedFollowing;ModifiedFollowing;;2D
25.07.2025;14D;OIS;GBP;0,04203;SONIA;1D;14D;;;;14D;Act360;Act360;;ModifiedFollowing;ModifiedFollowing;;2D
25.07.2025;2Mx5M;FRA;USD;0,04408;LIBOR;3M;3M;;;;3M;Act360;Act360;;ModifiedFollowing;ModifiedFollowing;;2D
25.07.2025;8Mx11M;FRA;USD;0,03954;LIBOR;3M;3M;;;;3M;Act360;Act360;;ModifiedFollowing;ModifiedFollowing;;2D
25.07.2025;5Mx8M;FRA;EUR;0,01898;EURIBOR;3M;3M;;;;3M;Act360;Act360;;ModifiedFollowing;ModifiedFollowing;;2D
25.07.2025;6M;OIS;USD;0,04159;SOFR;1D;6M;;;;6M;Act360;Act360;;ModifiedFollowing;ModifiedFollowing;;2D
25.07.2025;3Mx9M;FRA;GBP;0,04025;LIBOR;3M;3M;;;;3M;Act360;Act360;;ModifiedFollowing;ModifiedFollowing;;2D
25.07.2025;4M;IRS;EUR;0,01902;EURIBOR;1M;1M;;;;1Y;Act360;Act360;;ModifiedFollowing;ModifiedFollowing;;2D
25.07.2025;9Y;OIS;GBP;0,04063;SONIA;1D;1Y;;;;1Y;Act360;Act360;;ModifiedFollowing;ModifiedFollowing;;2D
25.07.2025;2Y;OIS;EUR;0,01946;EONIA;1D;1Y;;;;1Y;Act360;Act360;;ModifiedFollowing;ModifiedFollowing;;2D
25.07.2025;1Mx4M;FRA;EUR;0,01995;EURIBOR;3M;3M;;;;3M;Act360;Act360;;ModifiedFollowing;ModifiedFollowing;;2D
25.07.2025;4Mx7M;FRA;EUR;0,01915;EURIBOR;3M;3M;;;;3M;Act360;Act360;;ModifiedFollowing;ModifiedFollowing;;2D
25.07.2025;3Y;IRS;EUR;0,02117;EURIBOR;3M;3M;;;;1Y;Act360;Act360;;ModifiedFollowing;ModifiedFollowing;;2D
25.07.2025;7D;OIS;GBP;0,04219;SONIA;1D;7D;;;;7D;Act360;Act360;;ModifiedFollowing;ModifiedFollowing;;2D
25.07.2025;2M;IRS;EUR;0,01907;EURIBOR;1M;1M;;;;1Y;Act360;Act360;;ModifiedFollowing;ModifiedFollowing;;2D
25.07.2025;9Mx21M;FRA;EUR;0,02127;EURIBOR;3M;3M;;;;3M;Act360;Act360;;ModifiedFollowing;ModifiedFollowing;;2D
25.07.2025;2Mx14M;FRA;EUR;0,02119;EURIBOR;3M;3M;;;;3M;Act360;Act360;;ModifiedFollowing;ModifiedFollowing;;2D
25.07.2025;35Y;OIS;USD;0,0398;SOFR;1D;1Y;;;;1Y;Act360;Act360;;ModifiedFollowing;ModifiedFollowing;;2D
25.07.2025;18M;OIS;USD;0,0374;SOFR;1D;1Y;;;;1Y;Act360;Act360;;ModifiedFollowing;ModifiedFollowing;;2D
25.07.2025;5Mx11M;FRA;USD;0,04258;LIBOR;3M;3M;;;;3M;Act360;Act360;;ModifiedFollowing;ModifiedFollowing;;2D
25.07.2025;4Y;OIS;EUR;0,021635;EONIA;1D;1Y;;;;1Y;Act360;Act360;;ModifiedFollowing;ModifiedFollowing;;2D
25.07.2025;3Y;OIS;EUR;0,02057;EONIA;1D;1Y;;;;1Y;Act360;Act360;;ModifiedFollowing;ModifiedFollowing;;2D
25.07.2025;4Mx10M;FRA;GBP;0,03972;LIBOR;3M;3M;;;;3M;Act360;Act360;;ModifiedFollowing;ModifiedFollowing;;2D
25.07.2025;40Y;OIS;USD;0,03916;SOFR;1D;1Y;;;;1Y;Act360;Act360;;ModifiedFollowing;ModifiedFollowing;;2D
25.07.2025;2Mx5M;FRA;EUR;0,01972;EURIBOR;3M;3M;;;;3M;Act360;Act360;;ModifiedFollowing;ModifiedFollowing;;2D
25.07.2025;7M;OIS;USD;0,04123;SOFR;1D;7M;;;;7M;Act360;Act360;;ModifiedFollowing;ModifiedFollowing;;2D
25.07.2025;3M;IRS;EUR;0,01906;EURIBOR;1M;1M;;;;1Y;Act360;Act360;;ModifiedFollowing;ModifiedFollowing;;2D
25.07.2025;2Y;IRS;EUR;0,020021;EURIBOR;3M;3M;;;;1Y;Act360;Act360;;ModifiedFollowing;ModifiedFollowing;;2D
25.07.2025;3Mx6M;FRA;EUR;0,019427;EURIBOR;3M;3M;;;;3M;Act360;Act360;;ModifiedFollowing;ModifiedFollowing;;2D
25.07.2025;15Y;OIS;EUR;0,02831;EONIA;1D;1Y;;;;1Y;Act360;Act360;;ModifiedFollowing;ModifiedFollowing;;2D
25.07.2025;50Y;OIS;USD;0,03782;SOFR;1D;1Y;;;;1Y;Act360;Act360;;ModifiedFollowing;ModifiedFollowing;;2D
25.07.2025;5Mx11M;FRA;GBP;0,03919;LIBOR;3M;3M;;;;3M;Act360;Act360;;ModifiedFollowing;ModifiedFollowing;;2D
25.07.2025;8M;OIS;EUR;0,0194;EONIA;1D;8M;;;;8M;Act360;Act360;;ModifiedFollowing;ModifiedFollowing;;2D
25.07.2025;3M;DEPOSIT;USD;0,04405;LIBOR;3M;3M;;;;3M;Act360;Act360;;ModifiedFollowing;ModifiedFollowing;;2D
25.07.2025;1Y;OIS;GBP;0,03803;SONIA;1D;1Y;;;;1Y;Act360;Act360;;ModifiedFollowing;ModifiedFollowing;;2D
25.07.2025;15Y;IRS;EUR;0,028796;EURIBOR;3M;3M;;;;1Y;Act360;Act360;;ModifiedFollowing;ModifiedFollowing;;2D
25.07.2025;1Mx4M;FRA;GBP;0,04072;LIBOR;3M;3M;;;;3M;Act360;Act360;;ModifiedFollowing;ModifiedFollowing;;2D
25.07.2025;6Mx9M;FRA;USD;0,04104;LIBOR;3M;3M;;;;3M;Act360;Act360;;ModifiedFollowing;ModifiedFollowing;;2D
25.07.2025;6M;DEPOSIT;GBP;0,0425;LIBOR;6M;6M;;;;6M;Act360;Act360;;ModifiedFollowing;ModifiedFollowing;;2D
25.07.2025;1M;OIS;EUR;0,0201;EONIA;1D;1M;;;;1M;Act360;Act360;;ModifiedFollowing;ModifiedFollowing;;2D
25.07.2025;9M;OIS;USD;0,04061;SOFR;1D;9M;;;;9M;Act360;Act360;;ModifiedFollowing;ModifiedFollowing;;2D
25.07.2025;1Y;IRS;EUR;0,01958;EURIBOR;3M;3M;;;;1Y;Act360;Act360;;ModifiedFollowing;ModifiedFollowing;;2D
25.07.2025;1Mx13M;FRA;EUR;0,02134;EURIBOR;3M;3M;;;;3M;Act360;Act360;;ModifiedFollowing;ModifiedFollowing;;2D
25.07.2025;4Y;OIS;USD;0,03518;SOFR;1D;1Y;;;;1Y;Act360;Act360;;ModifiedFollowing;ModifiedFollowing;;2D
25.07.2025;5Mx17M;FRA;EUR;0,02091;EURIBOR;3M;3M;;;;3M;Act360;Act360;;ModifiedFollowing;ModifiedFollowing;;2D
25.07.2025;11M;OIS;GBP;0,03819;SONIA;1D;1Y;;;;1Y;Act360;Act360;;ModifiedFollowing;ModifiedFollowing;;2D
25.07.2025;20Y;IRS;EUR;0,02928;EURIBOR;3M;3M;;;;1Y;Act360;Act360;;ModifiedFollowing;ModifiedFollowing;;2D
25.07.2025;8M;OIS;USD;0,04091;SOFR;1D;8M;;;;8M;Act360;Act360;;ModifiedFollowing;ModifiedFollowing;;2D
25.07.2025;12M;DEPOSIT;GBP;0,0416;LIBOR;12M;1Y;;;;1Y;Act360;Act360;;ModifiedFollowing;ModifiedFollowing;;2D
25.07.2025;1M;OIS;USD;0,04329;SOFR;1D;1M;;;;1M;Act360;Act360;;ModifiedFollowing;ModifiedFollowing;;2D
25.07.2025;10M;IRS;EUR;0,01854;EURIBOR;1M;1M;;;;1Y;Act360;Act360;;ModifiedFollowing;ModifiedFollowing;;2D
25.07.2025;1M;DEPOSIT;EUR;0,0194;EURIBOR;1M;1M;;;;1M;Act360;Act360;;ModifiedFollowing;ModifiedFollowing;;2D
25.07.2025;2Mx5M;FRA;GBP;0,03995;LIBOR;3M;3M;;;;3M;Act360;Act360;;ModifiedFollowing;ModifiedFollowing;;2D
25.07.2025;4M;OIS;USD;0,04237;SOFR;1D;4M;;;;4M;Act360;Act360;;ModifiedFollowing;ModifiedFollowing;;2D
25.07.2025;5Mx11M;FRA;EUR;0,01978;EURIBOR;3M;3M;;;;3M;Act360;Act360;;ModifiedFollowing;ModifiedFollowing;;2D
25.07.2025;30Y;OIS;EUR;0,02853;EONIA;1D;1Y;;;;1Y;Act360;Act360;;ModifiedFollowing;ModifiedFollowing;;2D
25.07.2025;6M;DEPOSIT;EUR;0,0187;EURIBOR;6M;6M;;;;6M;Act360;Act360;;ModifiedFollowing;ModifiedFollowing;;2D
25.07.2025;10Y;OIS;EUR;0,02628;EONIA;1D;1Y;;;;1Y;Act360;Act360;;ModifiedFollowing;ModifiedFollowing;;2D
25.07.2025;5M;OIS;EUR;0,01979;EONIA;1D;5M;;;;5M;Act360;Act360;;ModifiedFollowing;ModifiedFollowing;;2D
25.07.2025;5Y;OIS;USD;0,03546;SOFR;1D;1Y;;;;1Y;Act360;Act360;;ModifiedFollowing;ModifiedFollowing;;2D
25.07.2025;5Y;OIS;GBP;0,03776;SONIA;1D;1Y;;;;1Y;Act360;Act360;;ModifiedFollowing;ModifiedFollowing;;2D
25.07.2025;10M;OIS;GBP;0,03837;SONIA;1D;1Y;;;;1Y;Act360;Act360;;ModifiedFollowing;ModifiedFollowing;;2D
25.07.2025;3Mx6M;FRA;GBP;0,03925;LIBOR;3M;3M;;;;3M;Act360;Act360;;ModifiedFollowing;ModifiedFollowing;;2D
25.07.2025;6M;OIS;EUR;0,01961;EONIA;1D;6M;;;;6M;Act360;Act360;;ModifiedFollowing;ModifiedFollowing;;2D
25.07.2025;2Mx8M;FRA;USD;0,04487;LIBOR;3M;3M;;;;3M;Act360;Act360;;ModifiedFollowing;ModifiedFollowing;;2D
25.07.2025;9M;OIS;EUR;0,01929;EONIA;1D;9M;;;;9M;Act360;Act360;;ModifiedFollowing;ModifiedFollowing;;2D
25.07.2025;7Mx10M;FRA;USD;0,04029;LIBOR;3M;3M;;;;3M;Act360;Act360;;ModifiedFollowing;ModifiedFollowing;;2D
25.07.2025;8Y;IRS;EUR;0,025526;EURIBOR;3M;3M;;;;1Y;Act360;Act360;;ModifiedFollowing;ModifiedFollowing;;2D
25.07.2025;2M;OIS;USD;0,0431;SOFR;1D;2M;;;;2M;Act360;Act360;;ModifiedFollowing;ModifiedFollowing;;2D
25.07.2025;9M;OIS;GBP;0,03858;SONIA;1D;9M;;;;9M;Act360;Act360;;ModifiedFollowing;ModifiedFollowing;;2D
25.07.2025;10Y;OIS;GBP;0,04134;SONIA;1D;1Y;;;;1Y;Act360;Act360;;ModifiedFollowing;ModifiedFollowing;;2D
25.07.2025;14D;OIS;EUR;0,0208455;EONIA;1D;14D;;;;14D;Act360;Act360;;ModifiedFollowing;ModifiedFollowing;;2D
25.07.2025;9Y;IRS;EUR;0,02619;EURIBOR;3M;3M;;;;1Y;Act360;Act360;;ModifiedFollowing;ModifiedFollowing;;2D
25.07.2025;25Y;IRS;EUR;0,029126;EURIBOR;3M;3M;;;;1Y;Act360;Act360;;ModifiedFollowing;ModifiedFollowing;;2D
25.07.2025;4Mx10M;FRA;EUR;0,01989;EURIBOR;3M;3M;;;;3M;Act360;Act360;;ModifiedFollowing;ModifiedFollowing;;2D
25.07.2025;4M;OIS;EUR;0,01989;EONIA;1D;4M;;;;4M;Act360;Act360;;ModifiedFollowing;ModifiedFollowing;;2D
25.07.2025;6Y;OIS;GBP;0,03841;SONIA;1D;1Y;;;;1Y;Act360;Act360;;ModifiedFollowing;ModifiedFollowing;;2D
25.07.2025;7M;OIS;EUR;0,0195;EONIA;1D;7M;;;;7M;Act360;Act360;;ModifiedFollowing;ModifiedFollowing;;2D
25.07.2025;6M;DEPOSIT;USD;0,04405;LIBOR;6M;6M;;;;6M;Act360;Act360;;ModifiedFollowing;ModifiedFollowing;;2D
25.07.2025;11M;IRS;EUR;0,01851;EURIBOR;1M;1M;;;;1Y;Act360;Act360;;ModifiedFollowing;ModifiedFollowing;;2D
25.07.2025;9M;IRS;EUR;0,0186;EURIBOR;1M;1M;;;;1Y;Act360;Act360;;ModifiedFollowing;ModifiedFollowing;;2D
25.07.2025;4Mx7M;FRA;GBP;0,03861;LIBOR;3M;3M;;;;3M;Act360;Act360;;ModifiedFollowing;ModifiedFollowing;;2D
25.07.2025;10Mx22M;FRA;EUR;0,02145;EURIBOR;3M;3M;;;;3M;Act360;Act360;;ModifiedFollowing;ModifiedFollowing;;2D
25.07.2025;11Y;IRS;EUR;0,027315;EURIBOR;3M;3M;;;;1Y;Act360;Act360;;ModifiedFollowing;ModifiedFollowing;;2D
25.07.2025;6Y;OIS;USD;0,03596;SOFR;1D;1Y;;;;1Y;Act360;Act360;;ModifiedFollowing;ModifiedFollowing;;2D
25.07.2025;1M;DEPOSIT;USD;0,04375;LIBOR;1M;1M;;;;1M;Act360;Act360;;ModifiedFollowing;ModifiedFollowing;;2D
25.07.2025;7Y;OIS;USD;0,03653;SOFR;1D;1Y;;;;1Y;Act360;Act360;;ModifiedFollowing;ModifiedFollowing;;2D
25.07.2025;50Y;OIS;GBP;0,04448;SONIA;1D;1Y;;;;1Y;Act360;Act360;;ModifiedFollowing;ModifiedFollowing;;2D
25.07.2025;9Y;OIS;EUR;0,02567;EONIA;1D;1Y;;;;1Y;Act360;Act360;;ModifiedFollowing;ModifiedFollowing;;2D
25.07.2025;8M;OIS;GBP;0,03881;SONIA;1D;8M;;;;8M;Act360;Act360;;ModifiedFollowing;ModifiedFollowing;;2D
25.07.2025;10M;OIS;USD;0,04027;SOFR;1D;1Y;;;;1Y;Act360;Act360;;ModifiedFollowing;ModifiedFollowing;;2D
25.07.2025;5Mx8M;FRA;USD;0,04189;LIBOR;3M;3M;;;;3M;Act360;Act360;;ModifiedFollowing;ModifiedFollowing;;2D
25.07.2025;7M;OIS;GBP;0,03904;SONIA;1D;7M;;;;7M;Act360;Act360;;ModifiedFollowing;ModifiedFollowing;;2D
25.07.2025;4Mx16M;FRA;EUR;0,02094;EURIBOR;3M;3M;;;;3M;Act360;Act360;;ModifiedFollowing;ModifiedFollowing;;2D
25.07.2025;3Mx9M;FRA;EUR;0,02011;EURIBOR;3M;3M;;;;3M;Act360;Act360;;ModifiedFollowing;ModifiedFollowing;;2D
25.07.2025;5Mx8M;FRA;GBP;0,038;LIBOR;3M;3M;;;;3M;Act360;Act360;;ModifiedFollowing;ModifiedFollowing;;2D
25.07.2025;7Y;IRS;EUR;0,0248;EURIBOR;3M;3M;;;;1Y;Act360;Act360;;ModifiedFollowing;ModifiedFollowing;;2D
25.07.2025;10M;OIS;EUR;0,01922;EONIA;1D;1Y;;;;1Y;Act360;Act360;;ModifiedFollowing;ModifiedFollowing;;2D
25.07.2025;4Y;OIS;GBP;0,03718;SONIA;1D;1Y;;;;1Y;Act360;Act360;;ModifiedFollowing;ModifiedFollowing;;2D
25.07.2025;3Mx9M;FRA;USD;0,04401;LIBOR;3M;3M;;;;3M;Act360;Act360;;ModifiedFollowing;ModifiedFollowing;;2D
25.07.2025;8Y;OIS;GBP;0,03989;SONIA;1D;1Y;;;;1Y;Act360;Act360;;ModifiedFollowing;ModifiedFollowing;;2D
25.07.2025;8Y;OIS;EUR;0,025005;EONIA;1D;1Y;;;;1Y;Act360;Act360;;ModifiedFollowing;ModifiedFollowing;;2D
25.07.2025;30Y;IRS;EUR;0,028886;EURIBOR;3M;3M;;;;1Y;Act360;Act360;;ModifiedFollowing;ModifiedFollowing;;2D
25.07.2025;12Y;OIS;GBP;0,04264;SONIA;1D;1Y;;;;1Y;Act360;Act360;;ModifiedFollowing;ModifiedFollowing;;2D
25.07.2025;7D;OIS;EUR;0,02009;EONIA;1D;7D;;;;7D;Act360;Act360;;ModifiedFollowing;ModifiedFollowing;;2D
25.07.2025;8M;IRS;EUR;0,01867;EURIBOR;1M;1M;;;;1Y;Act360;Act360;;ModifiedFollowing;ModifiedFollowing;;2D
25.07.2025;8Y;OIS;USD;0,0371;SOFR;1D;1Y;;;;1Y;Act360;Act360;;ModifiedFollowing;ModifiedFollowing;;2D
25.07.2025;4Y;IRS;EUR;0,022205;EURIBOR;3M;3M;;;;1Y;Act360;Act360;;ModifiedFollowing;ModifiedFollowing;;2D
25.07.2025;9Y;OIS;USD;0,03765;SOFR;1D;1Y;;;;1Y;Act360;Act360;;ModifiedFollowing;ModifiedFollowing;;2D
25.07.2025;2Mx8M;FRA;EUR;0,02029;EURIBOR;3M;3M;;;;3M;Act360;Act360;;ModifiedFollowing;ModifiedFollowing;;2D
25.07.2025;6M;OIS;GBP;0,03931;SONIA;1D;6M;;;;6M;Act360;Act360;;ModifiedFollowing;ModifiedFollowing;;2D
25.07.2025;7M;IRS;EUR;0,01875;EURIBOR;1M;1M;;;;1Y;Act360;Act360;;ModifiedFollowing;ModifiedFollowing;;2D
25.07.2025;11Mx23M;FRA;EUR;0,02164;EURIBOR;3M;3M;;;;3M;Act360;Act360;;ModifiedFollowing;ModifiedFollowing;;2D
25.07.2025;3M;DEPOSIT;EUR;0,02065;EURIBOR;3M;3M;;;;3M;Act360;Act360;;ModifiedFollowing;ModifiedFollowing;;2D
25.07.2025;6Mx9M;FRA;GBP;0,03764;LIBOR;3M;3M;;;;3M;Act360;Act360;;ModifiedFollowing;ModifiedFollowing;;2D
25.07.2025;1Y;OIS;USD;0,03963;SOFR;1D;1Y;;;;1Y;Act360;Act360;;ModifiedFollowing;ModifiedFollowing;;2D
25.07.2025;10Y;OIS;USD;0,03816;SOFR;1D;1Y;;;;1Y;Act360;Act360;;ModifiedFollowing;ModifiedFollowing;;2D
25.07.2025;4Mx7M;FRA;USD;0,04245;LIBOR;3M;3M;;;;3M;Act360;Act360;;ModifiedFollowing;ModifiedFollowing;;2D
25.07.2025;5M;OIS;GBP;0,03955;SONIA;1D;5M;;;;5M;Act360;Act360;;ModifiedFollowing;ModifiedFollowing;;2D
25.07.2025;12M;DEPOSIT;USD;0,0434;LIBOR;12M;1Y;;;;1Y;Act360;Act360;;ModifiedFollowing;ModifiedFollowing;;2D
25.07.2025;7Mx19M;FRA;EUR;0,021;EURIBOR;3M;3M;;;;3M;Act360;Act360;;ModifiedFollowing;ModifiedFollowing;;2D
25.07.2025;14D;OIS;USD;0,04325;SOFR;1D;14D;;;;14D;Act360;Act360;;ModifiedFollowing;ModifiedFollowing;;2D
25.07.2025;11M;OIS;EUR;0,01917;EONIA;1D;1Y;;;;1Y;Act360;Act360;;ModifiedFollowing;ModifiedFollowing;;2D
25.07.2025;1Mx7M;FRA;EUR;0,02059;EURIBOR;3M;3M;;;;3M;Act360;Act360;;ModifiedFollowing;ModifiedFollowing;;2D
25.07.2025;7D;OIS;USD;0,04325;SOFR;1D;7D;;;;7D;Act360;Act360;;ModifiedFollowing;ModifiedFollowing;;2D
24.07.2025;12M;DEPOSIT;EUR;0,01935;EURIBOR;12M;1Y;;;;1Y;Act360;Act360;;ModifiedFollowing;ModifiedFollowing;;2D
24.07.2025;7Mx19M;FRA;EUR;0,02007;EURIBOR;3M;3M;;;;3M;Act360;Act360;;ModifiedFollowing;ModifiedFollowing;;2D
24.07.2025;7Y;OIS;GBP;0,03919;SONIA;1D;1Y;;;;1Y;Act360;Act360;;ModifiedFollowing;ModifiedFollowing;;2D
24.07.2025;8Mx11M;FRA;USD;0,03909;LIBOR;3M;3M;;;;3M;Act360;Act360;;ModifiedFollowing;ModifiedFollowing;;2D
24.07.2025;1Y;IRS;EUR;0,01889;EURIBOR;3M;3M;;;;1Y;Act360;Act360;;ModifiedFollowing;ModifiedFollowing;;2D
24.07.2025;6Y;OIS;GBP;0,03843;SONIA;1D;1Y;;;;1Y;Act360;Act360;;ModifiedFollowing;ModifiedFollowing;;2D
24.07.2025;1M;DEPOSIT;USD;0,04375;LIBOR;1M;1M;;;;1M;Act360;Act360;;ModifiedFollowing;ModifiedFollowing;;2D
24.07.2025;6Mx18M;FRA;EUR;0,02001;EURIBOR;3M;3M;;;;3M;Act360;Act360;;ModifiedFollowing;ModifiedFollowing;;2D
24.07.2025;11M;IRS;EUR;0,01785;EURIBOR;1M;1M;;;;1Y;Act360;Act360;;ModifiedFollowing;ModifiedFollowing;;2D
24.07.2025;10Y;IRS;EUR;0,02616;EURIBOR;3M;3M;;;;1Y;Act360;Act360;;ModifiedFollowing;ModifiedFollowing;;2D
24.07.2025;6M;OIS;EUR;0,01909;EONIA;1D;6M;;;;6M;Act360;Act360;;ModifiedFollowing;ModifiedFollowing;;2D
24.07.2025;1Mx7M;FRA;USD;0,04547;LIBOR;3M;3M;;;;3M;Act360;Act360;;ModifiedFollowing;ModifiedFollowing;;2D
24.07.2025;3M;DEPOSIT;USD;0,04405;LIBOR;3M;3M;;;;3M;Act360;Act360;;ModifiedFollowing;ModifiedFollowing;;2D
24.07.2025;5Mx17M;FRA;EUR;0,02002;EURIBOR;3M;3M;;;;3M;Act360;Act360;;ModifiedFollowing;ModifiedFollowing;;2D
24.07.2025;30Y;OIS;EUR;0,0283;EONIA;1D;1Y;;;;1Y;Act360;Act360;;ModifiedFollowing;ModifiedFollowing;;2D
24.07.2025;5Y;OIS;GBP;0,03775;SONIA;1D;1Y;;;;1Y;Act360;Act360;;ModifiedFollowing;ModifiedFollowing;;2D
24.07.2025;2Mx8M;FRA;USD;0,04466;LIBOR;3M;3M;;;;3M;Act360;Act360;;ModifiedFollowing;ModifiedFollowing;;2D
24.07.2025;4M;OIS;EUR;0,01948;EONIA;1D;4M;;;;4M;Act360;Act360;;ModifiedFollowing;ModifiedFollowing;;2D
24.07.2025;4Y;OIS;GBP;0,03717;SONIA;1D;1Y;;;;1Y;Act360;Act360;;ModifiedFollowing;ModifiedFollowing;;2D
24.07.2025;6M;DEPOSIT;USD;0,04405;LIBOR;6M;6M;;;;6M;Act360;Act360;;ModifiedFollowing;ModifiedFollowing;;2D
24.07.2025;11Y;IRS;EUR;0,026756;EURIBOR;3M;3M;;;;1Y;Act360;Act360;;ModifiedFollowing;ModifiedFollowing;;2D
24.07.2025;4Mx16M;FRA;EUR;0,02008;EURIBOR;3M;3M;;;;3M;Act360;Act360;;ModifiedFollowing;ModifiedFollowing;;2D
24.07.2025;3Mx9M;FRA;USD;0,04382;LIBOR;3M;3M;;;;3M;Act360;Act360;;ModifiedFollowing;ModifiedFollowing;;2D
24.07.2025;12M;DEPOSIT;USD;0,04345;LIBOR;12M;1Y;;;;1Y;Act360;Act360;;ModifiedFollowing;ModifiedFollowing;;2D
24.07.2025;3Y;OIS;GBP;0,03677;SONIA;1D;1Y;;;;1Y;Act360;Act360;;ModifiedFollowing;ModifiedFollowing;;2D
24.07.2025;20Y;OIS;EUR;0,02847;EONIA;1D;1Y;;;;1Y;Act360;Act360;;ModifiedFollowing;ModifiedFollowing;;2D
24.07.2025;4Mx10M;FRA;USD;0,04291;LIBOR;3M;3M;;;;3M;Act360;Act360;;ModifiedFollowing;ModifiedFollowing;;2D
24.07.2025;1M;DEPOSIT;GBP;0,0415;LIBOR;1M;1M;;;;1M;Act360;Act360;;ModifiedFollowing;ModifiedFollowing;;2D
24.07.2025;12Y;IRS;EUR;0,027276;EURIBOR;3M;3M;;;;1Y;Act360;Act360;;ModifiedFollowing;ModifiedFollowing;;2D
24.07.2025;3Mx15M;FRA;EUR;0,02021;EURIBOR;3M;3M;;;;3M;Act360;Act360;;ModifiedFollowing;ModifiedFollowing;;2D
24.07.2025;8M;OIS;USD;0,04077;SOFR;1D;8M;;;;8M;Act360;Act360;;ModifiedFollowing;ModifiedFollowing;;2D
24.07.2025;2Y;OIS;GBP;0,03677;SONIA;1D;1Y;;;;1Y;Act360;Act360;;ModifiedFollowing;ModifiedFollowing;;2D
24.07.2025;18M;OIS;GBP;0,03704;SONIA;1D;1Y;;;;1Y;Act360;Act360;;ModifiedFollowing;ModifiedFollowing;;2D
24.07.2025;3M;DEPOSIT;GBP;0,0417;LIBOR;3M;3M;;;;3M;Act360;Act360;;ModifiedFollowing;ModifiedFollowing;;2D
24.07.2025;18M;OIS;USD;0,03708;SOFR;1D;1Y;;;;1Y;Act360;Act360;;ModifiedFollowing;ModifiedFollowing;;2D
24.07.2025;2Mx14M;FRA;EUR;0,02038;EURIBOR;3M;3M;;;;3M;Act360;Act360;;ModifiedFollowing;ModifiedFollowing;;2D
24.07.2025;5Mx11M;FRA;USD;0,04221;LIBOR;3M;3M;;;;3M;Act360;Act360;;ModifiedFollowing;ModifiedFollowing;;2D
24.07.2025;15Y;OIS;EUR;0,02785;EONIA;1D;1Y;;;;1Y;Act360;Act360;;ModifiedFollowing;ModifiedFollowing;;2D
24.07.2025;1Y;OIS;GBP;0,03809;SONIA;1D;1Y;;;;1Y;Act360;Act360;;ModifiedFollowing;ModifiedFollowing;;2D
24.07.2025;15Y;IRS;EUR;0,028345;EURIBOR;3M;3M;;;;1Y;Act360;Act360;;ModifiedFollowing;ModifiedFollowing;;2D
24.07.2025;1Mx4M;FRA;GBP;0,04066;LIBOR;3M;3M;;;;3M;Act360;Act360;;ModifiedFollowing;ModifiedFollowing;;2D
24.07.2025;6M;DEPOSIT;GBP;0,042;LIBOR;6M;6M;;;;6M;Act360;Act360;;ModifiedFollowing;ModifiedFollowing;;2D
24.07.2025;1Mx13M;FRA;EUR;0,02058;EURIBOR;3M;3M;;;;3M;Act360;Act360;;ModifiedFollowing;ModifiedFollowing;;2D
24.07.2025;11M;OIS;GBP;0,03824;SONIA;1D;1Y;;;;1Y;Act360;Act360;;ModifiedFollowing;ModifiedFollowing;;2D
24.07.2025;20Y;IRS;EUR;0,02891;EURIBOR;3M;3M;;;;1Y;Act360;Act360;;ModifiedFollowing;ModifiedFollowing;;2D
24.07.2025;12M;DEPOSIT;GBP;0,0418;LIBOR;12M;1Y;;;;1Y;Act360;Act360;;ModifiedFollowing;ModifiedFollowing;;2D
24.07.2025;5Mx11M;FRA;EUR;0,01895;EURIBOR;3M;3M;;;;3M;Act360;Act360;;ModifiedFollowing;ModifiedFollowing;;2D
24.07.2025;4M;OIS;USD;0,04232;SOFR;1D;4M;;;;4M;Act360;Act360;;ModifiedFollowing;ModifiedFollowing;;2D
24.07.2025;2Mx5M;FRA;GBP;0,04;LIBOR;3M;3M;;;;3M;Act360;Act360;;ModifiedFollowing;ModifiedFollowing;;2D
24.07.2025;10Y;OIS;EUR;0,02567;EONIA;1D;1Y;;;;1Y;Act360;Act360;;ModifiedFollowing;ModifiedFollowing;;2D
24.07.2025;10M;OIS;GBP;0,03841;SONIA;1D;1Y;;;;1Y;Act360;Act360;;ModifiedFollowing;ModifiedFollowing;;2D
24.07.2025;3Mx6M;FRA;GBP;0,03937;LIBOR;3M;3M;;;;3M;Act360;Act360;;ModifiedFollowing;ModifiedFollowing;;2D
24.07.2025;9M;OIS;GBP;0,03863;SONIA;1D;9M;;;;9M;Act360;Act360;;ModifiedFollowing;ModifiedFollowing;;2D
24.07.2025;4Mx10M;FRA;EUR;0,01911;EURIBOR;3M;3M;;;;3M;Act360;Act360;;ModifiedFollowing;ModifiedFollowing;;2D
24.07.2025;9Y;OIS;EUR;0,02501;EONIA;1D;1Y;;;;1Y;Act360;Act360;;ModifiedFollowing;ModifiedFollowing;;2D
24.07.2025;25Y;IRS;EUR;0,028819;EURIBOR;3M;3M;;;;1Y;Act360;Act360;;ModifiedFollowing;ModifiedFollowing;;2D
24.07.2025;4Mx7M;FRA;GBP;0,03868;LIBOR;3M;3M;;;;3M;Act360;Act360;;ModifiedFollowing;ModifiedFollowing;;2D
24.07.2025;8M;OIS;GBP;0,03885;SONIA;1D;8M;;;;8M;Act360;Act360;;ModifiedFollowing;ModifiedFollowing;;2D
24.07.2025;7M;OIS;GBP;0,03907;SONIA;1D;7M;;;;7M;Act360;Act360;;ModifiedFollowing;ModifiedFollowing;;2D
24.07.2025;3Mx9M;FRA;EUR;0,01935;EURIBOR;3M;3M;;;;3M;Act360;Act360;;ModifiedFollowing;ModifiedFollowing;;2D
24.07.2025;5Mx8M;FRA;GBP;0,03813;LIBOR;3M;3M;;;;3M;Act360;Act360;;ModifiedFollowing;ModifiedFollowing;;2D
24.07.2025;7M;OIS;EUR;0,01894;EONIA;1D;7M;;;;7M;Act360;Act360;;ModifiedFollowing;ModifiedFollowing;;2D
24.07.2025;8Y;OIS;EUR;0,024315;EONIA;1D;1Y;;;;1Y;Act360;Act360;;ModifiedFollowing;ModifiedFollowing;;2D
24.07.2025;30Y;IRS;EUR;0,02865;EURIBOR;3M;3M;;;;1Y;Act360;Act360;;ModifiedFollowing;ModifiedFollowing;;2D
24.07.2025;6M;OIS;GBP;0,03933;SONIA;1D;6M;;;;6M;Act360;Act360;;ModifiedFollowing;ModifiedFollowing;;2D
24.07.2025;1Y;OIS;USD;0,03938;SOFR;1D;1Y;;;;1Y;Act360;Act360;;ModifiedFollowing;ModifiedFollowing;;2D
24.07.2025;2Mx8M;FRA;EUR;0,01951;EURIBOR;3M;3M;;;;3M;Act360;Act360;;ModifiedFollowing;ModifiedFollowing;;2D
24.07.2025;6Mx9M;FRA;GBP;0,03769;LIBOR;3M;3M;;;;3M;Act360;Act360;;ModifiedFollowing;ModifiedFollowing;;2D
24.07.2025;5M;OIS;GBP;0,03961;SONIA;1D;5M;;;;5M;Act360;Act360;;ModifiedFollowing;ModifiedFollowing;;2D
24.07.2025;1Mx7M;FRA;EUR;0,01997;EURIBOR;3M;3M;;;;3M;Act360;Act360;;ModifiedFollowing;ModifiedFollowing;;2D
24.07.2025;7Y;OIS;EUR;0,023515;EONIA;1D;1Y;;;;1Y;Act360;Act360;;ModifiedFollowing;ModifiedFollowing;;2D
24.07.2025;40Y;IRS;EUR;0,02833;EURIBOR;3M;3M;;;;1Y;Act360;Act360;;ModifiedFollowing;ModifiedFollowing;;2D
24.07.2025;7Mx10M;FRA;GBP;0,03719;LIBOR;3M;3M;;;;3M;Act360;Act360;;ModifiedFollowing;ModifiedFollowing;;2D
24.07.2025;4M;OIS;GBP;0,03991;SONIA;1D;4M;;;;4M;Act360;Act360;;ModifiedFollowing;ModifiedFollowing;;2D
24.07.2025;8Mx11M;FRA;EUR;0,01791;EURIBOR;3M;3M;;;;3M;Act360;Act360;;ModifiedFollowing;ModifiedFollowing;;2D
24.07.2025;8Mx11M;FRA;GBP;0,03686;LIBOR;3M;3M;;;;3M;Act360;Act360;;ModifiedFollowing;ModifiedFollowing;;2D
24.07.2025;7Mx10M;FRA;EUR;0,01793;EURIBOR;3M;3M;;;;3M;Act360;Act360;;ModifiedFollowing;ModifiedFollowing;;2D
24.07.2025;5M;OIS;USD;0,04188;SOFR;1D;5M;;;;5M;Act360;Act360;;ModifiedFollowing;ModifiedFollowing;;2D
24.07.2025;6Y;OIS;EUR;0,02265;EONIA;1D;1Y;;;;1Y;Act360;Act360;;ModifiedFollowing;ModifiedFollowing;;2D
24.07.2025;3M;OIS;GBP;0,04022;SONIA;1D;3M;;;;3M;Act360;Act360;;ModifiedFollowing;ModifiedFollowing;;2D
24.07.2025;50Y;IRS;EUR;0,02799;EURIBOR;3M;3M;;;;1Y;Act360;Act360;;ModifiedFollowing;ModifiedFollowing;;2D
24.07.2025;1Mx7M;FRA;GBP;0,04143;LIBOR;3M;3M;;;;3M;Act360;Act360;;ModifiedFollowing;ModifiedFollowing;;2D
24.07.2025;2M;OIS;EUR;0,0199;EONIA;1D;2M;;;;2M;Act360;Act360;;ModifiedFollowing;ModifiedFollowing;;2D
24.07.2025;2M;OIS;GBP;0,04045;SONIA;1D;2M;;;;2M;Act360;Act360;;ModifiedFollowing;ModifiedFollowing;;2D
24.07.2025;6Mx9M;FRA;EUR;0,01804;EURIBOR;3M;3M;;;;3M;Act360;Act360;;ModifiedFollowing;ModifiedFollowing;;2D
24.07.2025;2Mx8M;FRA;GBP;0,04083;LIBOR;3M;3M;;;;3M;Act360;Act360;;ModifiedFollowing;ModifiedFollowing;;2D
24.07.2025;3M;OIS;USD;0,04277;SOFR;1D;3M;;;;3M;Act360;Act360;;ModifiedFollowing;ModifiedFollowing;;2D
24.07.2025;1M;OIS;GBP;0,04089;SONIA;1D;1M;;;;1M;Act360;Act360;;ModifiedFollowing;ModifiedFollowing;;2D
24.07.2025;5Y;OIS;EUR;0,021735;EONIA;1D;1Y;;;;1Y;Act360;Act360;;ModifiedFollowing;ModifiedFollowing;;2D
24.07.2025;14D;OIS;GBP;0,04221;SONIA;1D;14D;;;;14D;Act360;Act360;;ModifiedFollowing;ModifiedFollowing;;2D
24.07.2025;60Y;IRS;EUR;0,02751;EURIBOR;3M;3M;;;;1Y;Act360;Act360;;ModifiedFollowing;ModifiedFollowing;;2D
24.07.2025;5Mx8M;FRA;EUR;0,01821;EURIBOR;3M;3M;;;;3M;Act360;Act360;;ModifiedFollowing;ModifiedFollowing;;2D
24.07.2025;7D;OIS;USD;0,04326;SOFR;1D;7D;;;;7D;Act360;Act360;;ModifiedFollowing;ModifiedFollowing;;2D
24.07.2025;3Mx9M;FRA;GBP;0,04024;LIBOR;3M;3M;;;;3M;Act360;Act360;;ModifiedFollowing;ModifiedFollowing;;2D
24.07.2025;7D;OIS;GBP;0,0422;SONIA;1D;7D;;;;7D;Act360;Act360;;ModifiedFollowing;ModifiedFollowing;;2D
24.07.2025;4Mx7M;FRA;EUR;0,01843;EURIBOR;3M;3M;;;;3M;Act360;Act360;;ModifiedFollowing;ModifiedFollowing;;2D
24.07.2025;2M;IRS;EUR;0,01897;EURIBOR;1M;1M;;;;1Y;Act360;Act360;;ModifiedFollowing;ModifiedFollowing;;2D
24.07.2025;4Y;OIS;EUR;0,020725;EONIA;1D;1Y;;;;1Y;Act360;Act360;;ModifiedFollowing;ModifiedFollowing;;2D
24.07.2025;4Mx10M;FRA;GBP;0,03978;LIBOR;3M;3M;;;;3M;Act360;Act360;;ModifiedFollowing;ModifiedFollowing;;2D
24.07.2025;3Mx6M;FRA;EUR;0,018735;EURIBOR;3M;3M;;;;3M;Act360;Act360;;ModifiedFollowing;ModifiedFollowing;;2D
24.07.2025;50Y;OIS;USD;0,03786;SOFR;1D;1Y;;;;1Y;Act360;Act360;;ModifiedFollowing;ModifiedFollowing;;2D
24.07.2025;5Mx11M;FRA;GBP;0,03929;LIBOR;3M;3M;;;;3M;Act360;Act360;;ModifiedFollowing;ModifiedFollowing;;2D
24.07.2025;2Mx5M;FRA;EUR;0,01903;EURIBOR;3M;3M;;;;3M;Act360;Act360;;ModifiedFollowing;ModifiedFollowing;;2D
24.07.2025;3M;IRS;EUR;0,01878;EURIBOR;1M;1M;;;;1Y;Act360;Act360;;ModifiedFollowing;ModifiedFollowing;;2D
24.07.2025;40Y;OIS;USD;0,0392;SOFR;1D;1Y;;;;1Y;Act360;Act360;;ModifiedFollowing;ModifiedFollowing;;2D
24.07.2025;3Y;OIS;EUR;0,01961;EONIA;1D;1Y;;;;1Y;Act360;Act360;;ModifiedFollowing;ModifiedFollowing;;2D
24.07.2025;11M;OIS;USD;0,03973;SOFR;1D;1Y;;;;1Y;Act360;Act360;;ModifiedFollowing;ModifiedFollowing;;2D
24.07.2025;35Y;OIS;USD;0,03984;SOFR;1D;1Y;;;;1Y;Act360;Act360;;ModifiedFollowing;ModifiedFollowing;;2D
24.07.2025;1Mx4M;FRA;EUR;0,0194;EURIBOR;3M;3M;;;;3M;Act360;Act360;;ModifiedFollowing;ModifiedFollowing;;2D
24.07.2025;2Y;OIS;EUR;0,01856;EONIA;1D;1Y;;;;1Y;Act360;Act360;;ModifiedFollowing;ModifiedFollowing;;2D
24.07.2025;4M;IRS;EUR;0,01864;EURIBOR;1M;1M;;;;1Y;Act360;Act360;;ModifiedFollowing;ModifiedFollowing;;2D
24.07.2025;30Y;OIS;USD;0,0405;SOFR;1D;1Y;;;;1Y;Act360;Act360;;ModifiedFollowing;ModifiedFollowing;;2D
24.07.2025;6M;OIS;USD;0,0415;SOFR;1D;6M;;;;6M;Act360;Act360;;ModifiedFollowing;ModifiedFollowing;;2D
24.07.2025;25Y;OIS;USD;0,041;SOFR;1D;1Y;;;;1Y;Act360;Act360;;ModifiedFollowing;ModifiedFollowing;;2D
24.07.2025;20Y;OIS;USD;0,04104;SOFR;1D;1Y;;;;1Y;Act360;Act360;;ModifiedFollowing;ModifiedFollowing;;2D
24.07.2025;18M;OIS;EUR;0,01827;EONIA;1D;1Y;;;;1Y;Act360;Act360;;ModifiedFollowing;ModifiedFollowing;;2D
24.07.2025;5M;IRS;EUR;0,01852;EURIBOR;1M;1M;;;;1Y;Act360;Act360;;ModifiedFollowing;ModifiedFollowing;;2D
24.07.2025;3M;OIS;EUR;0,01967;EONIA;1D;3M;;;;3M;Act360;Act360;;ModifiedFollowing;ModifiedFollowing;;2D
24.07.2025;15Y;OIS;USD;0,0402;SOFR;1D;1Y;;;;1Y;Act360;Act360;;ModifiedFollowing;ModifiedFollowing;;2D
24.07.2025;1M;OIS;USD;0,04329;SOFR;1D;1M;;;;1M;Act360;Act360;;ModifiedFollowing;ModifiedFollowing;;2D
24.07.2025;1Y;OIS;EUR;0,01843;EONIA;1D;1Y;;;;1Y;Act360;Act360;;ModifiedFollowing;ModifiedFollowing;;2D
24.07.2025;12Y;OIS;USD;0,03905;SOFR;1D;1Y;;;;1Y;Act360;Act360;;ModifiedFollowing;ModifiedFollowing;;2D
24.07.2025;6M;IRS;EUR;0,01834;EURIBOR;1M;1M;;;;1Y;Act360;Act360;;ModifiedFollowing;ModifiedFollowing;;2D
24.07.2025;10Y;OIS;USD;0,03804;SOFR;1D;1Y;;;;1Y;Act360;Act360;;ModifiedFollowing;ModifiedFollowing;;2D
24.07.2025;11M;OIS;EUR;0,01849;EONIA;1D;1Y;;;;1Y;Act360;Act360;;ModifiedFollowing;ModifiedFollowing;;2D
24.07.2025;14D;OIS;USD;0,04325;SOFR;1D;14D;;;;14D;Act360;Act360;;ModifiedFollowing;ModifiedFollowing;;2D
24.07.2025;7M;IRS;EUR;0,01821;EURIBOR;1M;1M;;;;1Y;Act360;Act360;;ModifiedFollowing;ModifiedFollowing;;2D
24.07.2025;9Y;OIS;USD;0,0375;SOFR;1D;1Y;;;;1Y;Act360;Act360;;ModifiedFollowing;ModifiedFollowing;;2D
24.07.2025;8Y;OIS;USD;0,03691;SOFR;1D;1Y;;;;1Y;Act360;Act360;;ModifiedFollowing;ModifiedFollowing;;2D
24.07.2025;10M;OIS;USD;0,04008;SOFR;1D;1Y;;;;1Y;Act360;Act360;;ModifiedFollowing;ModifiedFollowing;;2D
24.07.2025;7D;OIS;EUR;0,019195;EONIA;1D;7D;;;;7D;Act360;Act360;;ModifiedFollowing;ModifiedFollowing;;2D
24.07.2025;8M;IRS;EUR;0,01809;EURIBOR;1M;1M;;;;1Y;Act360;Act360;;ModifiedFollowing;ModifiedFollowing;;2D
24.07.2025;10M;OIS;EUR;0,01857;EONIA;1D;1Y;;;;1Y;Act360;Act360;;ModifiedFollowing;ModifiedFollowing;;2D
24.07.2025;7Y;OIS;USD;0,03633;SOFR;1D;1Y;;;;1Y;Act360;Act360;;ModifiedFollowing;ModifiedFollowing;;2D
24.07.2025;6Y;OIS;USD;0,03571;SOFR;1D;1Y;;;;1Y;Act360;Act360;;ModifiedFollowing;ModifiedFollowing;;2D
24.07.2025;9M;IRS;EUR;0,01799;EURIBOR;1M;1M;;;;1Y;Act360;Act360;;ModifiedFollowing;ModifiedFollowing;;2D
24.07.2025;2M;OIS;USD;0,0431;SOFR;1D;2M;;;;2M;Act360;Act360;;ModifiedFollowing;ModifiedFollowing;;2D
24.07.2025;14D;OIS;EUR;0,0201985;EONIA;1D;14D;;;;14D;Act360;Act360;;ModifiedFollowing;ModifiedFollowing;;2D
24.07.2025;9M;OIS;EUR;0,01867;EONIA;1D;9M;;;;9M;Act360;Act360;;ModifiedFollowing;ModifiedFollowing;;2D
24.07.2025;9M;OIS;USD;0,04045;SOFR;1D;9M;;;;9M;Act360;Act360;;ModifiedFollowing;ModifiedFollowing;;2D
24.07.2025;5Y;OIS;USD;0,03518;SOFR;1D;1Y;;;;1Y;Act360;Act360;;ModifiedFollowing;ModifiedFollowing;;2D
24.07.2025;4Y;OIS;USD;0,03488;SOFR;1D;1Y;;;;1Y;Act360;Act360;;ModifiedFollowing;ModifiedFollowing;;2D
24.07.2025;10M;IRS;EUR;0,01791;EURIBOR;1M;1M;;;;1Y;Act360;Act360;;ModifiedFollowing;ModifiedFollowing;;2D
24.07.2025;1M;OIS;EUR;0,02006;EONIA;1D;1M;;;;1M;Act360;Act360;;ModifiedFollowing;ModifiedFollowing;;2D
24.07.2025;8M;OIS;EUR;0,01881;EONIA;1D;8M;;;;8M;Act360;Act360;;ModifiedFollowing;ModifiedFollowing;;2D
24.07.2025;7M;OIS;USD;0,04111;SOFR;1D;7M;;;;7M;Act360;Act360;;ModifiedFollowing;ModifiedFollowing;;2D
24.07.2025;2Mx5M;FRA;USD;0,04396;LIBOR;3M;3M;;;;3M;Act360;Act360;;ModifiedFollowing;ModifiedFollowing;;2D
24.07.2025;25Y;OIS;GBP;0,04652;SONIA;1D;1Y;;;;1Y;Act360;Act360;;ModifiedFollowing;ModifiedFollowing;;2D
24.07.2025;20Y;OIS;GBP;0,04592;SONIA;1D;1Y;;;;1Y;Act360;Act360;;ModifiedFollowing;ModifiedFollowing;;2D
24.07.2025;5Y;IRS;EUR;0,022314;EURIBOR;3M;3M;;;;1Y;Act360;Act360;;ModifiedFollowing;ModifiedFollowing;;2D
24.07.2025;6Y;IRS;EUR;0,02324;EURIBOR;3M;3M;;;;1Y;Act360;Act360;;ModifiedFollowing;ModifiedFollowing;;2D
24.07.2025;3Y;OIS;USD;0,03491;SOFR;1D;1Y;;;;1Y;Act360;Act360;;ModifiedFollowing;ModifiedFollowing;;2D
24.07.2025;30Y;OIS;GBP;0,04657;SONIA;1D;1Y;;;;1Y;Act360;Act360;;ModifiedFollowing;ModifiedFollowing;;2D
24.07.2025;1Mx4M;FRA;USD;0,04498;LIBOR;3M;3M;;;;3M;Act360;Act360;;ModifiedFollowing;ModifiedFollowing;;2D
24.07.2025;3Mx6M;FRA;USD;0,04313;LIBOR;3M;3M;;;;3M;Act360;Act360;;ModifiedFollowing;ModifiedFollowing;;2D
24.07.2025;15Y;OIS;GBP;0,0444;SONIA;1D;1Y;;;;1Y;Act360;Act360;;ModifiedFollowing;ModifiedFollowing;;2D
24.07.2025;40Y;OIS;GBP;0,04589;SONIA;1D;1Y;;;;1Y;Act360;Act360;;ModifiedFollowing;ModifiedFollowing;;2D
24.07.2025;11Mx23M;FRA;EUR;0,02063;EURIBOR;3M;3M;;;;3M;Act360;Act360;;ModifiedFollowing;ModifiedFollowing;;2D
24.07.2025;2Y;OIS;USD;0,035876;SOFR;1D;1Y;;;;1Y;Act360;Act360;;ModifiedFollowing;ModifiedFollowing;;2D
24.07.2025;4Mx7M;FRA;USD;0,04221;LIBOR;3M;3M;;;;3M;Act360;Act360;;ModifiedFollowing;ModifiedFollowing;;2D
24.07.2025;12Y;OIS;GBP;0,04281;SONIA;1D;1Y;;;;1Y;Act360;Act360;;ModifiedFollowing;ModifiedFollowing;;2D
24.07.2025;4Y;IRS;EUR;0,021319;EURIBOR;3M;3M;;;;1Y;Act360;Act360;;ModifiedFollowing;ModifiedFollowing;;2D
24.07.2025;7Y;IRS;EUR;0,02408;EURIBOR;3M;3M;;;;1Y;Act360;Act360;;ModifiedFollowing;ModifiedFollowing;;2D
24.07.2025;5Mx8M;FRA;USD;0,0416;LIBOR;3M;3M;;;;3M;Act360;Act360;;ModifiedFollowing;ModifiedFollowing;;2D
24.07.2025;50Y;OIS;GBP;0,04487;SONIA;1D;1Y;;;;1Y;Act360;Act360;;ModifiedFollowing;ModifiedFollowing;;2D
24.07.2025;10Mx22M;FRA;EUR;0,02046;EURIBOR;3M;3M;;;;3M;Act360;Act360;;ModifiedFollowing;ModifiedFollowing;;2D
24.07.2025;10Y;OIS;GBP;0,04146;SONIA;1D;1Y;;;;1Y;Act360;Act360;;ModifiedFollowing;ModifiedFollowing;;2D
24.07.2025;1M;DEPOSIT;EUR;0,01965;EURIBOR;1M;1M;;;;1M;Act360;Act360;;ModifiedFollowing;ModifiedFollowing;;2D
24.07.2025;6Mx9M;FRA;USD;0,04069;LIBOR;3M;3M;;;;3M;Act360;Act360;;ModifiedFollowing;ModifiedFollowing;;2D
24.07.2025;9Mx21M;FRA;EUR;0,0203;EURIBOR;3M;3M;;;;3M;Act360;Act360;;ModifiedFollowing;ModifiedFollowing;;2D
24.07.2025;3Y;IRS;EUR;0,02023;EURIBOR;3M;3M;;;;1Y;Act360;Act360;;ModifiedFollowing;ModifiedFollowing;;2D
24.07.2025;5M;OIS;EUR;0,01931;EONIA;1D;5M;;;;5M;Act360;Act360;;ModifiedFollowing;ModifiedFollowing;;2D
24.07.2025;9Y;OIS;GBP;0,04072;SONIA;1D;1Y;;;;1Y;Act360;Act360;;ModifiedFollowing;ModifiedFollowing;;2D
24.07.2025;8Y;IRS;EUR;0,02484;EURIBOR;3M;3M;;;;1Y;Act360;Act360;;ModifiedFollowing;ModifiedFollowing;;2D
24.07.2025;3M;DEPOSIT;EUR;0,0204;EURIBOR;3M;3M;;;;3M;Act360;Act360;;ModifiedFollowing;ModifiedFollowing;;2D
24.07.2025;8Y;OIS;GBP;0,03996;SONIA;1D;1Y;;;;1Y;Act360;Act360;;ModifiedFollowing;ModifiedFollowing;;2D
24.07.2025;2Y;IRS;EUR;0,019148;EURIBOR;3M;3M;;;;1Y;Act360;Act360;;ModifiedFollowing;ModifiedFollowing;;2D
24.07.2025;6M;DEPOSIT;EUR;0,0185;EURIBOR;6M;6M;;;;6M;Act360;Act360;;ModifiedFollowing;ModifiedFollowing;;2D
24.07.2025;8Mx20M;FRA;EUR;0,02018;EURIBOR;3M;3M;;;;3M;Act360;Act360;;ModifiedFollowing;ModifiedFollowing;;2D
24.07.2025;7Mx10M;FRA;USD;0,03988;LIBOR;3M;3M;;;;3M;Act360;Act360;;ModifiedFollowing;ModifiedFollowing;;2D
24.07.2025;9Y;IRS;EUR;0,02554;EURIBOR;3M;3M;;;;1Y;Act360;Act360;;ModifiedFollowing;ModifiedFollowing;;2D
23.07.2025;7Mx10M;FRA;GBP;0,03695;LIBOR;3M;3M;;;;3M;Act360;Act360;;ModifiedFollowing;ModifiedFollowing;;2D
23.07.2025;40Y;IRS;EUR;0,02801;EURIBOR;3M;3M;;;;1Y;Act360;Act360;;ModifiedFollowing;ModifiedFollowing;;2D
23.07.2025;8Y;OIS;GBP;0,03955;SONIA;1D;1Y;;;;1Y;Act360;Act360;;ModifiedFollowing;ModifiedFollowing;;2D
23.07.2025;10Y;OIS;USD;0,03783;SOFR;1D;1Y;;;;1Y;Act360;Act360;;ModifiedFollowing;ModifiedFollowing;;2D
23.07.2025;3Y;OIS;GBP;0,03647;SONIA;1D;1Y;;;;1Y;Act360;Act360;;ModifiedFollowing;ModifiedFollowing;;2D
23.07.2025;10M;OIS;USD;0,04003;SOFR;1D;1Y;;;;1Y;Act360;Act360;;ModifiedFollowing;ModifiedFollowing;;2D
23.07.2025;10Y;IRS;EUR;0,02575;EURIBOR;3M;3M;;;;1Y;Act360;Act360;;ModifiedFollowing;ModifiedFollowing;;2D
23.07.2025;7Y;OIS;EUR;0,023105;EONIA;1D;1Y;;;;1Y;Act360;Act360;;ModifiedFollowing;ModifiedFollowing;;2D
23.07.2025;11M;OIS;EUR;0,01825;EONIA;1D;1Y;;;;1Y;Act360;Act360;;ModifiedFollowing;ModifiedFollowing;;2D
23.07.2025;1Mx7M;FRA;EUR;0,01978;EURIBOR;3M;3M;;;;3M;Act360;Act360;;ModifiedFollowing;ModifiedFollowing;;2D
23.07.2025;5M;OIS;GBP;0,03966;SONIA;1D;5M;;;;5M;Act360;Act360;;ModifiedFollowing;ModifiedFollowing;;2D
23.07.2025;7M;OIS;EUR;0,01877;EONIA;1D;7M;;;;7M;Act360;Act360;;ModifiedFollowing;ModifiedFollowing;;2D
23.07.2025;7M;OIS;USD;0,04116;SOFR;1D;7M;;;;7M;Act360;Act360;;ModifiedFollowing;ModifiedFollowing;;2D
23.07.2025;6Mx9M;FRA;GBP;0,03754;LIBOR;3M;3M;;;;3M;Act360;Act360;;ModifiedFollowing;ModifiedFollowing;;2D
23.07.2025;6Mx18M;FRA;EUR;0,0196;EURIBOR;3M;3M;;;;3M;Act360;Act360;;ModifiedFollowing;ModifiedFollowing;;2D
23.07.2025;4Mx7M;FRA;USD;0,04221;LIBOR;3M;3M;;;;3M;Act360;Act360;;ModifiedFollowing;ModifiedFollowing;;2D
23.07.2025;12Y;OIS;GBP;0,04236;SONIA;1D;1Y;;;;1Y;Act360;Act360;;ModifiedFollowing;ModifiedFollowing;;2D
23.07.2025;7M;IRS;EUR;0,01805;EURIBOR;1M;1M;;;;1Y;Act360;Act360;;ModifiedFollowing;ModifiedFollowing;;2D
23.07.2025;14D;OIS;USD;0,04327;SOFR;1D;14D;;;;14D;Act360;Act360;;ModifiedFollowing;ModifiedFollowing;;2D
23.07.2025;5M;OIS;EUR;0,0192;EONIA;1D;5M;;;;5M;Act360;Act360;;ModifiedFollowing;ModifiedFollowing;;2D
23.07.2025;7Mx10M;FRA;USD;0,03953;LIBOR;3M;3M;;;;3M;Act360;Act360;;ModifiedFollowing;ModifiedFollowing;;2D
23.07.2025;4Y;IRS;EUR;0,02094;EURIBOR;3M;3M;;;;1Y;Act360;Act360;;ModifiedFollowing;ModifiedFollowing;;2D
23.07.2025;2Mx8M;FRA;EUR;0,01929;EURIBOR;3M;3M;;;;3M;Act360;Act360;;ModifiedFollowing;ModifiedFollowing;;2D
23.07.2025;9Y;OIS;USD;0,03726;SOFR;1D;1Y;;;;1Y;Act360;Act360;;ModifiedFollowing;ModifiedFollowing;;2D
23.07.2025;3M;DEPOSIT;EUR;0,02035;EURIBOR;3M;3M;;;;3M;Act360;Act360;;ModifiedFollowing;ModifiedFollowing;;2D
23.07.2025;8Y;OIS;USD;0,03667;SOFR;1D;1Y;;;;1Y;Act360;Act360;;ModifiedFollowing;ModifiedFollowing;;2D
23.07.2025;6M;OIS;GBP;0,03936;SONIA;1D;6M;;;;6M;Act360;Act360;;ModifiedFollowing;ModifiedFollowing;;2D
23.07.2025;30Y;IRS;EUR;0,02831;EURIBOR;3M;3M;;;;1Y;Act360;Act360;;ModifiedFollowing;ModifiedFollowing;;2D
23.07.2025;3Mx9M;FRA;USD;0,04368;LIBOR;3M;3M;;;;3M;Act360;Act360;;ModifiedFollowing;ModifiedFollowing;;2D
23.07.2025;7D;OIS;EUR;0,019215;EONIA;1D;7D;;;;7D;Act360;Act360;;ModifiedFollowing;ModifiedFollowing;;2D
23.07.2025;8M;IRS;EUR;0,01793;EURIBOR;1M;1M;;;;1Y;Act360;Act360;;ModifiedFollowing;ModifiedFollowing;;2D
23.07.2025;12M;DEPOSIT;EUR;0,01875;EURIBOR;12M;1Y;;;;1Y;Act360;Act360;;ModifiedFollowing;ModifiedFollowing;;2D
23.07.2025;8M;OIS;USD;0,04084;SOFR;1D;8M;;;;8M;Act360;Act360;;ModifiedFollowing;ModifiedFollowing;;2D
23.07.2025;1Y;OIS;USD;0,03926;SOFR;1D;1Y;;;;1Y;Act360;Act360;;ModifiedFollowing;ModifiedFollowing;;2D
23.07.2025;7Y;IRS;EUR;0,02366;EURIBOR;3M;3M;;;;1Y;Act360;Act360;;ModifiedFollowing;ModifiedFollowing;;2D
23.07.2025;8Y;OIS;EUR;0,023885;EONIA;1D;1Y;;;;1Y;Act360;Act360;;ModifiedFollowing;ModifiedFollowing;;2D
23.07.2025;10M;OIS;EUR;0,01835;EONIA;1D;1Y;;;;1Y;Act360;Act360;;ModifiedFollowing;ModifiedFollowing;;2D
23.07.2025;4Mx16M;FRA;EUR;0,01972;EURIBOR;3M;3M;;;;3M;Act360;Act360;;ModifiedFollowing;ModifiedFollowing;;2D
23.07.2025;5Mx8M;FRA;GBP;0,03801;LIBOR;3M;3M;;;;3M;Act360;Act360;;ModifiedFollowing;ModifiedFollowing;;2D
23.07.2025;1M;DEPOSIT;USD;0,04375;LIBOR;1M;1M;;;;1M;Act360;Act360;;ModifiedFollowing;ModifiedFollowing;;2D
23.07.2025;7Y;OIS;USD;0,03607;SOFR;1D;1Y;;;;1Y;Act360;Act360;;ModifiedFollowing;ModifiedFollowing;;2D
23.07.2025;11Y;IRS;EUR;0,026341;EURIBOR;3M;3M;;;;1Y;Act360;Act360;;ModifiedFollowing;ModifiedFollowing;;2D
23.07.2025;3Mx9M;FRA;EUR;0,01904;EURIBOR;3M;3M;;;;3M;Act360;Act360;;ModifiedFollowing;ModifiedFollowing;;2D
23.07.2025;7M;OIS;GBP;0,03907;SONIA;1D;7M;;;;7M;Act360;Act360;;ModifiedFollowing;ModifiedFollowing;;2D
23.07.2025;6Y;OIS;GBP;0,03805;SONIA;1D;1Y;;;;1Y;Act360;Act360;;ModifiedFollowing;ModifiedFollowing;;2D
23.07.2025;50Y;OIS;GBP;0,04429;SONIA;1D;1Y;;;;1Y;Act360;Act360;;ModifiedFollowing;ModifiedFollowing;;2D
23.07.2025;9M;OIS;USD;0,04043;SOFR;1D;9M;;;;9M;Act360;Act360;;ModifiedFollowing;ModifiedFollowing;;2D
23.07.2025;8M;OIS;GBP;0,03881;SONIA;1D;8M;;;;8M;Act360;Act360;;ModifiedFollowing;ModifiedFollowing;;2D
23.07.2025;10Mx22M;FRA;EUR;0,01999;EURIBOR;3M;3M;;;;3M;Act360;Act360;;ModifiedFollowing;ModifiedFollowing;;2D
23.07.2025;6Y;OIS;USD;0,03542;SOFR;1D;1Y;;;;1Y;Act360;Act360;;ModifiedFollowing;ModifiedFollowing;;2D
23.07.2025;7Mx19M;FRA;EUR;0,01964;EURIBOR;3M;3M;;;;3M;Act360;Act360;;ModifiedFollowing;ModifiedFollowing;;2D
23.07.2025;4Mx7M;FRA;GBP;0,03858;LIBOR;3M;3M;;;;3M;Act360;Act360;;ModifiedFollowing;ModifiedFollowing;;2D
23.07.2025;2M;OIS;USD;0,04319;SOFR;1D;2M;;;;2M;Act360;Act360;;ModifiedFollowing;ModifiedFollowing;;2D
23.07.2025;6M;DEPOSIT;USD;0,0444;LIBOR;6M;6M;;;;6M;Act360;Act360;;ModifiedFollowing;ModifiedFollowing;;2D
23.07.2025;25Y;IRS;EUR;0,028465;EURIBOR;3M;3M;;;;1Y;Act360;Act360;;ModifiedFollowing;ModifiedFollowing;;2D
23.07.2025;8Mx11M;FRA;USD;0,03871;LIBOR;3M;3M;;;;3M;Act360;Act360;;ModifiedFollowing;ModifiedFollowing;;2D
23.07.2025;9M;IRS;EUR;0,01779;EURIBOR;1M;1M;;;;1Y;Act360;Act360;;ModifiedFollowing;ModifiedFollowing;;2D
23.07.2025;5Mx8M;FRA;USD;0,0414;LIBOR;3M;3M;;;;3M;Act360;Act360;;ModifiedFollowing;ModifiedFollowing;;2D
23.07.2025;9Y;OIS;EUR;0,02462;EONIA;1D;1Y;;;;1Y;Act360;Act360;;ModifiedFollowing;ModifiedFollowing;;2D
23.07.2025;10Y;OIS;GBP;0,04103;SONIA;1D;1Y;;;;1Y;Act360;Act360;;ModifiedFollowing;ModifiedFollowing;;2D
23.07.2025;14D;OIS;EUR;0,0200605;EONIA;1D;14D;;;;14D;Act360;Act360;;ModifiedFollowing;ModifiedFollowing;;2D
23.07.2025;4Mx10M;FRA;EUR;0,01882;EURIBOR;3M;3M;;;;3M;Act360;Act360;;ModifiedFollowing;ModifiedFollowing;;2D
23.07.2025;2Y;IRS;EUR;0,01881;EURIBOR;3M;3M;;;;1Y;Act360;Act360;;ModifiedFollowing;ModifiedFollowing;;2D
23.07.2025;9M;OIS;GBP;0,03857;SONIA;1D;9M;;;;9M;Act360;Act360;;ModifiedFollowing;ModifiedFollowing;;2D
23.07.2025;4Y;OIS;GBP;0,03684;SONIA;1D;1Y;;;;1Y;Act360;Act360;;ModifiedFollowing;ModifiedFollowing;;2D
23.07.2025;2Mx8M;FRA;USD;0,04462;LIBOR;3M;3M;;;;3M;Act360;Act360;;ModifiedFollowing;ModifiedFollowing;;2D
23.07.2025;9M;OIS;EUR;0,01846;EONIA;1D;9M;;;;9M;Act360;Act360;;ModifiedFollowing;ModifiedFollowing;;2D
23.07.2025;3Mx6M;FRA;GBP;0,03931;LIBOR;3M;3M;;;;3M;Act360;Act360;;ModifiedFollowing;ModifiedFollowing;;2D
23.07.2025;5Y;OIS;USD;0,03486;SOFR;1D;1Y;;;;1Y;Act360;Act360;;ModifiedFollowing;ModifiedFollowing;;2D
23.07.2025;30Y;OIS;EUR;0,02794;EONIA;1D;1Y;;;;1Y;Act360;Act360;;ModifiedFollowing;ModifiedFollowing;;2D
23.07.2025;5Y;OIS;GBP;0,03739;SONIA;1D;1Y;;;;1Y;Act360;Act360;;ModifiedFollowing;ModifiedFollowing;;2D
23.07.2025;10M;OIS;GBP;0,03832;SONIA;1D;1Y;;;;1Y;Act360;Act360;;ModifiedFollowing;ModifiedFollowing;;2D
23.07.2025;2Mx5M;FRA;GBP;0,04005;LIBOR;3M;3M;;;;3M;Act360;Act360;;ModifiedFollowing;ModifiedFollowing;;2D
23.07.2025;4M;OIS;USD;0,04243;SOFR;1D;4M;;;;4M;Act360;Act360;;ModifiedFollowing;ModifiedFollowing;;2D
23.07.2025;1Y;IRS;EUR;0,018307;EURIBOR;3M;3M;;;;1Y;Act360;Act360;;ModifiedFollowing;ModifiedFollowing;;2D
23.07.2025;10Y;OIS;EUR;0,02523;EONIA;1D;1Y;;;;1Y;Act360;Act360;;ModifiedFollowing;ModifiedFollowing;;2D
23.07.2025;1M;DEPOSIT;EUR;0,01965;EURIBOR;1M;1M;;;;1M;Act360;Act360;;ModifiedFollowing;ModifiedFollowing;;2D
23.07.2025;5Mx17M;FRA;EUR;0,01961;EURIBOR;3M;3M;;;;3M;Act360;Act360;;ModifiedFollowing;ModifiedFollowing;;2D
23.07.2025;4Y;OIS;USD;0,03454;SOFR;1D;1Y;;;;1Y;Act360;Act360;;ModifiedFollowing;ModifiedFollowing;;2D
23.07.2025;5Mx11M;FRA;EUR;0,0186;EURIBOR;3M;3M;;;;3M;Act360;Act360;;ModifiedFollowing;ModifiedFollowing;;2D
23.07.2025;9Y;IRS;EUR;0,025115;EURIBOR;3M;3M;;;;1Y;Act360;Act360;;ModifiedFollowing;ModifiedFollowing;;2D
23.07.2025;10M;IRS;EUR;0,0177;EURIBOR;1M;1M;;;;1Y;Act360;Act360;;ModifiedFollowing;ModifiedFollowing;;2D
23.07.2025;12M;DEPOSIT;GBP;0,04185;LIBOR;12M;1Y;;;;1Y;Act360;Act360;;ModifiedFollowing;ModifiedFollowing;;2D
23.07.2025;20Y;IRS;EUR;0,028545;EURIBOR;3M;3M;;;;1Y;Act360;Act360;;ModifiedFollowing;ModifiedFollowing;;2D
23.07.2025;9Mx21M;FRA;EUR;0,01985;EURIBOR;3M;3M;;;;3M;Act360;Act360;;ModifiedFollowing;ModifiedFollowing;;2D
23.07.2025;11M;OIS;GBP;0,03814;SONIA;1D;1Y;;;;1Y;Act360;Act360;;ModifiedFollowing;ModifiedFollowing;;2D
23.07.2025;1Mx4M;FRA;GBP;0,04071;LIBOR;3M;3M;;;;3M;Act360;Act360;;ModifiedFollowing;ModifiedFollowing;;2D
23.07.2025;1Mx13M;FRA;EUR;0,02032;EURIBOR;3M;3M;;;;3M;Act360;Act360;;ModifiedFollowing;ModifiedFollowing;;2D
23.07.2025;6M;DEPOSIT;GBP;0,042;LIBOR;6M;6M;;;;6M;Act360;Act360;;ModifiedFollowing;ModifiedFollowing;;2D
23.07.2025;6Mx9M;FRA;USD;0,04051;LIBOR;3M;3M;;;;3M;Act360;Act360;;ModifiedFollowing;ModifiedFollowing;;2D
23.07.2025;1M;OIS;EUR;0,02007;EONIA;1D;1M;;;;1M;Act360;Act360;;ModifiedFollowing;ModifiedFollowing;;2D
23.07.2025;15Y;IRS;EUR;0,027945;EURIBOR;3M;3M;;;;1Y;Act360;Act360;;ModifiedFollowing;ModifiedFollowing;;2D
23.07.2025;1Y;OIS;GBP;0,03797;SONIA;1D;1Y;;;;1Y;Act360;Act360;;ModifiedFollowing;ModifiedFollowing;;2D
23.07.2025;8M;OIS;EUR;0,01863;EONIA;1D;8M;;;;8M;Act360;Act360;;ModifiedFollowing;ModifiedFollowing;;2D
23.07.2025;9Y;OIS;GBP;0,0403;SONIA;1D;1Y;;;;1Y;Act360;Act360;;ModifiedFollowing;ModifiedFollowing;;2D
23.07.2025;15Y;OIS;EUR;0,02745;EONIA;1D;1Y;;;;1Y;Act360;Act360;;ModifiedFollowing;ModifiedFollowing;;2D
23.07.2025;5Mx11M;FRA;USD;0,04188;LIBOR;3M;3M;;;;3M;Act360;Act360;;ModifiedFollowing;ModifiedFollowing;;2D
23.07.2025;2Mx14M;FRA;EUR;0,02005;EURIBOR;3M;3M;;;;3M;Act360;Act360;;ModifiedFollowing;ModifiedFollowing;;2D
23.07.2025;3Y;OIS;EUR;0,0192;EONIA;1D;1Y;;;;1Y;Act360;Act360;;ModifiedFollowing;ModifiedFollowing;;2D
23.07.2025;5Mx11M;FRA;GBP;0,03909;LIBOR;3M;3M;;;;3M;Act360;Act360;;ModifiedFollowing;ModifiedFollowing;;2D
23.07.2025;40Y;OIS;USD;0,03909;SOFR;1D;1Y;;;;1Y;Act360;Act360;;ModifiedFollowing;ModifiedFollowing;;2D
23.07.2025;3Mx6M;FRA;EUR;0,01851;EURIBOR;3M;3M;;;;3M;Act360;Act360;;ModifiedFollowing;ModifiedFollowing;;2D
23.07.2025;50Y;OIS;USD;0,03776;SOFR;1D;1Y;;;;1Y;Act360;Act360;;ModifiedFollowing;ModifiedFollowing;;2D
23.07.2025;2Mx5M;FRA;EUR;0,01887;EURIBOR;3M;3M;;;;3M;Act360;Act360;;ModifiedFollowing;ModifiedFollowing;;2D
23.07.2025;3M;DEPOSIT;USD;0,04405;LIBOR;3M;3M;;;;3M;Act360;Act360;;ModifiedFollowing;ModifiedFollowing;;2D
23.07.2025;4Mx10M;FRA;GBP;0,0396;LIBOR;3M;3M;;;;3M;Act360;Act360;;ModifiedFollowing;ModifiedFollowing;;2D
23.07.2025;3M;IRS;EUR;0,01871;EURIBOR;1M;1M;;;;1Y;Act360;Act360;;ModifiedFollowing;ModifiedFollowing;;2D
23.07.2025;6M;DEPOSIT;EUR;0,02015;EURIBOR;6M;6M;;;;6M;Act360;Act360;;ModifiedFollowing;ModifiedFollowing;;2D
23.07.2025;11M;OIS;USD;0,03968;SOFR;1D;1Y;;;;1Y;Act360;Act360;;ModifiedFollowing;ModifiedFollowing;;2D
23.07.2025;3M;DEPOSIT;GBP;0,0419;LIBOR;3M;3M;;;;3M;Act360;Act360;;ModifiedFollowing;ModifiedFollowing;;2D
23.07.2025;4Y;OIS;EUR;0,02032;EONIA;1D;1Y;;;;1Y;Act360;Act360;;ModifiedFollowing;ModifiedFollowing;;2D
23.07.2025;2Mx5M;FRA;USD;0,04408;LIBOR;3M;3M;;;;3M;Act360;Act360;;ModifiedFollowing;ModifiedFollowing;;2D
23.07.2025;35Y;OIS;USD;0,03974;SOFR;1D;1Y;;;;1Y;Act360;Act360;;ModifiedFollowing;ModifiedFollowing;;2D
23.07.2025;18M;OIS;USD;0,03683;SOFR;1D;1Y;;;;1Y;Act360;Act360;;ModifiedFollowing;ModifiedFollowing;;2D
23.07.2025;2M;IRS;EUR;0,01896;EURIBOR;1M;1M;;;;1Y;Act360;Act360;;ModifiedFollowing;ModifiedFollowing;;2D
23.07.2025;1Mx4M;FRA;EUR;0,01933;EURIBOR;3M;3M;;;;3M;Act360;Act360;;ModifiedFollowing;ModifiedFollowing;;2D
23.07.2025;25Y;OIS;GBP;0,04599;SONIA;1D;1Y;;;;1Y;Act360;Act360;;ModifiedFollowing;ModifiedFollowing;;2D
23.07.2025;4Mx7M;FRA;EUR;0,01819;EURIBOR;3M;3M;;;;3M;Act360;Act360;;ModifiedFollowing;ModifiedFollowing;;2D
23.07.2025;30Y;OIS;USD;0,0404;SOFR;1D;1Y;;;;1Y;Act360;Act360;;ModifiedFollowing;ModifiedFollowing;;2D
23.07.2025;2Y;OIS;EUR;0,0182;EONIA;1D;1Y;;;;1Y;Act360;Act360;;ModifiedFollowing;ModifiedFollowing;;2D
23.07.2025;20Y;OIS;GBP;0,04541;SONIA;1D;1Y;;;;1Y;Act360;Act360;;ModifiedFollowing;ModifiedFollowing;;2D
23.07.2025;7D;OIS;GBP;0,04219;SONIA;1D;7D;;;;7D;Act360;Act360;;ModifiedFollowing;ModifiedFollowing;;2D
23.07.2025;3Mx9M;FRA;GBP;0,04013;LIBOR;3M;3M;;;;3M;Act360;Act360;;ModifiedFollowing;ModifiedFollowing;;2D
23.07.2025;5Y;IRS;EUR;0,021925;EURIBOR;3M;3M;;;;1Y;Act360;Act360;;ModifiedFollowing;ModifiedFollowing;;2D
23.07.2025;4M;IRS;EUR;0,01855;EURIBOR;1M;1M;;;;1Y;Act360;Act360;;ModifiedFollowing;ModifiedFollowing;;2D
23.07.2025;3Y;IRS;EUR;0,01984;EURIBOR;3M;3M;;;;1Y;Act360;Act360;;ModifiedFollowing;ModifiedFollowing;;2D
23.07.2025;1M;OIS;USD;0,04329;SOFR;1D;1M;;;;1M;Act360;Act360;;ModifiedFollowing;ModifiedFollowing;;2D
23.07.2025;18M;OIS;GBP;0,03686;SONIA;1D;1Y;;;;1Y;Act360;Act360;;ModifiedFollowing;ModifiedFollowing;;2D
23.07.2025;3Y;OIS;USD;0,03455;SOFR;1D;1Y;;;;1Y;Act360;Act360;;ModifiedFollowing;ModifiedFollowing;;2D
23.07.2025;7D;OIS;USD;0,0433;SOFR;1D;7D;;;;7D;Act360;Act360;;ModifiedFollowing;ModifiedFollowing;;2D
23.07.2025;60Y;IRS;EUR;0,02716;EURIBOR;3M;3M;;;;1Y;Act360;Act360;;ModifiedFollowing;ModifiedFollowing;;2D
23.07.2025;5Mx8M;FRA;EUR;0,01789;EURIBOR;3M;3M;;;;3M;Act360;Act360;;ModifiedFollowing;ModifiedFollowing;;2D
23.07.2025;1M;DEPOSIT;GBP;0,0418;LIBOR;1M;1M;;;;1M;Act360;Act360;;ModifiedFollowing;ModifiedFollowing;;2D
23.07.2025;14D;OIS;GBP;0,04221;SONIA;1D;14D;;;;14D;Act360;Act360;;ModifiedFollowing;ModifiedFollowing;;2D
23.07.2025;25Y;OIS;USD;0,04085;SOFR;1D;1Y;;;;1Y;Act360;Act360;;ModifiedFollowing;ModifiedFollowing;;2D
23.07.2025;4Mx10M;FRA;USD;0,04281;LIBOR;3M;3M;;;;3M;Act360;Act360;;ModifiedFollowing;ModifiedFollowing;;2D
23.07.2025;5Y;OIS;EUR;0,021315;EONIA;1D;1Y;;;;1Y;Act360;Act360;;ModifiedFollowing;ModifiedFollowing;;2D
23.07.2025;8Mx20M;FRA;EUR;0,01975;EURIBOR;3M;3M;;;;3M;Act360;Act360;;ModifiedFollowing;ModifiedFollowing;;2D
23.07.2025;6M;OIS;USD;0,04158;SOFR;1D;6M;;;;6M;Act360;Act360;;ModifiedFollowing;ModifiedFollowing;;2D
23.07.2025;6Y;IRS;EUR;0,02285;EURIBOR;3M;3M;;;;1Y;Act360;Act360;;ModifiedFollowing;ModifiedFollowing;;2D
23.07.2025;2Mx8M;FRA;GBP;0,04078;LIBOR;3M;3M;;;;3M;Act360;Act360;;ModifiedFollowing;ModifiedFollowing;;2D
23.07.2025;3M;OIS;USD;0,04283;SOFR;1D;3M;;;;3M;Act360;Act360;;ModifiedFollowing;ModifiedFollowing;;2D
23.07.2025;6Mx9M;FRA;EUR;0,01769;EURIBOR;3M;3M;;;;3M;Act360;Act360;;ModifiedFollowing;ModifiedFollowing;;2D
23.07.2025;1M;OIS;GBP;0,04093;SONIA;1D;1M;;;;1M;Act360;Act360;;ModifiedFollowing;ModifiedFollowing;;2D
23.07.2025;12Y;IRS;EUR;0,02685;EURIBOR;3M;3M;;;;1Y;Act360;Act360;;ModifiedFollowing;ModifiedFollowing;;2D
23.07.2025;20Y;OIS;USD;0,04089;SOFR;1D;1Y;;;;1Y;Act360;Act360;;ModifiedFollowing;ModifiedFollowing;;2D
23.07.2025;6M;OIS;EUR;0,01897;EONIA;1D;6M;;;;6M;Act360;Act360;;ModifiedFollowing;ModifiedFollowing;;2D
23.07.2025;18M;OIS;EUR;0,01794;EONIA;1D;1Y;;;;1Y;Act360;Act360;;ModifiedFollowing;ModifiedFollowing;;2D
23.07.2025;30Y;OIS;GBP;0,04602;SONIA;1D;1Y;;;;1Y;Act360;Act360;;ModifiedFollowing;ModifiedFollowing;;2D
23.07.2025;2M;OIS;GBP;0,0405;SONIA;1D;2M;;;;2M;Act360;Act360;;ModifiedFollowing;ModifiedFollowing;;2D
23.07.2025;1Mx7M;FRA;GBP;0,04141;LIBOR;3M;3M;;;;3M;Act360;Act360;;ModifiedFollowing;ModifiedFollowing;;2D
23.07.2025;1Mx4M;FRA;USD;0,04512;LIBOR;3M;3M;;;;3M;Act360;Act360;;ModifiedFollowing;ModifiedFollowing;;2D
23.07.2025;1Mx7M;FRA;USD;0,04554;LIBOR;3M;3M;;;;3M;Act360;Act360;;ModifiedFollowing;ModifiedFollowing;;2D
23.07.2025;50Y;IRS;EUR;0,02765;EURIBOR;3M;3M;;;;1Y;Act360;Act360;;ModifiedFollowing;ModifiedFollowing;;2D
23.07.2025;5M;IRS;EUR;0,01841;EURIBOR;1M;1M;;;;1Y;Act360;Act360;;ModifiedFollowing;ModifiedFollowing;;2D
23.07.2025;4M;OIS;EUR;0,0194;EONIA;1D;4M;;;;4M;Act360;Act360;;ModifiedFollowing;ModifiedFollowing;;2D
23.07.2025;5M;OIS;USD;0,04199;SOFR;1D;5M;;;;5M;Act360;Act360;;ModifiedFollowing;ModifiedFollowing;;2D
23.07.2025;6Y;OIS;EUR;0,022245;EONIA;1D;1Y;;;;1Y;Act360;Act360;;ModifiedFollowing;ModifiedFollowing;;2D
23.07.2025;3Mx15M;FRA;EUR;0,01986;EURIBOR;3M;3M;;;;3M;Act360;Act360;;ModifiedFollowing;ModifiedFollowing;;2D
23.07.2025;15Y;OIS;USD;0,04001;SOFR;1D;1Y;;;;1Y;Act360;Act360;;ModifiedFollowing;ModifiedFollowing;;2D
23.07.2025;7Mx10M;FRA;EUR;0,01759;EURIBOR;3M;3M;;;;3M;Act360;Act360;;ModifiedFollowing;ModifiedFollowing;;2D
23.07.2025;3Mx6M;FRA;USD;0,04314;LIBOR;3M;3M;;;;3M;Act360;Act360;;ModifiedFollowing;ModifiedFollowing;;2D
23.07.2025;15Y;OIS;GBP;0,04392;SONIA;1D;1Y;;;;1Y;Act360;Act360;;ModifiedFollowing;ModifiedFollowing;;2D
23.07.2025;20Y;OIS;EUR;0,02811;EONIA;1D;1Y;;;;1Y;Act360;Act360;;ModifiedFollowing;ModifiedFollowing;;2D
23.07.2025;3M;OIS;GBP;0,04027;SONIA;1D;3M;;;;3M;Act360;Act360;;ModifiedFollowing;ModifiedFollowing;;2D
23.07.2025;8Mx11M;FRA;GBP;0,03661;LIBOR;3M;3M;;;;3M;Act360;Act360;;ModifiedFollowing;ModifiedFollowing;;2D
23.07.2025;2Y;OIS;USD;0,035542;SOFR;1D;1Y;;;;1Y;Act360;Act360;;ModifiedFollowing;ModifiedFollowing;;2D
23.07.2025;2M;OIS;EUR;0,01994;EONIA;1D;2M;;;;2M;Act360;Act360;;ModifiedFollowing;ModifiedFollowing;;2D
23.07.2025;2Y;OIS;GBP;0,03653;SONIA;1D;1Y;;;;1Y;Act360;Act360;;ModifiedFollowing;ModifiedFollowing;;2D
23.07.2025;3M;OIS;EUR;0,0196;EONIA;1D;3M;;;;3M;Act360;Act360;;ModifiedFollowing;ModifiedFollowing;;2D
23.07.2025;11M;IRS;EUR;0,01762;EURIBOR;1M;1M;;;;1Y;Act360;Act360;;ModifiedFollowing;ModifiedFollowing;;2D
23.07.2025;12Y;OIS;USD;0,03884;SOFR;1D;1Y;;;;1Y;Act360;Act360;;ModifiedFollowing;ModifiedFollowing;;2D
23.07.2025;40Y;OIS;GBP;0,04532;SONIA;1D;1Y;;;;1Y;Act360;Act360;;ModifiedFollowing;ModifiedFollowing;;2D
23.07.2025;1Y;OIS;EUR;0,01816;EONIA;1D;1Y;;;;1Y;Act360;Act360;;ModifiedFollowing;ModifiedFollowing;;2D
23.07.2025;11Mx23M;FRA;EUR;0,02016;EURIBOR;3M;3M;;;;3M;Act360;Act360;;ModifiedFollowing;ModifiedFollowing;;2D
23.07.2025;8Y;IRS;EUR;0,024415;EURIBOR;3M;3M;;;;1Y;Act360;Act360;;ModifiedFollowing;ModifiedFollowing;;2D
23.07.2025;8Mx11M;FRA;EUR;0,01753;EURIBOR;3M;3M;;;;3M;Act360;Act360;;ModifiedFollowing;ModifiedFollowing;;2D
23.07.2025;6M;IRS;EUR;0,01821;EURIBOR;1M;1M;;;;1Y;Act360;Act360;;ModifiedFollowing;ModifiedFollowing;;2D
23.07.2025;7Y;OIS;GBP;0,03879;SONIA;1D;1Y;;;;1Y;Act360;Act360;;ModifiedFollowing;ModifiedFollowing;;2D
23.07.2025;12M;DEPOSIT;USD;0,04345;LIBOR;12M;1Y;;;;1Y;Act360;Act360;;ModifiedFollowing;ModifiedFollowing;;2D
23.07.2025;4M;OIS;GBP;0,03996;SONIA;1D;4M;;;;4M;Act360;Act360;;ModifiedFollowing;ModifiedFollowing;;2D
