{"regularization": 0.0, "timegrid": [0.0, 0.0027861620617599257, 0.0055723241235198515, 0.008358486185279778, 0.011144648247039703, 0.013930810308799628, 0.016716972370559555, 0.01950313443231948, 0.022289296494079406, 0.02507545855583933, 0.027861620617599257, 0.030647782679359182, 0.03343394474111911, 0.036220106802879036, 0.03900626886463896, 0.04179243092639889, 0.04457859298815881, 0.04736475504991874, 0.05015091711167866, 0.05293707917343859, 0.05572324123519851, 0.05850940329695844, 0.061295565358718364, 0.0640817274204783, 0.06686788948223822, 0.06965405154399815, 0.07244021360575807, 0.075226375667518, 0.07801253772927792, 0.08079869979103785, 0.08358486185279777, 0.0863710239145577, 0.08915718597631762, 0.09194334803807755, 0.09472951009983747, 0.0975156721615974, 0.10030183422335733, 0.10308799628511725, 0.10587415834687718, 0.1086603204086371, 0.11144648247039703, 0.11423264453215695, 0.11701880659391688, 0.1198049686556768, 0.12259113071743673, 0.12537729277919665, 0.1281634548409566, 0.1309496169027165, 0.13373577896447644, 0.13652194102623635, 0.1393081030879963, 0.1420942651497562, 0.14488042721151614, 0.14766658927327606, 0.150452751335036, 0.1532389133967959, 0.15602507545855585, 0.15881123752031576, 0.1615973995820757, 0.1643835616438356], "additional_states": [], "hedge_instruments": ["ADS"], "loss": "mean_variance", "transaction_cost": {"ADS": [0]}, "threshold": 0.0}