{"regularization": 10.0, "timegrid": [0.0, 0.00011415525114155251, 0.00022831050228310502, 0.00034246575342465754, 0.00045662100456621003, 0.0005707762557077625, 0.0006849315068493151, 0.0007990867579908676, 0.0009132420091324201, 0.0010273972602739725, 0.001141552511415525, 0.0012557077625570776, 0.0013698630136986301, 0.0014840182648401827, 0.0015981735159817352, 0.0017123287671232876, 0.0018264840182648401, 0.0019406392694063927, 0.002054794520547945, 0.0021689497716894978, 0.00228310502283105, 0.002397260273972603, 0.002511415525114155, 0.002625570776255708, 0.0027397260273972603, 0.0028538812785388126, 0.0029680365296803654, 0.0030821917808219177, 0.0031963470319634705, 0.003310502283105023, 0.003424657534246575, 0.003538812785388128, 0.0036529680365296802, 0.003767123287671233, 0.0038812785388127853, 0.003995433789954338, 0.00410958904109589, 0.004223744292237443, 0.0043378995433789955, 0.004452054794520548, 0.0045662100456621, 0.0046803652968036525, 0.004794520547945206, 0.004908675799086758, 0.00502283105022831, 0.005136986301369863, 0.005251141552511416, 0.005365296803652968, 0.005479452054794521], "additional_states": ["Onshore_FWD0"], "hedge_instruments": ["Power_Germany_FWD0"], "loss": "exponential_utility", "transaction_cost": {}}