{"regularization": 0.0, "timegrid": [0.0, 0.0028341993386868207, 0.005668398677373641, 0.008502598016060462, 0.011336797354747283, 0.014170996693434103, 0.017005196032120924, 0.019839395370807745, 0.022673594709494566, 0.025507794048181386, 0.028341993386868207, 0.031176192725555028, 0.03401039206424185, 0.03684459140292867, 0.03967879074161549, 0.04251299008030231, 0.04534718941898913, 0.048181388757675955, 0.05101558809636277, 0.05384978743504959, 0.056683986773736414, 0.05951818611242324, 0.062352385451110055, 0.06518658478979687, 0.0680207841284837, 0.07085498346717052, 0.07368918280585735, 0.07652338214454416, 0.07935758148323098, 0.0821917808219178], "additional_states": [], "hedge_instruments": ["S1", "S2"], "loss": "mean_variance", "transaction_cost": {"ADS": [0]}, "threshold": 0.0}