{"regularization": 0.0, "timegrid": [0.0, 0.0013930810308799629, 0.0027861620617599257, 0.004179243092639889, 0.0055723241235198515, 0.006965405154399814, 0.008358486185279778, 0.00975156721615974, 0.011144648247039703, 0.012537729277919666, 0.013930810308799628, 0.015323891339679591, 0.016716972370559555, 0.018110053401439518, 0.01950313443231948, 0.020896215463199443, 0.022289296494079406, 0.02368237752495937, 0.02507545855583933, 0.026468539586719294, 0.027861620617599257, 0.02925470164847922, 0.030647782679359182, 0.03204086371023915, 0.03343394474111911, 0.03482702577199907, 0.036220106802879036, 0.037613187833759, 0.03900626886463896, 0.040399349895518924, 0.04179243092639889, 0.04318551195727885, 0.04457859298815881, 0.045971674019038775, 0.04736475504991874, 0.0487578360807987, 0.05015091711167866, 0.051543998142558625, 0.05293707917343859, 0.05433016020431855, 0.05572324123519851, 0.057116322266078476, 0.05850940329695844, 0.0599024843278384, 0.061295565358718364, 0.06268864638959833, 0.0640817274204783, 0.06547480845135825, 0.06686788948223822, 0.06826097051311818, 0.06965405154399815, 0.0710471325748781, 0.07244021360575807, 0.07383329463663803, 0.075226375667518, 0.07661945669839795, 0.07801253772927792, 0.07940561876015788, 0.08079869979103785, 0.0821917808219178], "additional_states": [], "hedge_instruments": ["ADS"], "loss": "mean_variance", "transaction_cost": {"ADS": [0]}, "threshold": 0.0}